Identity,Type,Source,Source Owner,Account Name,Entitlement Name,Display Name,Description,Decision Comments,Status,Recipient,Requester,Completed,Comments
Vera Oshyna (427789),Entitlement,Database Access Review,Peter Fictum (100254),dc1\voshyna,Entitlement,"Server: P3PWPSQL02, Database: GoDaddy, DB Role: db_ddladmin, Status: Enabled","Server: P3PWPSQL02, Database: GoDaddy, DB Role: db_ddladmin, Status: Enabled",,Finished,Peter Fictum (100254),Hemanth Kumar Guntupalli (419032),"2/19/26, 12:06 AM",
N1_q55F823628CCA4D N1_q55F823628CCA4D (N1_q55F823628CCA4D),Entitlement,Database Access Review,Peter Fictum (100254),n1_q55f823628cca4d,Entitlement,"Server: P3PWDREVSQL01, Database: deferredRevenue_2006, DB Role: db_datawriter, Status: Enabled","Server: P3PWDREVSQL01, Database: deferredRevenue_2006, DB Role: db_datawriter, Status: Enabled",,Open,Peter Fictum (100254),Peter Fictum (100254),,
e8D61E915F63F4B e8D61E915F63F4B (e8D61E915F63F4B),Entitlement,Database Access Review,Peter Fictum (100254),e8d61e915f63f4b,Entitlement,"Server: P3PWDREVSQL01, Database: deferredRevenue_2016, DB Role: db_datawriter, Status: Enabled","Server: P3PWDREVSQL01, Database: deferredRevenue_2016, DB Role: db_datawriter, Status: Enabled",,Open,Peter Fictum (100254),Peter Fictum (100254),,
gD5395C31EB8348 gD5395C31EB8348 (gD5395C31EB8348),Entitlement,Database Access Review,Peter Fictum (100254),gd5395c31eb8348,Entitlement,"Server: P3PWBIGRPTSQL03, Database: Server Level Permission, DB Role: sysadmin, Status: Enabled","Server: P3PWBIGRPTSQL03, Database: Server Level Permission, DB Role: sysadmin, Status: Enabled",,Finished,Peter Fictum (100254),Peter Fictum (100254),"2/27/26, 9:03 PM",
goon_01hzg5v5ftkcf3bvc4gzrgwn9d goon_01hzg5v5ftkcf3bvc4gzrgwn9d (goon_01hzg5v5ftkcf3bvc4gzrgwn9d),Entitlement,Database Access Review,Peter Fictum (100254),goon_01hzg5v5ftkcf3bvc4gzrgwn9d,Entitlement,"Server: A2PWPSQL01, Database: gdMasterPromo, DB Role: db_datawriter, Status: Enabled","Server: A2PWPSQL01, Database: gdMasterPromo, DB Role: db_datawriter, Status: Enabled",Certification Items Revoked By Rachit Tanwar,Open,Peter Fictum (100254),Rachit Tanwar (440439),,
goon_01j1tq5qz035qxrd2h2vyyweza goon_01j1tq5qz035qxrd2h2vyyweza (goon_01j1tq5qz035qxrd2h2vyyweza),Entitlement,Database Access Review,Peter Fictum (100254),goon_01j1tq5qz035qxrd2h2vyyweza,Entitlement,"Server: P3PWPSQL02, Database: gdMasterPromo, DB Role: db_datawriter, Status: Enabled","Server: P3PWPSQL02, Database: gdMasterPromo, DB Role: db_datawriter, Status: Enabled",Certification Items Revoked By Rachit Tanwar,Open,Peter Fictum (100254),Rachit Tanwar (440439),,
oE342dxg23R8 oE342dxg23R8 (oE342dxg23R8),Entitlement,Database Access Review,Peter Fictum (100254),oe342dxg23r8,Entitlement,"Server: P3PWBIGRPTSQL03, Database: Server Level Permission, DB Role: sysadmin, Status: Enabled","Server: P3PWBIGRPTSQL03, Database: Server Level Permission, DB Role: sysadmin, Status: Enabled",,Finished,Peter Fictum (100254),Peter Fictum (100254),"2/27/26, 9:03 PM",
a8HN9Xm7HY6OWEa a8HN9Xm7HY6OWEa (a8HN9Xm7HY6OWEa),Entitlement,Database Access Review,Peter Fictum (100254),a8hn9xm7hy6owea,Entitlement,"Server: P3PWDREVSQL01, Database: deferredRevenue_2020, DB Role: db_datawriter, Status: Enabled","Server: P3PWDREVSQL01, Database: deferredRevenue_2020, DB Role: db_datawriter, Status: Enabled",,Open,Peter Fictum (100254),Peter Fictum (100254),,
r39EF07C3E73C42 r39EF07C3E73C42 (r39EF07C3E73C42),Entitlement,Database Access Review,Peter Fictum (100254),r39ef07c3e73c42,Entitlement,"Server: P3PWDREVSQL01, Database: deferredRevenue_2021, DB Role: db_datawriter, Status: Enabled","Server: P3PWDREVSQL01, Database: deferredRevenue_2021, DB Role: db_datawriter, Status: Enabled",,Open,Peter Fictum (100254),Peter Fictum (100254),,
t41E987C0443D47 t41E987C0443D47 (t41E987C0443D47),Entitlement,Database Access Review,Peter Fictum (100254),t41e987c0443d47,Entitlement,"Server: P3PWPCISQL02, Database: Server Level Permission, DB Role: sysadmin, Status: Enabled","Server: P3PWPCISQL02, Database: Server Level Permission, DB Role: sysadmin, Status: Enabled",,Open,Peter Fictum (100254),Peter Fictum (100254),,
a8HN9Xm7HY6OWEa a8HN9Xm7HY6OWEa (a8HN9Xm7HY6OWEa),Entitlement,Database Access Review,Peter Fictum (100254),a8hn9xm7hy6owea,Entitlement,"Server: A2PWDREVSQL02, Database: deferredRevenue_2018, DB Role: db_datawriter, Status: Enabled","Server: A2PWDREVSQL02, Database: deferredRevenue_2018, DB Role: db_datawriter, Status: Enabled",,Open,Peter Fictum (100254),Peter Fictum (100254),,
N2_e9C7A90E3DB8448 N2_e9C7A90E3DB8448 (N2_e9C7A90E3DB8448),Entitlement,Database Access Review,Peter Fictum (100254),n2_e9c7a90e3db8448,Entitlement,"Server: P3PWDREVSQL01, Database: deferredRevenue_2017, DB Role: db_datawriter, Status: Enabled","Server: P3PWDREVSQL01, Database: deferredRevenue_2017, DB Role: db_datawriter, Status: Enabled",,Open,Peter Fictum (100254),Peter Fictum (100254),,
wF5643C298B5E41 wF5643C298B5E41 (wF5643C298B5E41),Entitlement,Database Access Review,Peter Fictum (100254),wf5643c298b5e41,Entitlement,"Server: P3PWDREVSQL01, Database: eCommAccounting, DB Role: db_datawriter, Status: Enabled","Server: P3PWDREVSQL01, Database: eCommAccounting, DB Role: db_datawriter, Status: Enabled",,Open,Peter Fictum (100254),Peter Fictum (100254),,
nMo0jUb56543Csa nMo0jUb56543Csa (nMo0jUb56543Csa),Entitlement,Database Access Review,Peter Fictum (100254),nmo0jub56543csa,Entitlement,"Server: P3PWPSQL02, Database: GoDaddy, DB Role: db_datawriter, Status: Enabled","Server: P3PWPSQL02, Database: GoDaddy, DB Role: db_datawriter, Status: Enabled",Certification Items Revoked By Rachit Tanwar,Open,Peter Fictum (100254),Rachit Tanwar (440439),,
aE472DC38352F24 aE472DC38352F24 (aE472DC38352F24),Entitlement,Database Access Review,Peter Fictum (100254),ae472dc38352f24,Entitlement,"Server: P3PWFKSQL02, Database: Server Level Permission, DB Role: sysadmin, Status: Enabled","Server: P3PWFKSQL02, Database: Server Level Permission, DB Role: sysadmin, Status: Enabled",,Open,Peter Fictum (100254),Peter Fictum (100254),,
goon_01j0trnjagv51zwg5bwdky8pan goon_01j0trnjagv51zwg5bwdky8pan (goon_01j0trnjagv51zwg5bwdky8pan),Entitlement,Database Access Review,Peter Fictum (100254),goon_01j0trnjagv51zwg5bwdky8pan,Entitlement,"Server: P3PWPSQL02, Database: godaddyCPL, DB Role: db_datawriter, Status: Enabled","Server: P3PWPSQL02, Database: godaddyCPL, DB Role: db_datawriter, Status: Enabled",Certification Items Revoked By Rachit Tanwar,Open,Peter Fictum (100254),Rachit Tanwar (440439),,
nMo0jUb56543Csa nMo0jUb56543Csa (nMo0jUb56543Csa),Entitlement,Database Access Review,Peter Fictum (100254),nmo0jub56543csa,Entitlement,"Server: A2PWPSQL01, Database: gdMasterPromo, DB Role: db_datawriter, Status: Enabled","Server: A2PWPSQL01, Database: gdMasterPromo, DB Role: db_datawriter, Status: Enabled",Certification Items Revoked By Rachit Tanwar,Open,Peter Fictum (100254),Rachit Tanwar (440439),,
CHba4ITBZSjR0Aw CHba4ITBZSjR0Aw (CHba4ITBZSjR0Aw),Entitlement,Database Access Review,Peter Fictum (100254),chba4itbzsjr0aw,Entitlement,"Server: P3PWDREVSQL01, Database: deferredRevenue_2020, DB Role: db_datawriter, Status: Enabled","Server: P3PWDREVSQL01, Database: deferredRevenue_2020, DB Role: db_datawriter, Status: Enabled",,Open,Peter Fictum (100254),Peter Fictum (100254),,
goon_01j1d6ks6wbrawe1gmpcthaqg1 goon_01j1d6ks6wbrawe1gmpcthaqg1 (goon_01j1d6ks6wbrawe1gmpcthaqg1),Entitlement,Database Access Review,Peter Fictum (100254),goon_01j1d6ks6wbrawe1gmpcthaqg1,Entitlement,"Server: A2PWPSQL01, Database: gdMasterPromo, DB Role: db_datawriter, Status: Enabled","Server: A2PWPSQL01, Database: gdMasterPromo, DB Role: db_datawriter, Status: Enabled",,Open,Peter Fictum (100254),Peter Fictum (100254),,
Qiong Wu (412584),Entitlement,Database Access Review,Peter Fictum (100254),dc1\qwu,Entitlement,"Server: A2PWDREVSQL02, Database: godaddyBilling, DB Role: db_owner, Status: Enabled","Server: A2PWDREVSQL02, Database: godaddyBilling, DB Role: db_owner, Status: Enabled",,Open,Peter Fictum (100254),Bryan Focht (202136),,
a8HN9Xm7HY6OWEa a8HN9Xm7HY6OWEa (a8HN9Xm7HY6OWEa),Entitlement,Database Access Review,Peter Fictum (100254),a8hn9xm7hy6owea,Entitlement,"Server: A2PWDREVSQL02, Database: deferredRevenue_2015, DB Role: db_datawriter, Status: Enabled","Server: A2PWDREVSQL02, Database: deferredRevenue_2015, DB Role: db_datawriter, Status: Enabled",,Open,Peter Fictum (100254),Peter Fictum (100254),,
a8HN9Xm7HY6OWEa a8HN9Xm7HY6OWEa (a8HN9Xm7HY6OWEa),Entitlement,Database Access Review,Peter Fictum (100254),a8hn9xm7hy6owea,Entitlement,"Server: A2PWDREVSQL02, Database: deferredRevenue, DB Role: db_datawriter, Status: Enabled","Server: A2PWDREVSQL02, Database: deferredRevenue, DB Role: db_datawriter, Status: Enabled",,Open,Peter Fictum (100254),Peter Fictum (100254),,
goon_01j0trnjagv51zwg5bwdky8pan goon_01j0trnjagv51zwg5bwdky8pan (goon_01j0trnjagv51zwg5bwdky8pan),Entitlement,Database Access Review,Peter Fictum (100254),goon_01j0trnjagv51zwg5bwdky8pan,Entitlement,"Server: P3PWPSQL02, Database: SSL, DB Role: db_datawriter, Status: Enabled","Server: P3PWPSQL02, Database: SSL, DB Role: db_datawriter, Status: Enabled",Certification Items Revoked By Rachit Tanwar,Open,Peter Fictum (100254),Rachit Tanwar (440439),,
dc1\msvc_q5k88m1dcb$ dc1\msvc_q5k88m1dcb$ (dc1\msvc_q5k88m1dcb$),Entitlement,Database Access Review,Peter Fictum (100254),dc1\msvc_q5k88m1dcb$,Entitlement,"Server: A2PWDREVSQL02, Database: deferredRevenue_2024, DB Role: db_datawriter, Status: Enabled","Server: A2PWDREVSQL02, Database: deferredRevenue_2024, DB Role: db_datawriter, Status: Enabled",Certification Items Revoked By Rachit Tanwar,Open,Peter Fictum (100254),Rachit Tanwar (440439),,
Qiong Wu (412584),Entitlement,Database Access Review,Peter Fictum (100254),dc1\qwu,Entitlement,"Server: A2PWDREVSQL02, Database: eCommAccounting, DB Role: db_owner, Status: Enabled","Server: A2PWDREVSQL02, Database: eCommAccounting, DB Role: db_owner, Status: Enabled",,Open,Peter Fictum (100254),Bryan Focht (202136),,
Jacob Brooks (403672),Entitlement,Database Access Review,Peter Fictum (100254),dc1\jbrooks2,Entitlement,"Server: A2PWPSQL01, Database: GoDaddy, DB Role: db_datawriter, Status: Enabled, Via AD Group: platapi","Server: A2PWPSQL01, Database: GoDaddy, DB Role: db_datawriter, Status: Enabled, Via AD Group: platapi",Certification Items Revoked By Rachit Tanwar,Finished,Peter Fictum (100254),Rachit Tanwar (440439),"2/23/26, 5:05 PM",
N1_q55F823628CCA4D N1_q55F823628CCA4D (N1_q55F823628CCA4D),Entitlement,Database Access Review,Peter Fictum (100254),n1_q55f823628cca4d,Entitlement,"Server: P3PWDREVSQL01, Database: deferredRevenue_2019, DB Role: db_datawriter, Status: Enabled","Server: P3PWDREVSQL01, Database: deferredRevenue_2019, DB Role: db_datawriter, Status: Enabled",,Open,Peter Fictum (100254),Peter Fictum (100254),,
goon_01j1trtjmdjgs87htfpp485dbs goon_01j1trtjmdjgs87htfpp485dbs (goon_01j1trtjmdjgs87htfpp485dbs),Entitlement,Database Access Review,Peter Fictum (100254),goon_01j1trtjmdjgs87htfpp485dbs,Entitlement,"Server: A2PWPSQL01, Database: gdMasterPromo, DB Role: db_datawriter, Status: Enabled","Server: A2PWPSQL01, Database: gdMasterPromo, DB Role: db_datawriter, Status: Enabled",Certification Items Revoked By Rachit Tanwar,Open,Peter Fictum (100254),Rachit Tanwar (440439),,
Ex9ajxlEd2Rsx4e Ex9ajxlEd2Rsx4e (Ex9ajxlEd2Rsx4e),Entitlement,Database Access Review,Peter Fictum (100254),ex9ajxled2rsx4e,Entitlement,"Server: P3PWDREVSQL01, Database: deferredRevenue_2025, DB Role: db_datawriter, Status: Enabled","Server: P3PWDREVSQL01, Database: deferredRevenue_2025, DB Role: db_datawriter, Status: Enabled",,Open,Peter Fictum (100254),Peter Fictum (100254),,
CHba4ITBZSjR0Aw CHba4ITBZSjR0Aw (CHba4ITBZSjR0Aw),Entitlement,Database Access Review,Peter Fictum (100254),chba4itbzsjr0aw,Entitlement,"Server: P3PWDREVSQL01, Database: deferredRevenue_2009, DB Role: db_datawriter, Status: Enabled","Server: P3PWDREVSQL01, Database: deferredRevenue_2009, DB Role: db_datawriter, Status: Enabled",,Open,Peter Fictum (100254),Peter Fictum (100254),,
g6f789iuhy676g6 g6f789iuhy676g6 (g6f789iuhy676g6),Entitlement,Database Access Review,Peter Fictum (100254),g6f789iuhy676g6,Entitlement,"Server: P3PWBIGRPTSQL03, Database: godaddyAccounting, DB Role: db_datawriter, Status: Enabled","Server: P3PWBIGRPTSQL03, Database: godaddyAccounting, DB Role: db_datawriter, Status: Enabled",,Finished,Peter Fictum (100254),Peter Fictum (100254),"2/27/26, 9:03 PM",
a8HN9Xm7HY6OWEa a8HN9Xm7HY6OWEa (a8HN9Xm7HY6OWEa),Entitlement,Database Access Review,Peter Fictum (100254),a8hn9xm7hy6owea,Entitlement,"Server: A2PWDREVSQL02, Database: deferredRevenue_2019, DB Role: db_datawriter, Status: Enabled","Server: A2PWDREVSQL02, Database: deferredRevenue_2019, DB Role: db_datawriter, Status: Enabled",,Open,Peter Fictum (100254),Peter Fictum (100254),,
goon_01j0v4sm3snbfdmfxsqcntkpnm goon_01j0v4sm3snbfdmfxsqcntkpnm (goon_01j0v4sm3snbfdmfxsqcntkpnm),Entitlement,Database Access Review,Peter Fictum (100254),goon_01j0v4sm3snbfdmfxsqcntkpnm,Entitlement,"Server: A2PWPSQL01, Database: GoDaddyCPL, DB Role: db_datawriter, Status: Enabled","Server: A2PWPSQL01, Database: GoDaddyCPL, DB Role: db_datawriter, Status: Enabled",,Open,Peter Fictum (100254),Nandakumar Babu (208300),,
CHba4ITBZSjR0Aw CHba4ITBZSjR0Aw (CHba4ITBZSjR0Aw),Entitlement,Database Access Review,Peter Fictum (100254),chba4itbzsjr0aw,Entitlement,"Server: P3PWDREVSQL01, Database: deferredRevenue_2017, DB Role: db_datawriter, Status: Enabled","Server: P3PWDREVSQL01, Database: deferredRevenue_2017, DB Role: db_datawriter, Status: Enabled",,Open,Peter Fictum (100254),Peter Fictum (100254),,
e8D61E915F63F4B e8D61E915F63F4B (e8D61E915F63F4B),Entitlement,Database Access Review,Peter Fictum (100254),e8d61e915f63f4b,Entitlement,"Server: P3PWDREVSQL01, Database: deferredRevenue_2014, DB Role: db_datawriter, Status: Enabled","Server: P3PWDREVSQL01, Database: deferredRevenue_2014, DB Role: db_datawriter, Status: Enabled",,Open,Peter Fictum (100254),Peter Fictum (100254),,
Qiong Wu (412584),Entitlement,Database Access Review,Peter Fictum (100254),dc1\qwu,Entitlement,"Server: A2PWDREVSQL02, Database: GoDaddy, DB Role: db_owner, Status: Enabled","Server: A2PWDREVSQL02, Database: GoDaddy, DB Role: db_owner, Status: Enabled",,Open,Peter Fictum (100254),Bryan Focht (202136),,
e8D61E915F63F4B e8D61E915F63F4B (e8D61E915F63F4B),Entitlement,Database Access Review,Peter Fictum (100254),e8d61e915f63f4b,Entitlement,"Server: P3PWDREVSQL01, Database: deferredRevenue_2025, DB Role: db_datawriter, Status: Enabled","Server: P3PWDREVSQL01, Database: deferredRevenue_2025, DB Role: db_datawriter, Status: Enabled",,Open,Peter Fictum (100254),Peter Fictum (100254),,
DTm50vzYP5QHWky DTm50vzYP5QHWky (DTm50vzYP5QHWky),Entitlement,Database Access Review,Peter Fictum (100254),dtm50vzyp5qhwky,Entitlement,"Server: A2PWPCISQL01, Database: Server Level Permission, DB Role: sysadmin, Status: Enabled","Server: A2PWPCISQL01, Database: Server Level Permission, DB Role: sysadmin, Status: Enabled",,Open,Peter Fictum (100254),Peter Fictum (100254),,
r8343E24A54A342 r8343E24A54A342 (r8343E24A54A342),Entitlement,Database Access Review,Peter Fictum (100254),r8343e24a54a342,Entitlement,"Server: A2PWPCISQL01, Database: goDaddyBasket, DB Role: db_datawriter, Status: Enabled","Server: A2PWPCISQL01, Database: goDaddyBasket, DB Role: db_datawriter, Status: Enabled",,Open,Peter Fictum (100254),Peter Fictum (100254),,
e8D61E915F63F4B e8D61E915F63F4B (e8D61E915F63F4B),Entitlement,Database Access Review,Peter Fictum (100254),e8d61e915f63f4b,Entitlement,"Server: P3PWDREVSQL01, Database: deferredRevenue, DB Role: db_datawriter, Status: Enabled","Server: P3PWDREVSQL01, Database: deferredRevenue, DB Role: db_datawriter, Status: Enabled",,Open,Peter Fictum (100254),Peter Fictum (100254),,
r39EF07C3E73C42 r39EF07C3E73C42 (r39EF07C3E73C42),Entitlement,Database Access Review,Peter Fictum (100254),r39ef07c3e73c42,Entitlement,"Server: P3PWDREVSQL01, Database: deferredRevenue_2009, DB Role: db_datawriter, Status: Enabled","Server: P3PWDREVSQL01, Database: deferredRevenue_2009, DB Role: db_datawriter, Status: Enabled",,Open,Peter Fictum (100254),Peter Fictum (100254),,
N2_e9C7A90E3DB8448 N2_e9C7A90E3DB8448 (N2_e9C7A90E3DB8448),Entitlement,Database Access Review,Peter Fictum (100254),n2_e9c7a90e3db8448,Entitlement,"Server: P3PWDREVSQL01, Database: deferredRevenue_2010, DB Role: db_datawriter, Status: Enabled","Server: P3PWDREVSQL01, Database: deferredRevenue_2010, DB Role: db_datawriter, Status: Enabled",,Open,Peter Fictum (100254),Peter Fictum (100254),,
g499A69A4AB5441 g499A69A4AB5441 (g499A69A4AB5441),Entitlement,Database Access Review,Peter Fictum (100254),g499a69a4ab5441,Entitlement,"Server: A2PWDREVSQL02, Database: eCommAccounting, DB Role: db_owner, Status: Enabled","Server: A2PWDREVSQL02, Database: eCommAccounting, DB Role: db_owner, Status: Enabled",,Open,Peter Fictum (100254),Peter Fictum (100254),,
Joseph Hanes (406815),Entitlement,Database Access Review,Peter Fictum (100254),dc1\jhanes,Entitlement,"Server: P3PWBIGRPTSQL03, Database: msdb, DB Role: db_ssisadmin, Status: Enabled","Server: P3PWBIGRPTSQL03, Database: msdb, DB Role: db_ssisadmin, Status: Enabled",Certification Items Revoked By Rachit Tanwar,Finished,Peter Fictum (100254),Rachit Tanwar (440439),"2/27/26, 9:03 PM",
k103ACDA54EE341 k103ACDA54EE341 (k103ACDA54EE341),Entitlement,Database Access Review,Peter Fictum (100254),k103acda54ee341,Entitlement,"Server: P3PWBIGRPTSQL04, Database: Server Level Permission, DB Role: dbcreator, Status: Enabled","Server: P3PWBIGRPTSQL04, Database: Server Level Permission, DB Role: dbcreator, Status: Enabled",,Finished,Peter Fictum (100254),Peter Fictum (100254),"2/27/26, 9:03 PM",
CHba4ITBZSjR0Aw CHba4ITBZSjR0Aw (CHba4ITBZSjR0Aw),Entitlement,Database Access Review,Peter Fictum (100254),chba4itbzsjr0aw,Entitlement,"Server: P3PWDREVSQL01, Database: deferredRevenue_xxxx, DB Role: db_datawriter, Status: Enabled","Server: P3PWDREVSQL01, Database: deferredRevenue_xxxx, DB Role: db_datawriter, Status: Enabled",,Open,Peter Fictum (100254),Peter Fictum (100254),,
goon_01j1tq5p8ey1vw4r5v2d3wx4cr goon_01j1tq5p8ey1vw4r5v2d3wx4cr (goon_01j1tq5p8ey1vw4r5v2d3wx4cr),Entitlement,Database Access Review,Peter Fictum (100254),goon_01j1tq5p8ey1vw4r5v2d3wx4cr,Entitlement,"Server: A2PWPSQL01, Database: SSL, DB Role: db_datawriter, Status: Enabled","Server: A2PWPSQL01, Database: SSL, DB Role: db_datawriter, Status: Enabled",Certification Items Revoked By Rachit Tanwar,Open,Peter Fictum (100254),Rachit Tanwar (440439),,
DC1\02d414pd4uaaA DC1\02d414pd4uaaA (DC1\02d414pd4uaaA),Entitlement,Database Access Review,Peter Fictum (100254),dc1\02d414pd4uaaa,Entitlement,"Server: P3PWACTSQL03, Database: acctProjects, DB Role: db_owner, Status: Enabled","Server: P3PWACTSQL03, Database: acctProjects, DB Role: db_owner, Status: Enabled",Refer to RITM2878181 for MSSQL Removal ticket.,Finished,Peter Fictum (100254),Brittany Randall (200303),"2/27/26, 9:03 PM",
goon_01j1d6ks6wbrawe1gmpcthaqg1 goon_01j1d6ks6wbrawe1gmpcthaqg1 (goon_01j1d6ks6wbrawe1gmpcthaqg1),Entitlement,Database Access Review,Peter Fictum (100254),goon_01j1d6ks6wbrawe1gmpcthaqg1,Entitlement,"Server: P3PWPSQL02, Database: gdMasterCatalog, DB Role: db_datawriter, Status: Enabled","Server: P3PWPSQL02, Database: gdMasterCatalog, DB Role: db_datawriter, Status: Enabled",,Open,Peter Fictum (100254),Peter Fictum (100254),,
goon_01j1trt98wnqskxskyq7fek4wd goon_01j1trt98wnqskxskyq7fek4wd (goon_01j1trt98wnqskxskyq7fek4wd),Entitlement,Database Access Review,Peter Fictum (100254),goon_01j1trt98wnqskxskyq7fek4wd,Entitlement,"Server: P3PWPSQL02, Database: gdMasterCatalog, DB Role: db_datawriter, Status: Enabled","Server: P3PWPSQL02, Database: gdMasterCatalog, DB Role: db_datawriter, Status: Enabled",Certification Items Revoked By Rachit Tanwar,Open,Peter Fictum (100254),Rachit Tanwar (440439),,
e8D61E915F63F4B e8D61E915F63F4B (e8D61E915F63F4B),Entitlement,Database Access Review,Peter Fictum (100254),e8d61e915f63f4b,Entitlement,"Server: P3PWDREVSQL01, Database: deferredRevenue_2023, DB Role: db_datawriter, Status: Enabled","Server: P3PWDREVSQL01, Database: deferredRevenue_2023, DB Role: db_datawriter, Status: Enabled",,Open,Peter Fictum (100254),Peter Fictum (100254),,
Ex9ajxlEd2Rsx4e Ex9ajxlEd2Rsx4e (Ex9ajxlEd2Rsx4e),Entitlement,Database Access Review,Peter Fictum (100254),ex9ajxled2rsx4e,Entitlement,"Server: P3PWDREVSQL01, Database: deferredRevenue, DB Role: db_datawriter, Status: Enabled","Server: P3PWDREVSQL01, Database: deferredRevenue, DB Role: db_datawriter, Status: Enabled",,Open,Peter Fictum (100254),Peter Fictum (100254),,
goon_01j1fpanf692rtz7k14a73mdpr goon_01j1fpanf692rtz7k14a73mdpr (goon_01j1fpanf692rtz7k14a73mdpr),Entitlement,Database Access Review,Peter Fictum (100254),goon_01j1fpanf692rtz7k14a73mdpr,Entitlement,"Server: P3PWPSQL02, Database: gdInterCompanyReceipt, DB Role: db_datawriter, Status: Enabled","Server: P3PWPSQL02, Database: gdInterCompanyReceipt, DB Role: db_datawriter, Status: Enabled",Certification Items Revoked By Rachit Tanwar,Open,Peter Fictum (100254),Rachit Tanwar (440439),,
dc1\msvc_zk0kjlavk8$ dc1\msvc_zk0kjlavk8$ (dc1\msvc_zk0kjlavk8$),Entitlement,Database Access Review,Peter Fictum (100254),dc1\msvc_zk0kjlavk8$,Entitlement,"Server: P3PWPSQL02, Database: godaddyBilling, DB Role: db_datawriter, Status: Enabled","Server: P3PWPSQL02, Database: godaddyBilling, DB Role: db_datawriter, Status: Enabled",Certification Items Revoked By Rachit Tanwar,Open,Peter Fictum (100254),Rachit Tanwar (440439),,
Kashish Dhawan (439978),Entitlement,Database Access Review,Peter Fictum (100254),dc1\kdhawan,Entitlement,"Server: A2PWPSQL01, Database: GoDaddy, DB Role: db_ddladmin, Status: Enabled","Server: A2PWPSQL01, Database: GoDaddy, DB Role: db_ddladmin, Status: Enabled",Certification Items Revoked By Rachit Tanwar,Open,Peter Fictum (100254),Rachit Tanwar (440439),,
g499A69A4AB5441 g499A69A4AB5441 (g499A69A4AB5441),Entitlement,Database Access Review,Peter Fictum (100254),g499a69a4ab5441,Entitlement,"Server: P3PWDREVSQL01, Database: deferredRevenue_2008, DB Role: db_owner, Status: Enabled","Server: P3PWDREVSQL01, Database: deferredRevenue_2008, DB Role: db_owner, Status: Enabled",,Open,Peter Fictum (100254),Peter Fictum (100254),,
N1_q55F823628CCA4D N1_q55F823628CCA4D (N1_q55F823628CCA4D),Entitlement,Database Access Review,Peter Fictum (100254),n1_q55f823628cca4d,Entitlement,"Server: A2PWDREVSQL02, Database: deferredRevenue_2016, DB Role: db_datawriter, Status: Enabled","Server: A2PWDREVSQL02, Database: deferredRevenue_2016, DB Role: db_datawriter, Status: Enabled",,Open,Peter Fictum (100254),Peter Fictum (100254),,
CHba4ITBZSjR0Aw CHba4ITBZSjR0Aw (CHba4ITBZSjR0Aw),Entitlement,Database Access Review,Peter Fictum (100254),chba4itbzsjr0aw,Entitlement,"Server: P3PWDREVSQL01, Database: deferredRevenue_2018, DB Role: db_datawriter, Status: Enabled","Server: P3PWDREVSQL01, Database: deferredRevenue_2018, DB Role: db_datawriter, Status: Enabled",,Open,Peter Fictum (100254),Peter Fictum (100254),,
GoDaddyCustomer GoDaddyCustomer (GoDaddyCustomer),Entitlement,Database Access Review,Peter Fictum (100254),godaddycustomer,Entitlement,"Server: A2PWPCISQL01, Database: Server Level Permission, DB Role: sysadmin, Status: Enabled","Server: A2PWPCISQL01, Database: Server Level Permission, DB Role: sysadmin, Status: Enabled",,Open,Peter Fictum (100254),Peter Fictum (100254),,
goon_01j1fpanf692rtz7k14a73mdpr goon_01j1fpanf692rtz7k14a73mdpr (goon_01j1fpanf692rtz7k14a73mdpr),Entitlement,Database Access Review,Peter Fictum (100254),goon_01j1fpanf692rtz7k14a73mdpr,Entitlement,"Server: A2PWPSQL01, Database: GoDaddyCPL, DB Role: db_datawriter, Status: Enabled","Server: A2PWPSQL01, Database: GoDaddyCPL, DB Role: db_datawriter, Status: Enabled",Certification Items Revoked By Rachit Tanwar,Open,Peter Fictum (100254),Rachit Tanwar (440439),,
wF5643C298B5E41 wF5643C298B5E41 (wF5643C298B5E41),Entitlement,Database Access Review,Peter Fictum (100254),wf5643c298b5e41,Entitlement,"Server: A2PWDREVSQL02, Database: eCommAccounting, DB Role: db_datawriter, Status: Enabled","Server: A2PWDREVSQL02, Database: eCommAccounting, DB Role: db_datawriter, Status: Enabled",,Open,Peter Fictum (100254),Peter Fictum (100254),,
dc1\msvc_q5k88m1dcb$ dc1\msvc_q5k88m1dcb$ (dc1\msvc_q5k88m1dcb$),Entitlement,Database Access Review,Peter Fictum (100254),dc1\msvc_q5k88m1dcb$,Entitlement,"Server: A2PWDREVSQL02, Database: deferredRevenue_2007, DB Role: db_datawriter, Status: Enabled","Server: A2PWDREVSQL02, Database: deferredRevenue_2007, DB Role: db_datawriter, Status: Enabled",Certification Items Revoked By Rachit Tanwar,Open,Peter Fictum (100254),Rachit Tanwar (440439),,
goon_01j0v4sm3snbfdmfxsqcntkpnm goon_01j0v4sm3snbfdmfxsqcntkpnm (goon_01j0v4sm3snbfdmfxsqcntkpnm),Entitlement,Database Access Review,Peter Fictum (100254),goon_01j0v4sm3snbfdmfxsqcntkpnm,Entitlement,"Server: P3PWPSQL02, Database: merchantAccounts, DB Role: db_datawriter, Status: Enabled","Server: P3PWPSQL02, Database: merchantAccounts, DB Role: db_datawriter, Status: Enabled",,Open,Peter Fictum (100254),Nandakumar Babu (208300),,
goon_01j0trnjagv51zwg5bwdky8pan goon_01j0trnjagv51zwg5bwdky8pan (goon_01j0trnjagv51zwg5bwdky8pan),Entitlement,Database Access Review,Peter Fictum (100254),goon_01j0trnjagv51zwg5bwdky8pan,Entitlement,"Server: A2PWPSQL01, Database: SSL, DB Role: db_datawriter, Status: Enabled","Server: A2PWPSQL01, Database: SSL, DB Role: db_datawriter, Status: Enabled",Certification Items Revoked By Rachit Tanwar,Open,Peter Fictum (100254),Rachit Tanwar (440439),,
s1AC21C0EC3D257 s1AC21C0EC3D257 (s1AC21C0EC3D257),Entitlement,Database Access Review,Peter Fictum (100254),s1ac21c0ec3d257,Entitlement,"Server: A2PWFKSQL01, Database: Server Level Permission, DB Role: sysadmin, Status: Enabled","Server: A2PWFKSQL01, Database: Server Level Permission, DB Role: sysadmin, Status: Enabled",,Open,Peter Fictum (100254),Peter Fictum (100254),,
a8HN9Xm7HY6OWEa a8HN9Xm7HY6OWEa (a8HN9Xm7HY6OWEa),Entitlement,Database Access Review,Peter Fictum (100254),a8hn9xm7hy6owea,Entitlement,"Server: A2PWDREVSQL02, Database: deferredRevenue_2020, DB Role: db_datawriter, Status: Enabled","Server: A2PWDREVSQL02, Database: deferredRevenue_2020, DB Role: db_datawriter, Status: Enabled",,Open,Peter Fictum (100254),Peter Fictum (100254),,
goon_01j1fpanf692rtz7k14a73mdpr goon_01j1fpanf692rtz7k14a73mdpr (goon_01j1fpanf692rtz7k14a73mdpr),Entitlement,Database Access Review,Peter Fictum (100254),goon_01j1fpanf692rtz7k14a73mdpr,Entitlement,"Server: A2PWPSQL01, Database: gdMasterCatalog, DB Role: db_datawriter, Status: Enabled","Server: A2PWPSQL01, Database: gdMasterCatalog, DB Role: db_datawriter, Status: Enabled",Certification Items Revoked By Rachit Tanwar,Open,Peter Fictum (100254),Rachit Tanwar (440439),,
r39EF07C3E73C42 r39EF07C3E73C42 (r39EF07C3E73C42),Entitlement,Database Access Review,Peter Fictum (100254),r39ef07c3e73c42,Entitlement,"Server: P3PWDREVSQL01, Database: deferredRevenue_2024, DB Role: db_datawriter, Status: Enabled","Server: P3PWDREVSQL01, Database: deferredRevenue_2024, DB Role: db_datawriter, Status: Enabled",,Open,Peter Fictum (100254),Peter Fictum (100254),,
goon_01j1trt98wnqskxskyq7fek4wd goon_01j1trt98wnqskxskyq7fek4wd (goon_01j1trt98wnqskxskyq7fek4wd),Entitlement,Database Access Review,Peter Fictum (100254),goon_01j1trt98wnqskxskyq7fek4wd,Entitlement,"Server: A2PWPSQL01, Database: gdMasterPromo, DB Role: db_datawriter, Status: Enabled","Server: A2PWPSQL01, Database: gdMasterPromo, DB Role: db_datawriter, Status: Enabled",Certification Items Revoked By Rachit Tanwar,Open,Peter Fictum (100254),Rachit Tanwar (440439),,
g499A69A4AB5441 g499A69A4AB5441 (g499A69A4AB5441),Entitlement,Database Access Review,Peter Fictum (100254),g499a69a4ab5441,Entitlement,"Server: P3PWDREVSQL01, Database: deferredRevenue_2025, DB Role: db_owner, Status: Enabled","Server: P3PWDREVSQL01, Database: deferredRevenue_2025, DB Role: db_owner, Status: Enabled",,Open,Peter Fictum (100254),Peter Fictum (100254),,
goon_03knekfnemnekf0283nf23n1nn goon_03knekfnemnekf0283nf23n1nn (goon_03knekfnemnekf0283nf23n1nn),Entitlement,Database Access Review,Peter Fictum (100254),goon_03knekfnemnekf0283nf23n1nn,Entitlement,"Server: P3PWPSQL02, Database: gdMasterCatalog, DB Role: db_datawriter, Status: Enabled","Server: P3PWPSQL02, Database: gdMasterCatalog, DB Role: db_datawriter, Status: Enabled",Certification Items Revoked By Rachit Tanwar,Open,Peter Fictum (100254),Rachit Tanwar (440439),,
Jacob Brooks (403672),Entitlement,Database Access Review,Peter Fictum (100254),dc1\jbrooks2,Entitlement,"Server: P3PWFKSQL02, Database: fortKnox, DB Role: db_owner, Status: Enabled, Via AD Group: platapi","Server: P3PWFKSQL02, Database: fortKnox, DB Role: db_owner, Status: Enabled, Via AD Group: platapi",Certification Items Revoked By Rachit Tanwar,Finished,Peter Fictum (100254),Rachit Tanwar (440439),"2/23/26, 5:05 PM",
kC2514A28F1914B kC2514A28F1914B (kC2514A28F1914B),Entitlement,Database Access Review,Peter Fictum (100254),kc2514a28f1914b,Entitlement,"Server: P3PWHYDRASQL02, Database: Server Level Permission, DB Role: sysadmin, Status: Enabled","Server: P3PWHYDRASQL02, Database: Server Level Permission, DB Role: sysadmin, Status: Enabled",,Open,Peter Fictum (100254),Peter Fictum (100254),,
zXQidXV5hhfTNZu zXQidXV5hhfTNZu (zXQidXV5hhfTNZu),Entitlement,Database Access Review,Peter Fictum (100254),zxqidxv5hhftnzu,Entitlement,"Server: A2PWPCISQL01, Database: Server Level Permission, DB Role: sysadmin, Status: Enabled","Server: A2PWPCISQL01, Database: Server Level Permission, DB Role: sysadmin, Status: Enabled",,Open,Peter Fictum (100254),Peter Fictum (100254),,
N2_e9C7A90E3DB8448 N2_e9C7A90E3DB8448 (N2_e9C7A90E3DB8448),Entitlement,Database Access Review,Peter Fictum (100254),n2_e9c7a90e3db8448,Entitlement,"Server: P3PWDREVSQL01, Database: deferredRevenue_2013, DB Role: db_datawriter, Status: Enabled","Server: P3PWDREVSQL01, Database: deferredRevenue_2013, DB Role: db_datawriter, Status: Enabled",,Open,Peter Fictum (100254),Peter Fictum (100254),,
N1_q55F823628CCA4D N1_q55F823628CCA4D (N1_q55F823628CCA4D),Entitlement,Database Access Review,Peter Fictum (100254),n1_q55f823628cca4d,Entitlement,"Server: A2PWDREVSQL02, Database: deferredRevenue_2011, DB Role: db_datawriter, Status: Enabled","Server: A2PWDREVSQL02, Database: deferredRevenue_2011, DB Role: db_datawriter, Status: Enabled",,Open,Peter Fictum (100254),Peter Fictum (100254),,
CHba4ITBZSjR0Aw CHba4ITBZSjR0Aw (CHba4ITBZSjR0Aw),Entitlement,Database Access Review,Peter Fictum (100254),chba4itbzsjr0aw,Entitlement,"Server: P3PWDREVSQL01, Database: deferredRevenue_2015, DB Role: db_datawriter, Status: Enabled","Server: P3PWDREVSQL01, Database: deferredRevenue_2015, DB Role: db_datawriter, Status: Enabled",,Open,Peter Fictum (100254),Peter Fictum (100254),,
zy7LVlWVZiZjTez zy7LVlWVZiZjTez (zy7LVlWVZiZjTez),Entitlement,Database Access Review,Peter Fictum (100254),zy7lvlwvzizjtez,Entitlement,"Server: P3PWPCISQL02, Database: goDaddyBasket, DB Role: db_datawriter, Status: Enabled","Server: P3PWPCISQL02, Database: goDaddyBasket, DB Role: db_datawriter, Status: Enabled",,Open,Peter Fictum (100254),Peter Fictum (100254),,
goon_01j1tq5qz035qxrd2h2vyyweza goon_01j1tq5qz035qxrd2h2vyyweza (goon_01j1tq5qz035qxrd2h2vyyweza),Entitlement,Database Access Review,Peter Fictum (100254),goon_01j1tq5qz035qxrd2h2vyyweza,Entitlement,"Server: A2PWPSQL01, Database: GoDaddyCPL, DB Role: db_datawriter, Status: Enabled","Server: A2PWPSQL01, Database: GoDaddyCPL, DB Role: db_datawriter, Status: Enabled",Certification Items Revoked By Rachit Tanwar,Open,Peter Fictum (100254),Rachit Tanwar (440439),,
goon_01j1trt98wnqskxskyq7fek4wd goon_01j1trt98wnqskxskyq7fek4wd (goon_01j1trt98wnqskxskyq7fek4wd),Entitlement,Database Access Review,Peter Fictum (100254),goon_01j1trt98wnqskxskyq7fek4wd,Entitlement,"Server: P3PWPSQL02, Database: godaddyBilling, DB Role: db_datawriter, Status: Enabled","Server: P3PWPSQL02, Database: godaddyBilling, DB Role: db_datawriter, Status: Enabled",Certification Items Revoked By Rachit Tanwar,Open,Peter Fictum (100254),Rachit Tanwar (440439),,
N1_q55F823628CCA4D N1_q55F823628CCA4D (N1_q55F823628CCA4D),Entitlement,Database Access Review,Peter Fictum (100254),n1_q55f823628cca4d,Entitlement,"Server: P3PWDREVSQL01, Database: deferredRevenue_2012, DB Role: db_datawriter, Status: Enabled","Server: P3PWDREVSQL01, Database: deferredRevenue_2012, DB Role: db_datawriter, Status: Enabled",,Open,Peter Fictum (100254),Peter Fictum (100254),,
Ex9ajxlEd2Rsx4e Ex9ajxlEd2Rsx4e (Ex9ajxlEd2Rsx4e),Entitlement,Database Access Review,Peter Fictum (100254),ex9ajxled2rsx4e,Entitlement,"Server: A2PWDREVSQL02, Database: deferredRevenue_2013, DB Role: db_datawriter, Status: Enabled","Server: A2PWDREVSQL02, Database: deferredRevenue_2013, DB Role: db_datawriter, Status: Enabled",,Open,Peter Fictum (100254),Peter Fictum (100254),,
Ex9ajxlEd2Rsx4e Ex9ajxlEd2Rsx4e (Ex9ajxlEd2Rsx4e),Entitlement,Database Access Review,Peter Fictum (100254),ex9ajxled2rsx4e,Entitlement,"Server: P3PWDREVSQL01, Database: deferredRevenue_2010, DB Role: db_datawriter, Status: Enabled","Server: P3PWDREVSQL01, Database: deferredRevenue_2010, DB Role: db_datawriter, Status: Enabled",,Open,Peter Fictum (100254),Peter Fictum (100254),,
r39EF07C3E73C42 r39EF07C3E73C42 (r39EF07C3E73C42),Entitlement,Database Access Review,Peter Fictum (100254),r39ef07c3e73c42,Entitlement,"Server: A2PWDREVSQL02, Database: deferredRevenue_2010, DB Role: db_datawriter, Status: Enabled","Server: A2PWDREVSQL02, Database: deferredRevenue_2010, DB Role: db_datawriter, Status: Enabled",,Open,Peter Fictum (100254),Peter Fictum (100254),,
oE342dxg23R8 oE342dxg23R8 (oE342dxg23R8),Entitlement,Database Access Review,Peter Fictum (100254),oe342dxg23r8,Entitlement,"Server: P3PWBIGRPTSQL04, Database: Server Level Permission, DB Role: sysadmin, Status: Enabled","Server: P3PWBIGRPTSQL04, Database: Server Level Permission, DB Role: sysadmin, Status: Enabled",,Finished,Peter Fictum (100254),Peter Fictum (100254),"2/27/26, 9:03 PM",
g499A69A4AB5441 g499A69A4AB5441 (g499A69A4AB5441),Entitlement,Database Access Review,Peter Fictum (100254),g499a69a4ab5441,Entitlement,"Server: P3PWDREVSQL01, Database: deferredRevenue_2012, DB Role: db_owner, Status: Enabled","Server: P3PWDREVSQL01, Database: deferredRevenue_2012, DB Role: db_owner, Status: Enabled",,Open,Peter Fictum (100254),Peter Fictum (100254),,
n2_a79556c9cf38d40 n2_a79556c9cf38d40 (n2_a79556c9cf38d40),Entitlement,Database Access Review,Peter Fictum (100254),n2_a79556c9cf38d40,Entitlement,"Server: P3PWBIGRPTSQL03, Database: godaddyAccounting, DB Role: db_datawriter, Status: Enabled","Server: P3PWBIGRPTSQL03, Database: godaddyAccounting, DB Role: db_datawriter, Status: Enabled",,Finished,Peter Fictum (100254),Peter Fictum (100254),"2/27/26, 9:03 PM",
dc1\msvc_dsw0wm918b$ dc1\msvc_dsw0wm918b$ (dc1\msvc_dsw0wm918b$),Entitlement,Database Access Review,Peter Fictum (100254),dc1\msvc_dsw0wm918b$,Entitlement,"Server: A2PWHYDRASQL01, Database: WorkdayConversion, DB Role: db_datawriter, Status: Enabled","Server: A2PWHYDRASQL01, Database: WorkdayConversion, DB Role: db_datawriter, Status: Enabled",Certification Items Revoked By Rachit Tanwar,Open,Peter Fictum (100254),Rachit Tanwar (440439),,
CHba4ITBZSjR0Aw CHba4ITBZSjR0Aw (CHba4ITBZSjR0Aw),Entitlement,Database Access Review,Peter Fictum (100254),chba4itbzsjr0aw,Entitlement,"Server: A2PWDREVSQL02, Database: deferredRevenue_2014, DB Role: db_datawriter, Status: Enabled","Server: A2PWDREVSQL02, Database: deferredRevenue_2014, DB Role: db_datawriter, Status: Enabled",,Open,Peter Fictum (100254),Peter Fictum (100254),,
goon_01j1d6ks6wbrawe1gmpcthaqg1 goon_01j1d6ks6wbrawe1gmpcthaqg1 (goon_01j1d6ks6wbrawe1gmpcthaqg1),Entitlement,Database Access Review,Peter Fictum (100254),goon_01j1d6ks6wbrawe1gmpcthaqg1,Entitlement,"Server: A2PWPSQL01, Database: godaddyBilling, DB Role: db_datawriter, Status: Enabled","Server: A2PWPSQL01, Database: godaddyBilling, DB Role: db_datawriter, Status: Enabled",,Open,Peter Fictum (100254),Peter Fictum (100254),,
Ex9ajxlEd2Rsx4e Ex9ajxlEd2Rsx4e (Ex9ajxlEd2Rsx4e),Entitlement,Database Access Review,Peter Fictum (100254),ex9ajxled2rsx4e,Entitlement,"Server: A2PWDREVSQL02, Database: deferredRevenue_2025, DB Role: db_datawriter, Status: Enabled","Server: A2PWDREVSQL02, Database: deferredRevenue_2025, DB Role: db_datawriter, Status: Enabled",,Open,Peter Fictum (100254),Peter Fictum (100254),,
Vera Oshyna (427789),Entitlement,Database Access Review,Peter Fictum (100254),dc1\voshyna,Entitlement,"Server: P3PWPSQL02, Database: GoDaddy, DB Role: db_owner, Status: Enabled","Server: P3PWPSQL02, Database: GoDaddy, DB Role: db_owner, Status: Enabled",,Finished,Peter Fictum (100254),Hemanth Kumar Guntupalli (419032),"2/19/26, 12:06 AM",
n2_u938a0f65b9ac4d n2_u938a0f65b9ac4d (n2_u938a0f65b9ac4d),Entitlement,Database Access Review,Peter Fictum (100254),n2_u938a0f65b9ac4d,Entitlement,"Server: P3PWBIGRPTSQL04, Database: godaddyAccounting, DB Role: db_datawriter, Status: Enabled","Server: P3PWBIGRPTSQL04, Database: godaddyAccounting, DB Role: db_datawriter, Status: Enabled",,Finished,Peter Fictum (100254),Peter Fictum (100254),"2/27/26, 9:03 PM",
k103ACDA54EE341 k103ACDA54EE341 (k103ACDA54EE341),Entitlement,Database Access Review,Peter Fictum (100254),k103acda54ee341,Entitlement,"Server: P3PWBIGRPTSQL03, Database: Server Level Permission, DB Role: dbcreator, Status: Enabled","Server: P3PWBIGRPTSQL03, Database: Server Level Permission, DB Role: dbcreator, Status: Enabled",,Finished,Peter Fictum (100254),Peter Fictum (100254),"2/27/26, 9:03 PM",
goon_01j1tq5qz035qxrd2h2vyyweza goon_01j1tq5qz035qxrd2h2vyyweza (goon_01j1tq5qz035qxrd2h2vyyweza),Entitlement,Database Access Review,Peter Fictum (100254),goon_01j1tq5qz035qxrd2h2vyyweza,Entitlement,"Server: P3PWPSQL02, Database: godaddyBilling, DB Role: db_datawriter, Status: Enabled","Server: P3PWPSQL02, Database: godaddyBilling, DB Role: db_datawriter, Status: Enabled",Certification Items Revoked By Rachit Tanwar,Open,Peter Fictum (100254),Rachit Tanwar (440439),,
Ex9ajxlEd2Rsx4e Ex9ajxlEd2Rsx4e (Ex9ajxlEd2Rsx4e),Entitlement,Database Access Review,Peter Fictum (100254),ex9ajxled2rsx4e,Entitlement,"Server: A2PWDREVSQL02, Database: deferredRevenue_2016, DB Role: db_datawriter, Status: Enabled","Server: A2PWDREVSQL02, Database: deferredRevenue_2016, DB Role: db_datawriter, Status: Enabled",,Open,Peter Fictum (100254),Peter Fictum (100254),,
Ex9ajxlEd2Rsx4e Ex9ajxlEd2Rsx4e (Ex9ajxlEd2Rsx4e),Entitlement,Database Access Review,Peter Fictum (100254),ex9ajxled2rsx4e,Entitlement,"Server: A2PWDREVSQL02, Database: deferredRevenue_2010, DB Role: db_datawriter, Status: Enabled","Server: A2PWDREVSQL02, Database: deferredRevenue_2010, DB Role: db_datawriter, Status: Enabled",,Open,Peter Fictum (100254),Peter Fictum (100254),,
N2_e9C7A90E3DB8448 N2_e9C7A90E3DB8448 (N2_e9C7A90E3DB8448),Entitlement,Database Access Review,Peter Fictum (100254),n2_e9c7a90e3db8448,Entitlement,"Server: A2PWDREVSQL02, Database: deferredRevenue_2020, DB Role: db_datawriter, Status: Enabled","Server: A2PWDREVSQL02, Database: deferredRevenue_2020, DB Role: db_datawriter, Status: Enabled",,Open,Peter Fictum (100254),Peter Fictum (100254),,
CHba4ITBZSjR0Aw CHba4ITBZSjR0Aw (CHba4ITBZSjR0Aw),Entitlement,Database Access Review,Peter Fictum (100254),chba4itbzsjr0aw,Entitlement,"Server: A2PWDREVSQL02, Database: deferredRevenue_2008, DB Role: db_datawriter, Status: Enabled","Server: A2PWDREVSQL02, Database: deferredRevenue_2008, DB Role: db_datawriter, Status: Enabled",,Open,Peter Fictum (100254),Peter Fictum (100254),,
Rahul Maurya (421405),Entitlement,Database Access Review,Peter Fictum (100254),dc1\rmaurya,Entitlement,"Server: A2PWPSQL01, Database: GoDaddy, DB Role: db_datawriter, Status: Enabled","Server: A2PWPSQL01, Database: GoDaddy, DB Role: db_datawriter, Status: Enabled",Certification Items Revoked By Rachit Tanwar,Open,Peter Fictum (100254),Rachit Tanwar (440439),,
sB1F31329163696 sB1F31329163696 (sB1F31329163696),Entitlement,Database Access Review,Peter Fictum (100254),sb1f31329163696,Entitlement,"Server: P3PWHYDRASQL02, Database: Server Level Permission, DB Role: sysadmin, Status: Enabled","Server: P3PWHYDRASQL02, Database: Server Level Permission, DB Role: sysadmin, Status: Enabled",,Open,Peter Fictum (100254),Peter Fictum (100254),,
Ex9ajxlEd2Rsx4e Ex9ajxlEd2Rsx4e (Ex9ajxlEd2Rsx4e),Entitlement,Database Access Review,Peter Fictum (100254),ex9ajxled2rsx4e,Entitlement,"Server: P3PWDREVSQL01, Database: deferredRevenue_2013, DB Role: db_datawriter, Status: Enabled","Server: P3PWDREVSQL01, Database: deferredRevenue_2013, DB Role: db_datawriter, Status: Enabled",,Open,Peter Fictum (100254),Peter Fictum (100254),,
goon_01hzg5v5ftkcf3bvc4gzrgwn9d goon_01hzg5v5ftkcf3bvc4gzrgwn9d (goon_01hzg5v5ftkcf3bvc4gzrgwn9d),Entitlement,Database Access Review,Peter Fictum (100254),goon_01hzg5v5ftkcf3bvc4gzrgwn9d,Entitlement,"Server: A2PWPSQL01, Database: merchantAccounts, DB Role: db_datawriter, Status: Enabled","Server: A2PWPSQL01, Database: merchantAccounts, DB Role: db_datawriter, Status: Enabled",Certification Items Revoked By Rachit Tanwar,Open,Peter Fictum (100254),Rachit Tanwar (440439),,
SmartConnect SmartConnect (SmartConnect),Entitlement,Database Access Review,Peter Fictum (100254),smartconnect,Entitlement,"Server: A2PWHYDRASQL01, Database: Server Level Permission, DB Role: sysadmin, Status: Enabled","Server: A2PWHYDRASQL01, Database: Server Level Permission, DB Role: sysadmin, Status: Enabled",,Open,Peter Fictum (100254),Peter Fictum (100254),,
y9475B04EF79642 y9475B04EF79642 (y9475B04EF79642),Entitlement,Database Access Review,Peter Fictum (100254),y9475b04ef79642,Entitlement,"Server: P3PWBIGRPTSQL03, Database: Server Level Permission, DB Role: sysadmin, Status: Enabled","Server: P3PWBIGRPTSQL03, Database: Server Level Permission, DB Role: sysadmin, Status: Enabled",,Finished,Peter Fictum (100254),Peter Fictum (100254),"2/27/26, 9:03 PM",
dc1\msvc_h25z2tlmzp$ dc1\msvc_h25z2tlmzp$ (dc1\msvc_h25z2tlmzp$),Entitlement,Database Access Review,Peter Fictum (100254),dc1\msvc_h25z2tlmzp$,Entitlement,"Server: A2PWACTSQL01, Database: acctProjects, DB Role: db_owner, Status: Enabled","Server: A2PWACTSQL01, Database: acctProjects, DB Role: db_owner, Status: Enabled",Certification Items Revoked By Rachit Tanwar,Finished,Peter Fictum (100254),Rachit Tanwar (440439),"2/27/26, 9:03 PM",
SmartConnect SmartConnect (SmartConnect),Entitlement,Database Access Review,Peter Fictum (100254),smartconnect,Entitlement,"Server: P3PWHYDRASQL02, Database: Server Level Permission, DB Role: sysadmin, Status: Enabled","Server: P3PWHYDRASQL02, Database: Server Level Permission, DB Role: sysadmin, Status: Enabled",,Open,Peter Fictum (100254),Peter Fictum (100254),,
nMo0jUb56543Csa nMo0jUb56543Csa (nMo0jUb56543Csa),Entitlement,Database Access Review,Peter Fictum (100254),nmo0jub56543csa,Entitlement,"Server: A2PWPSQL01, Database: GoDaddy, DB Role: db_datawriter, Status: Enabled","Server: A2PWPSQL01, Database: GoDaddy, DB Role: db_datawriter, Status: Enabled",Certification Items Revoked By Rachit Tanwar,Open,Peter Fictum (100254),Rachit Tanwar (440439),,
Rahul Maurya (421405),Entitlement,Database Access Review,Peter Fictum (100254),dc1\rmaurya,Entitlement,"Server: P3PWPSQL02, Database: GoDaddy, DB Role: db_owner, Status: Enabled","Server: P3PWPSQL02, Database: GoDaddy, DB Role: db_owner, Status: Enabled",Certification Items Revoked By Rachit Tanwar,Open,Peter Fictum (100254),Rachit Tanwar (440439),,
Suryansh Nikhra (440435),Entitlement,Database Access Review,Peter Fictum (100254),dc1\snikhra,Entitlement,"Server: A2PWPSQL01, Database: GoDaddy, DB Role: db_datawriter, Status: Enabled, Via AD Group: platapi","Server: A2PWPSQL01, Database: GoDaddy, DB Role: db_datawriter, Status: Enabled, Via AD Group: platapi",,Finished,Peter Fictum (100254),Megha Agarwal (401726),"2/23/26, 5:05 PM",
nio98fnESFnfRS4 nio98fnESFnfRS4 (nio98fnESFnfRS4),Entitlement,Database Access Review,Peter Fictum (100254),nio98fnesfnfrs4,Entitlement,"Server: P3PWBIGRPTSQL03, Database: Server Level Permission, DB Role: sysadmin, Status: Enabled","Server: P3PWBIGRPTSQL03, Database: Server Level Permission, DB Role: sysadmin, Status: Enabled",,Finished,Peter Fictum (100254),Peter Fictum (100254),"2/27/26, 9:03 PM",
goon_01j0trmc1cdex2zn5yff2em4d7 goon_01j0trmc1cdex2zn5yff2em4d7 (goon_01j0trmc1cdex2zn5yff2em4d7),Entitlement,Database Access Review,Peter Fictum (100254),goon_01j0trmc1cdex2zn5yff2em4d7,Entitlement,"Server: P3PWPSQL02, Database: merchantAccounts, DB Role: db_datawriter, Status: Enabled","Server: P3PWPSQL02, Database: merchantAccounts, DB Role: db_datawriter, Status: Enabled",Certification Items Revoked By Rachit Tanwar,Open,Peter Fictum (100254),Rachit Tanwar (440439),,
N2_e9C7A90E3DB8448 N2_e9C7A90E3DB8448 (N2_e9C7A90E3DB8448),Entitlement,Database Access Review,Peter Fictum (100254),n2_e9c7a90e3db8448,Entitlement,"Server: A2PWDREVSQL02, Database: deferredRevenue_2006, DB Role: db_datawriter, Status: Enabled","Server: A2PWDREVSQL02, Database: deferredRevenue_2006, DB Role: db_datawriter, Status: Enabled",,Open,Peter Fictum (100254),Peter Fictum (100254),,
g499A69A4AB5441 g499A69A4AB5441 (g499A69A4AB5441),Entitlement,Database Access Review,Peter Fictum (100254),g499a69a4ab5441,Entitlement,"Server: P3PWDREVSQL01, Database: eCommAccounting, DB Role: db_owner, Status: Enabled","Server: P3PWDREVSQL01, Database: eCommAccounting, DB Role: db_owner, Status: Enabled",,Open,Peter Fictum (100254),Peter Fictum (100254),,
Vera Oshyna (427789),Entitlement,Database Access Review,Peter Fictum (100254),dc1\voshyna,Entitlement,"Server: A2PWPSQL01, Database: GoDaddy, DB Role: db_ddladmin, Status: Enabled","Server: A2PWPSQL01, Database: GoDaddy, DB Role: db_ddladmin, Status: Enabled",,Finished,Peter Fictum (100254),Hemanth Kumar Guntupalli (419032),"2/19/26, 12:06 AM",
goon_01j1fpanf692rtz7k14a73mdpr goon_01j1fpanf692rtz7k14a73mdpr (goon_01j1fpanf692rtz7k14a73mdpr),Entitlement,Database Access Review,Peter Fictum (100254),goon_01j1fpanf692rtz7k14a73mdpr,Entitlement,"Server: P3PWPSQL02, Database: SSL, DB Role: db_datawriter, Status: Enabled","Server: P3PWPSQL02, Database: SSL, DB Role: db_datawriter, Status: Enabled",Certification Items Revoked By Rachit Tanwar,Open,Peter Fictum (100254),Rachit Tanwar (440439),,
Jacob Brooks (403672),Entitlement,Database Access Review,Peter Fictum (100254),dc1\jbrooks2,Entitlement,"Server: A2PWFKSQL01, Database: fortKnox, DB Role: db_owner, Status: Enabled, Via AD Group: platapi","Server: A2PWFKSQL01, Database: fortKnox, DB Role: db_owner, Status: Enabled, Via AD Group: platapi",Certification Items Revoked By Rachit Tanwar,Finished,Peter Fictum (100254),Rachit Tanwar (440439),"2/23/26, 5:05 PM",
Qiong Wu (412584),Entitlement,Database Access Review,Peter Fictum (100254),dc1\qwu,Entitlement,"Server: P3PWDREVSQL01, Database: GoDaddy, DB Role: db_owner, Status: Enabled","Server: P3PWDREVSQL01, Database: GoDaddy, DB Role: db_owner, Status: Enabled",,Open,Peter Fictum (100254),Bryan Focht (202136),,
e8D61E915F63F4B e8D61E915F63F4B (e8D61E915F63F4B),Entitlement,Database Access Review,Peter Fictum (100254),e8d61e915f63f4b,Entitlement,"Server: A2PWDREVSQL02, Database: deferredRevenue_2005, DB Role: db_datawriter, Status: Enabled","Server: A2PWDREVSQL02, Database: deferredRevenue_2005, DB Role: db_datawriter, Status: Enabled",,Open,Peter Fictum (100254),Peter Fictum (100254),,
DC1\acctsbejobrnr DC1\acctsbejobrnr (DC1\acctsbejobrnr),Entitlement,Database Access Review,Peter Fictum (100254),dc1\acctsbejobrnr,Entitlement,"Server: A2PWACTSQL01, Database: acctProjects, DB Role: db_datawriter, Status: Enabled","Server: A2PWACTSQL01, Database: acctProjects, DB Role: db_datawriter, Status: Enabled",Refer to RITM2878184 for MSSQL Removal Request.,Finished,Peter Fictum (100254),Brittany Randall (200303),"2/27/26, 9:03 PM",
r39EF07C3E73C42 r39EF07C3E73C42 (r39EF07C3E73C42),Entitlement,Database Access Review,Peter Fictum (100254),r39ef07c3e73c42,Entitlement,"Server: P3PWDREVSQL01, Database: deferredRevenue_2019, DB Role: db_datawriter, Status: Enabled","Server: P3PWDREVSQL01, Database: deferredRevenue_2019, DB Role: db_datawriter, Status: Enabled",,Open,Peter Fictum (100254),Peter Fictum (100254),,
e8D61E915F63F4B e8D61E915F63F4B (e8D61E915F63F4B),Entitlement,Database Access Review,Peter Fictum (100254),e8d61e915f63f4b,Entitlement,"Server: A2PWDREVSQL02, Database: deferredRevenue_2009, DB Role: db_datawriter, Status: Enabled","Server: A2PWDREVSQL02, Database: deferredRevenue_2009, DB Role: db_datawriter, Status: Enabled",,Open,Peter Fictum (100254),Peter Fictum (100254),,
dc1\msvc_q5k88m1dcb$ dc1\msvc_q5k88m1dcb$ (dc1\msvc_q5k88m1dcb$),Entitlement,Database Access Review,Peter Fictum (100254),dc1\msvc_q5k88m1dcb$,Entitlement,"Server: A2PWDREVSQL02, Database: deferredRevenue_2017, DB Role: db_datawriter, Status: Enabled","Server: A2PWDREVSQL02, Database: deferredRevenue_2017, DB Role: db_datawriter, Status: Enabled",Certification Items Revoked By Rachit Tanwar,Open,Peter Fictum (100254),Rachit Tanwar (440439),,
g499A69A4AB5441 g499A69A4AB5441 (g499A69A4AB5441),Entitlement,Database Access Review,Peter Fictum (100254),g499a69a4ab5441,Entitlement,"Server: P3PWDREVSQL01, Database: deferredRevenue_2016, DB Role: db_owner, Status: Enabled","Server: P3PWDREVSQL01, Database: deferredRevenue_2016, DB Role: db_owner, Status: Enabled",,Open,Peter Fictum (100254),Peter Fictum (100254),,
goon_01j1trt98wnqskxskyq7fek4wd goon_01j1trt98wnqskxskyq7fek4wd (goon_01j1trt98wnqskxskyq7fek4wd),Entitlement,Database Access Review,Peter Fictum (100254),goon_01j1trt98wnqskxskyq7fek4wd,Entitlement,"Server: P3PWPSQL02, Database: godaddyCPL, DB Role: db_datawriter, Status: Enabled","Server: P3PWPSQL02, Database: godaddyCPL, DB Role: db_datawriter, Status: Enabled",Certification Items Revoked By Rachit Tanwar,Open,Peter Fictum (100254),Rachit Tanwar (440439),,
Ex9ajxlEd2Rsx4e Ex9ajxlEd2Rsx4e (Ex9ajxlEd2Rsx4e),Entitlement,Database Access Review,Peter Fictum (100254),ex9ajxled2rsx4e,Entitlement,"Server: A2PWDREVSQL02, Database: deferredRevenue_2018, DB Role: db_datawriter, Status: Enabled","Server: A2PWDREVSQL02, Database: deferredRevenue_2018, DB Role: db_datawriter, Status: Enabled",,Open,Peter Fictum (100254),Peter Fictum (100254),,
u15348EBFB99147 u15348EBFB99147 (u15348EBFB99147),Entitlement,Database Access Review,Peter Fictum (100254),u15348ebfb99147,Entitlement,"Server: P3PWFKSQL02, Database: Server Level Permission, DB Role: sysadmin, Status: Enabled","Server: P3PWFKSQL02, Database: Server Level Permission, DB Role: sysadmin, Status: Enabled",,Open,Peter Fictum (100254),Peter Fictum (100254),,
RLAdmin RLAdmin (RLAdmin),Entitlement,Database Access Review,Peter Fictum (100254),rladmin,Entitlement,"Server: A2PWHYDRASQL01, Database: Server Level Permission, DB Role: sysadmin, Status: Enabled","Server: A2PWHYDRASQL01, Database: Server Level Permission, DB Role: sysadmin, Status: Enabled",,Open,Peter Fictum (100254),Peter Fictum (100254),,
DUIVYbRecDTyYIx DUIVYbRecDTyYIx (DUIVYbRecDTyYIx),Entitlement,Database Access Review,Peter Fictum (100254),duivybrecdtyyix,Entitlement,"Server: P3PWPCISQL02, Database: Server Level Permission, DB Role: sysadmin, Status: Enabled","Server: P3PWPCISQL02, Database: Server Level Permission, DB Role: sysadmin, Status: Enabled",,Open,Peter Fictum (100254),Peter Fictum (100254),,
dc1\msvc_q5k88m1dcb$ dc1\msvc_q5k88m1dcb$ (dc1\msvc_q5k88m1dcb$),Entitlement,Database Access Review,Peter Fictum (100254),dc1\msvc_q5k88m1dcb$,Entitlement,"Server: A2PWDREVSQL02, Database: deferredRevenue_2027, DB Role: db_datawriter, Status: Enabled","Server: A2PWDREVSQL02, Database: deferredRevenue_2027, DB Role: db_datawriter, Status: Enabled",Certification Items Revoked By Rachit Tanwar,Open,Peter Fictum (100254),Rachit Tanwar (440439),,
cu2lRf00WRwuCRP cu2lRf00WRwuCRP (cu2lRf00WRwuCRP),Entitlement,Database Access Review,Peter Fictum (100254),cu2lrf00wrwucrp,Entitlement,"Server: P3PWPCISQL02, Database: Server Level Permission, DB Role: sysadmin, Status: Enabled","Server: P3PWPCISQL02, Database: Server Level Permission, DB Role: sysadmin, Status: Enabled",,Open,Peter Fictum (100254),Peter Fictum (100254),,
omp90opki8u8nbg omp90opki8u8nbg (omp90opki8u8nbg),Entitlement,Database Access Review,Peter Fictum (100254),omp90opki8u8nbg,Entitlement,"Server: P3PWBIGRPTSQL03, Database: godaddyAccounting, DB Role: db_datawriter, Status: Enabled","Server: P3PWBIGRPTSQL03, Database: godaddyAccounting, DB Role: db_datawriter, Status: Enabled",,Finished,Peter Fictum (100254),Peter Fictum (100254),"2/27/26, 9:03 PM",
dc1\msvc_q5k88m1dcb$ dc1\msvc_q5k88m1dcb$ (dc1\msvc_q5k88m1dcb$),Entitlement,Database Access Review,Peter Fictum (100254),dc1\msvc_q5k88m1dcb$,Entitlement,"Server: A2PWDREVSQL02, Database: deferredRevenue_2018, DB Role: db_datawriter, Status: Enabled","Server: A2PWDREVSQL02, Database: deferredRevenue_2018, DB Role: db_datawriter, Status: Enabled",Certification Items Revoked By Rachit Tanwar,Open,Peter Fictum (100254),Rachit Tanwar (440439),,
FPConfig FPConfig (FPConfig),Entitlement,Database Access Review,Peter Fictum (100254),fpconfig,Entitlement,"Server: P3PWHYDRASQL02, Database: Server Level Permission, DB Role: securityadmin, Status: Enabled","Server: P3PWHYDRASQL02, Database: Server Level Permission, DB Role: securityadmin, Status: Enabled",,Open,Peter Fictum (100254),Peter Fictum (100254),,
dc1\msvc_q5k88m1dcb$ dc1\msvc_q5k88m1dcb$ (dc1\msvc_q5k88m1dcb$),Entitlement,Database Access Review,Peter Fictum (100254),dc1\msvc_q5k88m1dcb$,Entitlement,"Server: A2PWDREVSQL02, Database: deferredRevenue_2005, DB Role: db_datawriter, Status: Enabled","Server: A2PWDREVSQL02, Database: deferredRevenue_2005, DB Role: db_datawriter, Status: Enabled",Certification Items Revoked By Rachit Tanwar,Open,Peter Fictum (100254),Rachit Tanwar (440439),,
s47260F135F9350 s47260F135F9350 (s47260F135F9350),Entitlement,Database Access Review,Peter Fictum (100254),s47260f135f9350,Entitlement,"Server: P3PWHYDRASQL02, Database: Server Level Permission, DB Role: sysadmin, Status: Enabled","Server: P3PWHYDRASQL02, Database: Server Level Permission, DB Role: sysadmin, Status: Enabled",,Open,Peter Fictum (100254),Peter Fictum (100254),,
dc1\msvc_q5k88m1dcb$ dc1\msvc_q5k88m1dcb$ (dc1\msvc_q5k88m1dcb$),Entitlement,Database Access Review,Peter Fictum (100254),dc1\msvc_q5k88m1dcb$,Entitlement,"Server: A2PWDREVSQL02, Database: deferredRevenue_2026, DB Role: db_datawriter, Status: Enabled","Server: A2PWDREVSQL02, Database: deferredRevenue_2026, DB Role: db_datawriter, Status: Enabled",Certification Items Revoked By Rachit Tanwar,Open,Peter Fictum (100254),Rachit Tanwar (440439),,
a8HN9Xm7HY6OWEa a8HN9Xm7HY6OWEa (a8HN9Xm7HY6OWEa),Entitlement,Database Access Review,Peter Fictum (100254),a8hn9xm7hy6owea,Entitlement,"Server: A2PWDREVSQL02, Database: deferredRevenue_2007, DB Role: db_datawriter, Status: Enabled","Server: A2PWDREVSQL02, Database: deferredRevenue_2007, DB Role: db_datawriter, Status: Enabled",,Open,Peter Fictum (100254),Peter Fictum (100254),,
n1_c42bec25d4e4a41 n1_c42bec25d4e4a41 (n1_c42bec25d4e4a41),Entitlement,Database Access Review,Peter Fictum (100254),n1_c42bec25d4e4a41,Entitlement,"Server: P3PWBIGRPTSQL04, Database: godaddyAccounting, DB Role: db_datawriter, Status: Enabled","Server: P3PWBIGRPTSQL04, Database: godaddyAccounting, DB Role: db_datawriter, Status: Enabled",,Finished,Peter Fictum (100254),Peter Fictum (100254),"2/27/26, 9:03 PM",
goon_01j0v4sm3snbfdmfxsqcntkpnm goon_01j0v4sm3snbfdmfxsqcntkpnm (goon_01j0v4sm3snbfdmfxsqcntkpnm),Entitlement,Database Access Review,Peter Fictum (100254),goon_01j0v4sm3snbfdmfxsqcntkpnm,Entitlement,"Server: P3PWPSQL02, Database: gdMasterCatalog, DB Role: db_datawriter, Status: Enabled","Server: P3PWPSQL02, Database: gdMasterCatalog, DB Role: db_datawriter, Status: Enabled",,Open,Peter Fictum (100254),Nandakumar Babu (208300),,
goon_01hzg5v5ftkcf3bvc4gzrgwn9d goon_01hzg5v5ftkcf3bvc4gzrgwn9d (goon_01hzg5v5ftkcf3bvc4gzrgwn9d),Entitlement,Database Access Review,Peter Fictum (100254),goon_01hzg5v5ftkcf3bvc4gzrgwn9d,Entitlement,"Server: P3PWPSQL02, Database: godaddyCPL, DB Role: db_datawriter, Status: Enabled","Server: P3PWPSQL02, Database: godaddyCPL, DB Role: db_datawriter, Status: Enabled",Certification Items Revoked By Rachit Tanwar,Open,Peter Fictum (100254),Rachit Tanwar (440439),,
nMo0jUb56543Csa nMo0jUb56543Csa (nMo0jUb56543Csa),Entitlement,Database Access Review,Peter Fictum (100254),nmo0jub56543csa,Entitlement,"Server: P3PWPSQL02, Database: SSL, DB Role: db_datawriter, Status: Enabled","Server: P3PWPSQL02, Database: SSL, DB Role: db_datawriter, Status: Enabled",Certification Items Revoked By Rachit Tanwar,Open,Peter Fictum (100254),Rachit Tanwar (440439),,
Ex9ajxlEd2Rsx4e Ex9ajxlEd2Rsx4e (Ex9ajxlEd2Rsx4e),Entitlement,Database Access Review,Peter Fictum (100254),ex9ajxled2rsx4e,Entitlement,"Server: P3PWDREVSQL01, Database: deferredRevenue_2024, DB Role: db_datawriter, Status: Enabled","Server: P3PWDREVSQL01, Database: deferredRevenue_2024, DB Role: db_datawriter, Status: Enabled",,Open,Peter Fictum (100254),Peter Fictum (100254),,
cd3NFgOLLZkhZzk cd3NFgOLLZkhZzk (cd3NFgOLLZkhZzk),Entitlement,Database Access Review,Peter Fictum (100254),cd3nfgollzkhzzk,Entitlement,"Server: P3PWHYDRASQL02, Database: Server Level Permission, DB Role: sysadmin, Status: Enabled","Server: P3PWHYDRASQL02, Database: Server Level Permission, DB Role: sysadmin, Status: Enabled",,Open,Peter Fictum (100254),Peter Fictum (100254),,
aE472DC38352F24 aE472DC38352F24 (aE472DC38352F24),Entitlement,Database Access Review,Peter Fictum (100254),ae472dc38352f24,Entitlement,"Server: A2PWFKSQL01, Database: Server Level Permission, DB Role: sysadmin, Status: Enabled","Server: A2PWFKSQL01, Database: Server Level Permission, DB Role: sysadmin, Status: Enabled",,Open,Peter Fictum (100254),Peter Fictum (100254),,
f8DC3DAB79AD149 f8DC3DAB79AD149 (f8DC3DAB79AD149),Entitlement,Database Access Review,Peter Fictum (100254),f8dc3dab79ad149,Entitlement,"Server: A2PWFKSQL01, Database: Server Level Permission, DB Role: sysadmin, Status: Enabled","Server: A2PWFKSQL01, Database: Server Level Permission, DB Role: sysadmin, Status: Enabled",,Open,Peter Fictum (100254),Peter Fictum (100254),,
dc1\msvc_q5k88m1dcb$ dc1\msvc_q5k88m1dcb$ (dc1\msvc_q5k88m1dcb$),Entitlement,Database Access Review,Peter Fictum (100254),dc1\msvc_q5k88m1dcb$,Entitlement,"Server: A2PWDREVSQL02, Database: deferredRevenue_2008, DB Role: db_datawriter, Status: Enabled","Server: A2PWDREVSQL02, Database: deferredRevenue_2008, DB Role: db_datawriter, Status: Enabled",Certification Items Revoked By Rachit Tanwar,Open,Peter Fictum (100254),Rachit Tanwar (440439),,
Cory Ramsey (102590),Entitlement,Database Access Review,Peter Fictum (100254),dc1\cramsey,Entitlement,"Server: P3PWBIGRPTSQL03, Database: Server Level Permission, DB Role: sysadmin, Status: Enabled","Server: P3PWBIGRPTSQL03, Database: Server Level Permission, DB Role: sysadmin, Status: Enabled",Certification Items Revoked By Rachit Tanwar,Finished,Peter Fictum (100254),Rachit Tanwar (440439),"2/27/26, 9:03 PM",
goon_01j1tq5qz035qxrd2h2vyyweza goon_01j1tq5qz035qxrd2h2vyyweza (goon_01j1tq5qz035qxrd2h2vyyweza),Entitlement,Database Access Review,Peter Fictum (100254),goon_01j1tq5qz035qxrd2h2vyyweza,Entitlement,"Server: P3PWPSQL02, Database: gdInterCompanyReceipt, DB Role: db_datawriter, Status: Enabled","Server: P3PWPSQL02, Database: gdInterCompanyReceipt, DB Role: db_datawriter, Status: Enabled",Certification Items Revoked By Rachit Tanwar,Open,Peter Fictum (100254),Rachit Tanwar (440439),,
goon_01j1tr4zwaqk4asgstxy0mjn2k goon_01j1tr4zwaqk4asgstxy0mjn2k (goon_01j1tr4zwaqk4asgstxy0mjn2k),Entitlement,Database Access Review,Peter Fictum (100254),goon_01j1tr4zwaqk4asgstxy0mjn2k,Entitlement,"Server: P3PWPSQL02, Database: merchantAccounts, DB Role: db_datawriter, Status: Enabled","Server: P3PWPSQL02, Database: merchantAccounts, DB Role: db_datawriter, Status: Enabled",Certification Items Revoked By Rachit Tanwar,Open,Peter Fictum (100254),Rachit Tanwar (440439),,
xA35CEE06247F44 xA35CEE06247F44 (xA35CEE06247F44),Entitlement,Database Access Review,Peter Fictum (100254),xa35cee06247f44,Entitlement,"Server: P3PWDREVSQL01, Database: gdMasterCatalog, DB Role: db_owner, Status: Enabled","Server: P3PWDREVSQL01, Database: gdMasterCatalog, DB Role: db_owner, Status: Enabled",,Open,Peter Fictum (100254),Peter Fictum (100254),,
CHba4ITBZSjR0Aw CHba4ITBZSjR0Aw (CHba4ITBZSjR0Aw),Entitlement,Database Access Review,Peter Fictum (100254),chba4itbzsjr0aw,Entitlement,"Server: P3PWDREVSQL01, Database: deferredRevenue_2006, DB Role: db_datawriter, Status: Enabled","Server: P3PWDREVSQL01, Database: deferredRevenue_2006, DB Role: db_datawriter, Status: Enabled",,Open,Peter Fictum (100254),Peter Fictum (100254),,
cTA66mePGXU8OYX cTA66mePGXU8OYX (cTA66mePGXU8OYX),Entitlement,Database Access Review,Peter Fictum (100254),cta66mepgxu8oyx,Entitlement,"Server: P3PWPCISQL02, Database: Server Level Permission, DB Role: sysadmin, Status: Enabled","Server: P3PWPCISQL02, Database: Server Level Permission, DB Role: sysadmin, Status: Enabled",,Open,Peter Fictum (100254),Peter Fictum (100254),,
DC1\03d051zq1y9A DC1\03d051zq1y9A (DC1\03d051zq1y9A),Entitlement,Database Access Review,Peter Fictum (100254),dc1\03d051zq1y9a,Entitlement,"Server: A2PWPCISQL01, Database: Server Level Permission, DB Role: sysadmin, Status: Enabled","Server: A2PWPCISQL01, Database: Server Level Permission, DB Role: sysadmin, Status: Enabled",,Open,Peter Fictum (100254),Peter Fictum (100254),,
N1_q55F823628CCA4D N1_q55F823628CCA4D (N1_q55F823628CCA4D),Entitlement,Database Access Review,Peter Fictum (100254),n1_q55f823628cca4d,Entitlement,"Server: P3PWDREVSQL01, Database: deferredRevenue_2021, DB Role: db_datawriter, Status: Enabled","Server: P3PWDREVSQL01, Database: deferredRevenue_2021, DB Role: db_datawriter, Status: Enabled",,Open,Peter Fictum (100254),Peter Fictum (100254),,
e8D61E915F63F4B e8D61E915F63F4B (e8D61E915F63F4B),Entitlement,Database Access Review,Peter Fictum (100254),e8d61e915f63f4b,Entitlement,"Server: A2PWDREVSQL02, Database: deferredRevenue_2006, DB Role: db_datawriter, Status: Enabled","Server: A2PWDREVSQL02, Database: deferredRevenue_2006, DB Role: db_datawriter, Status: Enabled",,Open,Peter Fictum (100254),Peter Fictum (100254),,
CHba4ITBZSjR0Aw CHba4ITBZSjR0Aw (CHba4ITBZSjR0Aw),Entitlement,Database Access Review,Peter Fictum (100254),chba4itbzsjr0aw,Entitlement,"Server: A2PWDREVSQL02, Database: deferredRevenue_2009, DB Role: db_datawriter, Status: Enabled","Server: A2PWDREVSQL02, Database: deferredRevenue_2009, DB Role: db_datawriter, Status: Enabled",,Open,Peter Fictum (100254),Peter Fictum (100254),,
dc1\msvc_q5k88m1dcb$ dc1\msvc_q5k88m1dcb$ (dc1\msvc_q5k88m1dcb$),Entitlement,Database Access Review,Peter Fictum (100254),dc1\msvc_q5k88m1dcb$,Entitlement,"Server: P3PWDREVSQL01, Database: deferredRevenue_2018, DB Role: db_datawriter, Status: Enabled","Server: P3PWDREVSQL01, Database: deferredRevenue_2018, DB Role: db_datawriter, Status: Enabled",Certification Items Revoked By Rachit Tanwar,Open,Peter Fictum (100254),Rachit Tanwar (440439),,
CHba4ITBZSjR0Aw CHba4ITBZSjR0Aw (CHba4ITBZSjR0Aw),Entitlement,Database Access Review,Peter Fictum (100254),chba4itbzsjr0aw,Entitlement,"Server: A2PWDREVSQL02, Database: deferredRevenue_2024, DB Role: db_datawriter, Status: Enabled","Server: A2PWDREVSQL02, Database: deferredRevenue_2024, DB Role: db_datawriter, Status: Enabled",,Open,Peter Fictum (100254),Peter Fictum (100254),,
goon_01hzg5v5ftkcf3bvc4gzrgwn9d goon_01hzg5v5ftkcf3bvc4gzrgwn9d (goon_01hzg5v5ftkcf3bvc4gzrgwn9d),Entitlement,Database Access Review,Peter Fictum (100254),goon_01hzg5v5ftkcf3bvc4gzrgwn9d,Entitlement,"Server: A2PWPSQL01, Database: GoDaddy, DB Role: db_datawriter, Status: Enabled","Server: A2PWPSQL01, Database: GoDaddy, DB Role: db_datawriter, Status: Enabled",Certification Items Revoked By Rachit Tanwar,Open,Peter Fictum (100254),Rachit Tanwar (440439),,
goon_01j1trtjmdjgs87htfpp485dbs goon_01j1trtjmdjgs87htfpp485dbs (goon_01j1trtjmdjgs87htfpp485dbs),Entitlement,Database Access Review,Peter Fictum (100254),goon_01j1trtjmdjgs87htfpp485dbs,Entitlement,"Server: P3PWPSQL02, Database: gdInterCompanyReceipt, DB Role: db_datawriter, Status: Enabled","Server: P3PWPSQL02, Database: gdInterCompanyReceipt, DB Role: db_datawriter, Status: Enabled",Certification Items Revoked By Rachit Tanwar,Open,Peter Fictum (100254),Rachit Tanwar (440439),,
Ex9ajxlEd2Rsx4e Ex9ajxlEd2Rsx4e (Ex9ajxlEd2Rsx4e),Entitlement,Database Access Review,Peter Fictum (100254),ex9ajxled2rsx4e,Entitlement,"Server: A2PWDREVSQL02, Database: deferredRevenue_2006, DB Role: db_datawriter, Status: Enabled","Server: A2PWDREVSQL02, Database: deferredRevenue_2006, DB Role: db_datawriter, Status: Enabled",,Open,Peter Fictum (100254),Peter Fictum (100254),,
goon_01j0trnjagv51zwg5bwdky8pan goon_01j0trnjagv51zwg5bwdky8pan (goon_01j0trnjagv51zwg5bwdky8pan),Entitlement,Database Access Review,Peter Fictum (100254),goon_01j0trnjagv51zwg5bwdky8pan,Entitlement,"Server: P3PWPSQL02, Database: merchantAccounts, DB Role: db_datawriter, Status: Enabled","Server: P3PWPSQL02, Database: merchantAccounts, DB Role: db_datawriter, Status: Enabled",Certification Items Revoked By Rachit Tanwar,Open,Peter Fictum (100254),Rachit Tanwar (440439),,
Gregory Perschbacher (200307),Entitlement,Database Access Review,Peter Fictum (100254),dc1\gperschbacher,Entitlement,"Server: A2PWPSQL01, Database: SSL, DB Role: db_datawriter, Status: Enabled, Via AD Group: Dev-orion App","Server: A2PWPSQL01, Database: SSL, DB Role: db_datawriter, Status: Enabled, Via AD Group: Dev-orion App",,Finished,Peter Fictum (100254),Hemanth Kumar Guntupalli (419032),"2/23/26, 5:05 PM",
e8D61E915F63F4B e8D61E915F63F4B (e8D61E915F63F4B),Entitlement,Database Access Review,Peter Fictum (100254),e8d61e915f63f4b,Entitlement,"Server: A2PWDREVSQL02, Database: deferredRevenue_2025, DB Role: db_datawriter, Status: Enabled","Server: A2PWDREVSQL02, Database: deferredRevenue_2025, DB Role: db_datawriter, Status: Enabled",,Open,Peter Fictum (100254),Peter Fictum (100254),,
Ex9ajxlEd2Rsx4e Ex9ajxlEd2Rsx4e (Ex9ajxlEd2Rsx4e),Entitlement,Database Access Review,Peter Fictum (100254),ex9ajxled2rsx4e,Entitlement,"Server: A2PWDREVSQL02, Database: deferredRevenue_2022, DB Role: db_datawriter, Status: Enabled","Server: A2PWDREVSQL02, Database: deferredRevenue_2022, DB Role: db_datawriter, Status: Enabled",,Open,Peter Fictum (100254),Peter Fictum (100254),,
a8HN9Xm7HY6OWEa a8HN9Xm7HY6OWEa (a8HN9Xm7HY6OWEa),Entitlement,Database Access Review,Peter Fictum (100254),a8hn9xm7hy6owea,Entitlement,"Server: A2PWDREVSQL02, Database: deferredRevenue_2009, DB Role: db_datawriter, Status: Enabled","Server: A2PWDREVSQL02, Database: deferredRevenue_2009, DB Role: db_datawriter, Status: Enabled",,Open,Peter Fictum (100254),Peter Fictum (100254),,
cd3NFgOLLZkhZzk cd3NFgOLLZkhZzk (cd3NFgOLLZkhZzk),Entitlement,Database Access Review,Peter Fictum (100254),cd3nfgollzkhzzk,Entitlement,"Server: A2PWHYDRASQL01, Database: Server Level Permission, DB Role: sysadmin, Status: Enabled","Server: A2PWHYDRASQL01, Database: Server Level Permission, DB Role: sysadmin, Status: Enabled",,Open,Peter Fictum (100254),Peter Fictum (100254),,
goon_01j1trtjmdjgs87htfpp485dbs goon_01j1trtjmdjgs87htfpp485dbs (goon_01j1trtjmdjgs87htfpp485dbs),Entitlement,Database Access Review,Peter Fictum (100254),goon_01j1trtjmdjgs87htfpp485dbs,Entitlement,"Server: P3PWPSQL02, Database: godaddyCPL, DB Role: db_datawriter, Status: Enabled","Server: P3PWPSQL02, Database: godaddyCPL, DB Role: db_datawriter, Status: Enabled",Certification Items Revoked By Rachit Tanwar,Open,Peter Fictum (100254),Rachit Tanwar (440439),,
Qiong Wu (412584),Entitlement,Database Access Review,Peter Fictum (100254),dc1\qwu,Entitlement,"Server: A2PWDREVSQL02, Database: deferredRevenue_2025, DB Role: db_owner, Status: Enabled","Server: A2PWDREVSQL02, Database: deferredRevenue_2025, DB Role: db_owner, Status: Enabled",,Open,Peter Fictum (100254),Bryan Focht (202136),,
goon_01j1tr4zwaqk4asgstxy0mjn2k goon_01j1tr4zwaqk4asgstxy0mjn2k (goon_01j1tr4zwaqk4asgstxy0mjn2k),Entitlement,Database Access Review,Peter Fictum (100254),goon_01j1tr4zwaqk4asgstxy0mjn2k,Entitlement,"Server: P3PWPSQL02, Database: godaddyBilling, DB Role: db_datawriter, Status: Enabled","Server: P3PWPSQL02, Database: godaddyBilling, DB Role: db_datawriter, Status: Enabled",Certification Items Revoked By Rachit Tanwar,Open,Peter Fictum (100254),Rachit Tanwar (440439),,
a8HN9Xm7HY6OWEa a8HN9Xm7HY6OWEa (a8HN9Xm7HY6OWEa),Entitlement,Database Access Review,Peter Fictum (100254),a8hn9xm7hy6owea,Entitlement,"Server: A2PWDREVSQL02, Database: deferredRevenue_2005, DB Role: db_datawriter, Status: Enabled","Server: A2PWDREVSQL02, Database: deferredRevenue_2005, DB Role: db_datawriter, Status: Enabled",,Open,Peter Fictum (100254),Peter Fictum (100254),,
goon_01j0trnjagv51zwg5bwdky8pan goon_01j0trnjagv51zwg5bwdky8pan (goon_01j0trnjagv51zwg5bwdky8pan),Entitlement,Database Access Review,Peter Fictum (100254),goon_01j0trnjagv51zwg5bwdky8pan,Entitlement,"Server: P3PWPSQL02, Database: gdMasterCatalog, DB Role: db_datawriter, Status: Enabled","Server: P3PWPSQL02, Database: gdMasterCatalog, DB Role: db_datawriter, Status: Enabled",Certification Items Revoked By Rachit Tanwar,Open,Peter Fictum (100254),Rachit Tanwar (440439),,
dc1\msvc_q5k88m1dcb$ dc1\msvc_q5k88m1dcb$ (dc1\msvc_q5k88m1dcb$),Entitlement,Database Access Review,Peter Fictum (100254),dc1\msvc_q5k88m1dcb$,Entitlement,"Server: P3PWDREVSQL01, Database: deferredRevenue_2025, DB Role: db_datawriter, Status: Enabled","Server: P3PWDREVSQL01, Database: deferredRevenue_2025, DB Role: db_datawriter, Status: Enabled",Certification Items Revoked By Rachit Tanwar,Open,Peter Fictum (100254),Rachit Tanwar (440439),,
g499A69A4AB5441 g499A69A4AB5441 (g499A69A4AB5441),Entitlement,Database Access Review,Peter Fictum (100254),g499a69a4ab5441,Entitlement,"Server: P3PWDREVSQL01, Database: deferredRevenue_2019, DB Role: db_owner, Status: Enabled","Server: P3PWDREVSQL01, Database: deferredRevenue_2019, DB Role: db_owner, Status: Enabled",,Open,Peter Fictum (100254),Peter Fictum (100254),,
zy7LVlWVZiZjTez zy7LVlWVZiZjTez (zy7LVlWVZiZjTez),Entitlement,Database Access Review,Peter Fictum (100254),zy7lvlwvzizjtez,Entitlement,"Server: A2PWPCISQL01, Database: goDaddyBasket, DB Role: db_datawriter, Status: Enabled","Server: A2PWPCISQL01, Database: goDaddyBasket, DB Role: db_datawriter, Status: Enabled",,Open,Peter Fictum (100254),Peter Fictum (100254),,
r39EF07C3E73C42 r39EF07C3E73C42 (r39EF07C3E73C42),Entitlement,Database Access Review,Peter Fictum (100254),r39ef07c3e73c42,Entitlement,"Server: A2PWDREVSQL02, Database: deferredRevenue_2023, DB Role: db_datawriter, Status: Enabled","Server: A2PWDREVSQL02, Database: deferredRevenue_2023, DB Role: db_datawriter, Status: Enabled",,Open,Peter Fictum (100254),Peter Fictum (100254),,
r39EF07C3E73C42 r39EF07C3E73C42 (r39EF07C3E73C42),Entitlement,Database Access Review,Peter Fictum (100254),r39ef07c3e73c42,Entitlement,"Server: P3PWDREVSQL01, Database: deferredRevenue_2017, DB Role: db_datawriter, Status: Enabled","Server: P3PWDREVSQL01, Database: deferredRevenue_2017, DB Role: db_datawriter, Status: Enabled",,Open,Peter Fictum (100254),Peter Fictum (100254),,
N1_q55F823628CCA4D N1_q55F823628CCA4D (N1_q55F823628CCA4D),Entitlement,Database Access Review,Peter Fictum (100254),n1_q55f823628cca4d,Entitlement,"Server: A2PWDREVSQL02, Database: deferredRevenue, DB Role: db_datawriter, Status: Enabled","Server: A2PWDREVSQL02, Database: deferredRevenue, DB Role: db_datawriter, Status: Enabled",,Open,Peter Fictum (100254),Peter Fictum (100254),,
DC1\02d414pd4uaaA DC1\02d414pd4uaaA (DC1\02d414pd4uaaA),Entitlement,Database Access Review,Peter Fictum (100254),dc1\02d414pd4uaaa,Entitlement,"Server: P3PWACTSQL03, Database: Domains, DB Role: db_owner, Status: Enabled","Server: P3PWACTSQL03, Database: Domains, DB Role: db_owner, Status: Enabled",Refer to RITM2878181 for MSSQL Removal ticket.,Finished,Peter Fictum (100254),Brittany Randall (200303),"2/27/26, 9:03 PM",
Ex9ajxlEd2Rsx4e Ex9ajxlEd2Rsx4e (Ex9ajxlEd2Rsx4e),Entitlement,Database Access Review,Peter Fictum (100254),ex9ajxled2rsx4e,Entitlement,"Server: P3PWDREVSQL01, Database: deferredRevenue_2021, DB Role: db_datawriter, Status: Enabled","Server: P3PWDREVSQL01, Database: deferredRevenue_2021, DB Role: db_datawriter, Status: Enabled",,Open,Peter Fictum (100254),Peter Fictum (100254),,
e8D61E915F63F4B e8D61E915F63F4B (e8D61E915F63F4B),Entitlement,Database Access Review,Peter Fictum (100254),e8d61e915f63f4b,Entitlement,"Server: A2PWDREVSQL02, Database: deferredRevenue_2011, DB Role: db_datawriter, Status: Enabled","Server: A2PWDREVSQL02, Database: deferredRevenue_2011, DB Role: db_datawriter, Status: Enabled",,Open,Peter Fictum (100254),Peter Fictum (100254),,
Vera Oshyna (427789),Entitlement,Database Access Review,Peter Fictum (100254),dc1\voshyna,Entitlement,"Server: A2PWPSQL01, Database: GoDaddy, DB Role: db_owner, Status: Enabled","Server: A2PWPSQL01, Database: GoDaddy, DB Role: db_owner, Status: Enabled",,Finished,Peter Fictum (100254),Hemanth Kumar Guntupalli (419032),"2/19/26, 12:06 AM",
goon_01j1trt98wnqskxskyq7fek4wd goon_01j1trt98wnqskxskyq7fek4wd (goon_01j1trt98wnqskxskyq7fek4wd),Entitlement,Database Access Review,Peter Fictum (100254),goon_01j1trt98wnqskxskyq7fek4wd,Entitlement,"Server: P3PWPSQL02, Database: SSL, DB Role: db_datawriter, Status: Enabled","Server: P3PWPSQL02, Database: SSL, DB Role: db_datawriter, Status: Enabled",Certification Items Revoked By Rachit Tanwar,Open,Peter Fictum (100254),Rachit Tanwar (440439),,
r39EF07C3E73C42 r39EF07C3E73C42 (r39EF07C3E73C42),Entitlement,Database Access Review,Peter Fictum (100254),r39ef07c3e73c42,Entitlement,"Server: P3PWDREVSQL01, Database: deferredRevenue_xxxx, DB Role: db_datawriter, Status: Enabled","Server: P3PWDREVSQL01, Database: deferredRevenue_xxxx, DB Role: db_datawriter, Status: Enabled",,Open,Peter Fictum (100254),Peter Fictum (100254),,
ytyb676vbklm8uh ytyb676vbklm8uh (ytyb676vbklm8uh),Entitlement,Database Access Review,Peter Fictum (100254),ytyb676vbklm8uh,Entitlement,"Server: P3PWBIGRPTSQL03, Database: godaddyAccounting, DB Role: db_datawriter, Status: Enabled","Server: P3PWBIGRPTSQL03, Database: godaddyAccounting, DB Role: db_datawriter, Status: Enabled",,Finished,Peter Fictum (100254),Peter Fictum (100254),"2/27/26, 9:03 PM",
DT6TQO6Z81U0J6Y DT6TQO6Z81U0J6Y (DT6TQO6Z81U0J6Y),Entitlement,Database Access Review,Peter Fictum (100254),dt6tqo6z81u0j6y,Entitlement,"Server: A2PWPCISQL01, Database: Server Level Permission, DB Role: sysadmin, Status: Enabled","Server: A2PWPCISQL01, Database: Server Level Permission, DB Role: sysadmin, Status: Enabled",,Open,Peter Fictum (100254),Peter Fictum (100254),,
n05A4824586384F n05A4824586384F (n05A4824586384F),Entitlement,Database Access Review,Peter Fictum (100254),n05a4824586384f,Entitlement,"Server: A2PWHYDRASQL01, Database: Server Level Permission, DB Role: sysadmin, Status: Enabled","Server: A2PWHYDRASQL01, Database: Server Level Permission, DB Role: sysadmin, Status: Enabled",,Open,Peter Fictum (100254),Peter Fictum (100254),,
y9475B04EF79642 y9475B04EF79642 (y9475B04EF79642),Entitlement,Database Access Review,Peter Fictum (100254),y9475b04ef79642,Entitlement,"Server: P3PWBIGRPTSQL04, Database: Server Level Permission, DB Role: dbcreator, Status: Enabled","Server: P3PWBIGRPTSQL04, Database: Server Level Permission, DB Role: dbcreator, Status: Enabled",,Finished,Peter Fictum (100254),Peter Fictum (100254),"2/27/26, 9:03 PM",
k103ACDA54EE341 k103ACDA54EE341 (k103ACDA54EE341),Entitlement,Database Access Review,Peter Fictum (100254),k103acda54ee341,Entitlement,"Server: P3PWBIGRPTSQL03, Database: Server Level Permission, DB Role: sysadmin, Status: Enabled","Server: P3PWBIGRPTSQL03, Database: Server Level Permission, DB Role: sysadmin, Status: Enabled",,Finished,Peter Fictum (100254),Peter Fictum (100254),"2/27/26, 9:03 PM",
Ex9ajxlEd2Rsx4e Ex9ajxlEd2Rsx4e (Ex9ajxlEd2Rsx4e),Entitlement,Database Access Review,Peter Fictum (100254),ex9ajxled2rsx4e,Entitlement,"Server: A2PWDREVSQL02, Database: deferredRevenue_2020, DB Role: db_datawriter, Status: Enabled","Server: A2PWDREVSQL02, Database: deferredRevenue_2020, DB Role: db_datawriter, Status: Enabled",,Open,Peter Fictum (100254),Peter Fictum (100254),,
GPAdmin GPAdmin (GPAdmin),Entitlement,Database Access Review,Peter Fictum (100254),gpadmin,Entitlement,"Server: A2PWHYDRASQL01, Database: Server Level Permission, DB Role: sysadmin, Status: Enabled","Server: A2PWHYDRASQL01, Database: Server Level Permission, DB Role: sysadmin, Status: Enabled",,Open,Peter Fictum (100254),Peter Fictum (100254),,
goon_01j1tq5qz035qxrd2h2vyyweza goon_01j1tq5qz035qxrd2h2vyyweza (goon_01j1tq5qz035qxrd2h2vyyweza),Entitlement,Database Access Review,Peter Fictum (100254),goon_01j1tq5qz035qxrd2h2vyyweza,Entitlement,"Server: P3PWPSQL02, Database: GoDaddy, DB Role: db_datawriter, Status: Enabled","Server: P3PWPSQL02, Database: GoDaddy, DB Role: db_datawriter, Status: Enabled",Certification Items Revoked By Rachit Tanwar,Open,Peter Fictum (100254),Rachit Tanwar (440439),,
goon_01j1tr4k2av6ns00594p32xfsw goon_01j1tr4k2av6ns00594p32xfsw (goon_01j1tr4k2av6ns00594p32xfsw),Entitlement,Database Access Review,Peter Fictum (100254),goon_01j1tr4k2av6ns00594p32xfsw,Entitlement,"Server: A2PWPSQL01, Database: gdInterCompanyReceipt, DB Role: db_datawriter, Status: Enabled","Server: A2PWPSQL01, Database: gdInterCompanyReceipt, DB Role: db_datawriter, Status: Enabled",Certification Items Revoked By Rachit Tanwar,Open,Peter Fictum (100254),Rachit Tanwar (440439),,
goon_01j0trnjagv51zwg5bwdky8pan goon_01j0trnjagv51zwg5bwdky8pan (goon_01j0trnjagv51zwg5bwdky8pan),Entitlement,Database Access Review,Peter Fictum (100254),goon_01j0trnjagv51zwg5bwdky8pan,Entitlement,"Server: A2PWPSQL01, Database: merchantAccounts, DB Role: db_datawriter, Status: Enabled","Server: A2PWPSQL01, Database: merchantAccounts, DB Role: db_datawriter, Status: Enabled",Certification Items Revoked By Rachit Tanwar,Open,Peter Fictum (100254),Rachit Tanwar (440439),,
goon_01j1d6ks6wbrawe1gmpcthaqg1 goon_01j1d6ks6wbrawe1gmpcthaqg1 (goon_01j1d6ks6wbrawe1gmpcthaqg1),Entitlement,Database Access Review,Peter Fictum (100254),goon_01j1d6ks6wbrawe1gmpcthaqg1,Entitlement,"Server: P3PWPSQL02, Database: gdMasterPromo, DB Role: db_datawriter, Status: Enabled","Server: P3PWPSQL02, Database: gdMasterPromo, DB Role: db_datawriter, Status: Enabled",,Open,Peter Fictum (100254),Peter Fictum (100254),,
Rahul Maurya (421405),Entitlement,Database Access Review,Peter Fictum (100254),dc1\rmaurya,Entitlement,"Server: A2PWPSQL01, Database: GoDaddy, DB Role: db_owner, Status: Enabled","Server: A2PWPSQL01, Database: GoDaddy, DB Role: db_owner, Status: Enabled",Certification Items Revoked By Rachit Tanwar,Open,Peter Fictum (100254),Rachit Tanwar (440439),,
N2_e9C7A90E3DB8448 N2_e9C7A90E3DB8448 (N2_e9C7A90E3DB8448),Entitlement,Database Access Review,Peter Fictum (100254),n2_e9c7a90e3db8448,Entitlement,"Server: A2PWDREVSQL02, Database: deferredRevenue_2025, DB Role: db_datawriter, Status: Enabled","Server: A2PWDREVSQL02, Database: deferredRevenue_2025, DB Role: db_datawriter, Status: Enabled",,Open,Peter Fictum (100254),Peter Fictum (100254),,
Cory Ramsey (102590),Entitlement,Database Access Review,Peter Fictum (100254),dc1\cramsey,Entitlement,"Server: P3PWBIGRPTSQL04, Database: Server Level Permission, DB Role: sysadmin, Status: Enabled","Server: P3PWBIGRPTSQL04, Database: Server Level Permission, DB Role: sysadmin, Status: Enabled",Certification Items Revoked By Rachit Tanwar,Finished,Peter Fictum (100254),Rachit Tanwar (440439),"2/27/26, 9:03 PM",
goon_01j1fpanf692rtz7k14a73mdpr goon_01j1fpanf692rtz7k14a73mdpr (goon_01j1fpanf692rtz7k14a73mdpr),Entitlement,Database Access Review,Peter Fictum (100254),goon_01j1fpanf692rtz7k14a73mdpr,Entitlement,"Server: P3PWPSQL02, Database: gdMasterCatalog, DB Role: db_datawriter, Status: Enabled","Server: P3PWPSQL02, Database: gdMasterCatalog, DB Role: db_datawriter, Status: Enabled",Certification Items Revoked By Rachit Tanwar,Open,Peter Fictum (100254),Rachit Tanwar (440439),,
RLAdmin RLAdmin (RLAdmin),Entitlement,Database Access Review,Peter Fictum (100254),rladmin,Entitlement,"Server: P3PWHYDRASQL02, Database: Server Level Permission, DB Role: sysadmin, Status: Enabled","Server: P3PWHYDRASQL02, Database: Server Level Permission, DB Role: sysadmin, Status: Enabled",,Open,Peter Fictum (100254),Peter Fictum (100254),,
oDD15A7AED8D148 oDD15A7AED8D148 (oDD15A7AED8D148),Entitlement,Database Access Review,Peter Fictum (100254),odd15a7aed8d148,Entitlement,"Server: A2PWPCISQL01, Database: Server Level Permission, DB Role: sysadmin, Status: Enabled","Server: A2PWPCISQL01, Database: Server Level Permission, DB Role: sysadmin, Status: Enabled",,Open,Peter Fictum (100254),Peter Fictum (100254),,
N1_q55F823628CCA4D N1_q55F823628CCA4D (N1_q55F823628CCA4D),Entitlement,Database Access Review,Peter Fictum (100254),n1_q55f823628cca4d,Entitlement,"Server: P3PWDREVSQL01, Database: deferredRevenue_2017, DB Role: db_datawriter, Status: Enabled","Server: P3PWDREVSQL01, Database: deferredRevenue_2017, DB Role: db_datawriter, Status: Enabled",,Open,Peter Fictum (100254),Peter Fictum (100254),,
N1_p31CA67B5A9FF4B N1_p31CA67B5A9FF4B (N1_p31CA67B5A9FF4B),Entitlement,Database Access Review,Peter Fictum (100254),n1_p31ca67b5a9ff4b,Entitlement,"Server: P3PWBIGRPTSQL03, Database: Server Level Permission, DB Role: sysadmin, Status: Enabled","Server: P3PWBIGRPTSQL03, Database: Server Level Permission, DB Role: sysadmin, Status: Enabled",,Finished,Peter Fictum (100254),Peter Fictum (100254),"2/27/26, 9:03 PM",
goon_01j1trt98wnqskxskyq7fek4wd goon_01j1trt98wnqskxskyq7fek4wd (goon_01j1trt98wnqskxskyq7fek4wd),Entitlement,Database Access Review,Peter Fictum (100254),goon_01j1trt98wnqskxskyq7fek4wd,Entitlement,"Server: A2PWPSQL01, Database: gdMasterCatalog, DB Role: db_datawriter, Status: Enabled","Server: A2PWPSQL01, Database: gdMasterCatalog, DB Role: db_datawriter, Status: Enabled",Certification Items Revoked By Rachit Tanwar,Open,Peter Fictum (100254),Rachit Tanwar (440439),,
goon_01j0trnjagv51zwg5bwdky8pan goon_01j0trnjagv51zwg5bwdky8pan (goon_01j0trnjagv51zwg5bwdky8pan),Entitlement,Database Access Review,Peter Fictum (100254),goon_01j0trnjagv51zwg5bwdky8pan,Entitlement,"Server: P3PWPSQL02, Database: GoDaddy, DB Role: db_datawriter, Status: Enabled","Server: P3PWPSQL02, Database: GoDaddy, DB Role: db_datawriter, Status: Enabled",Certification Items Revoked By Rachit Tanwar,Open,Peter Fictum (100254),Rachit Tanwar (440439),,
goon_01j1tq5p8ey1vw4r5v2d3wx4cr goon_01j1tq5p8ey1vw4r5v2d3wx4cr (goon_01j1tq5p8ey1vw4r5v2d3wx4cr),Entitlement,Database Access Review,Peter Fictum (100254),goon_01j1tq5p8ey1vw4r5v2d3wx4cr,Entitlement,"Server: P3PWPSQL02, Database: merchantAccounts, DB Role: db_datawriter, Status: Enabled","Server: P3PWPSQL02, Database: merchantAccounts, DB Role: db_datawriter, Status: Enabled",Certification Items Revoked By Rachit Tanwar,Open,Peter Fictum (100254),Rachit Tanwar (440439),,
r39EF07C3E73C42 r39EF07C3E73C42 (r39EF07C3E73C42),Entitlement,Database Access Review,Peter Fictum (100254),r39ef07c3e73c42,Entitlement,"Server: A2PWDREVSQL02, Database: deferredRevenue_2021, DB Role: db_datawriter, Status: Enabled","Server: A2PWDREVSQL02, Database: deferredRevenue_2021, DB Role: db_datawriter, Status: Enabled",,Open,Peter Fictum (100254),Peter Fictum (100254),,
N2_e9C7A90E3DB8448 N2_e9C7A90E3DB8448 (N2_e9C7A90E3DB8448),Entitlement,Database Access Review,Peter Fictum (100254),n2_e9c7a90e3db8448,Entitlement,"Server: P3PWDREVSQL01, Database: deferredRevenue_2016, DB Role: db_datawriter, Status: Enabled","Server: P3PWDREVSQL01, Database: deferredRevenue_2016, DB Role: db_datawriter, Status: Enabled",,Open,Peter Fictum (100254),Peter Fictum (100254),,
Vera Oshyna (427789),Entitlement,Database Access Review,Peter Fictum (100254),dc1\voshyna,Entitlement,"Server: P3PWPSQL02, Database: godaddyBilling, DB Role: db_owner, Status: Enabled","Server: P3PWPSQL02, Database: godaddyBilling, DB Role: db_owner, Status: Enabled",,Finished,Peter Fictum (100254),Hemanth Kumar Guntupalli (419032),"2/19/26, 12:06 AM",
sageInstall sageInstall (sageInstall),Entitlement,Database Access Review,Peter Fictum (100254),sageinstall,Entitlement,"Server: P3PWHYDRASQL02, Database: Server Level Permission, DB Role: sysadmin, Status: Enabled","Server: P3PWHYDRASQL02, Database: Server Level Permission, DB Role: sysadmin, Status: Enabled",,Open,Peter Fictum (100254),Peter Fictum (100254),,
goon_01j1tq5p8ey1vw4r5v2d3wx4cr goon_01j1tq5p8ey1vw4r5v2d3wx4cr (goon_01j1tq5p8ey1vw4r5v2d3wx4cr),Entitlement,Database Access Review,Peter Fictum (100254),goon_01j1tq5p8ey1vw4r5v2d3wx4cr,Entitlement,"Server: A2PWPSQL01, Database: GoDaddyCPL, DB Role: db_datawriter, Status: Enabled","Server: A2PWPSQL01, Database: GoDaddyCPL, DB Role: db_datawriter, Status: Enabled",Certification Items Revoked By Rachit Tanwar,Open,Peter Fictum (100254),Rachit Tanwar (440439),,
N1_q55F823628CCA4D N1_q55F823628CCA4D (N1_q55F823628CCA4D),Entitlement,Database Access Review,Peter Fictum (100254),n1_q55f823628cca4d,Entitlement,"Server: A2PWDREVSQL02, Database: deferredRevenue_xxxx, DB Role: db_datawriter, Status: Enabled","Server: A2PWDREVSQL02, Database: deferredRevenue_xxxx, DB Role: db_datawriter, Status: Enabled",,Open,Peter Fictum (100254),Peter Fictum (100254),,
e8D61E915F63F4B e8D61E915F63F4B (e8D61E915F63F4B),Entitlement,Database Access Review,Peter Fictum (100254),e8d61e915f63f4b,Entitlement,"Server: A2PWDREVSQL02, Database: deferredRevenue_2024, DB Role: db_datawriter, Status: Enabled","Server: A2PWDREVSQL02, Database: deferredRevenue_2024, DB Role: db_datawriter, Status: Enabled",,Open,Peter Fictum (100254),Peter Fictum (100254),,
goon_01hzg5v5ftkcf3bvc4gzrgwn9d goon_01hzg5v5ftkcf3bvc4gzrgwn9d (goon_01hzg5v5ftkcf3bvc4gzrgwn9d),Entitlement,Database Access Review,Peter Fictum (100254),goon_01hzg5v5ftkcf3bvc4gzrgwn9d,Entitlement,"Server: P3PWPSQL02, Database: gdMasterCatalog, DB Role: db_datawriter, Status: Enabled","Server: P3PWPSQL02, Database: gdMasterCatalog, DB Role: db_datawriter, Status: Enabled",Certification Items Revoked By Rachit Tanwar,Open,Peter Fictum (100254),Rachit Tanwar (440439),,
a8HN9Xm7HY6OWEa a8HN9Xm7HY6OWEa (a8HN9Xm7HY6OWEa),Entitlement,Database Access Review,Peter Fictum (100254),a8hn9xm7hy6owea,Entitlement,"Server: A2PWDREVSQL02, Database: deferredRevenue_2006, DB Role: db_datawriter, Status: Enabled","Server: A2PWDREVSQL02, Database: deferredRevenue_2006, DB Role: db_datawriter, Status: Enabled",,Open,Peter Fictum (100254),Peter Fictum (100254),,
goon_01j1tr4zwaqk4asgstxy0mjn2k goon_01j1tr4zwaqk4asgstxy0mjn2k (goon_01j1tr4zwaqk4asgstxy0mjn2k),Entitlement,Database Access Review,Peter Fictum (100254),goon_01j1tr4zwaqk4asgstxy0mjn2k,Entitlement,"Server: A2PWPSQL01, Database: godaddyBilling, DB Role: db_datawriter, Status: Enabled","Server: A2PWPSQL01, Database: godaddyBilling, DB Role: db_datawriter, Status: Enabled",Certification Items Revoked By Rachit Tanwar,Open,Peter Fictum (100254),Rachit Tanwar (440439),,
goon_01j2ey6gfd49epgn7h92nmsvrv goon_01j2ey6gfd49epgn7h92nmsvrv (goon_01j2ey6gfd49epgn7h92nmsvrv),Entitlement,Database Access Review,Peter Fictum (100254),goon_01j2ey6gfd49epgn7h92nmsvrv,Entitlement,"Server: A2PWPSQL01, Database: godaddyBilling, DB Role: db_datawriter, Status: Enabled","Server: A2PWPSQL01, Database: godaddyBilling, DB Role: db_datawriter, Status: Enabled",Certification Items Revoked By Rachit Tanwar,Open,Peter Fictum (100254),Rachit Tanwar (440439),,
g499A69A4AB5441 g499A69A4AB5441 (g499A69A4AB5441),Entitlement,Database Access Review,Peter Fictum (100254),g499a69a4ab5441,Entitlement,"Server: A2PWDREVSQL02, Database: deferredRevenue_2021, DB Role: db_owner, Status: Enabled","Server: A2PWDREVSQL02, Database: deferredRevenue_2021, DB Role: db_owner, Status: Enabled",,Open,Peter Fictum (100254),Peter Fictum (100254),,
jjj8787hnhiuiun jjj8787hnhiuiun (jjj8787hnhiuiun),Entitlement,Database Access Review,Peter Fictum (100254),jjj8787hnhiuiun,Entitlement,"Server: P3PWBIGRPTSQL04, Database: godaddyAccounting, DB Role: db_datawriter, Status: Enabled","Server: P3PWBIGRPTSQL04, Database: godaddyAccounting, DB Role: db_datawriter, Status: Enabled",,Finished,Peter Fictum (100254),Peter Fictum (100254),"2/27/26, 9:03 PM",
s151376F08F2A00 s151376F08F2A00 (s151376F08F2A00),Entitlement,Database Access Review,Peter Fictum (100254),s151376f08f2a00,Entitlement,"Server: P3PWBIGRPTSQL03, Database: Server Level Permission, DB Role: sysadmin, Status: Enabled","Server: P3PWBIGRPTSQL03, Database: Server Level Permission, DB Role: sysadmin, Status: Enabled",,Finished,Peter Fictum (100254),Peter Fictum (100254),"2/27/26, 9:03 PM",
dc1\msvc_q5k88m1dcb$ dc1\msvc_q5k88m1dcb$ (dc1\msvc_q5k88m1dcb$),Entitlement,Database Access Review,Peter Fictum (100254),dc1\msvc_q5k88m1dcb$,Entitlement,"Server: P3PWDREVSQL01, Database: deferredRevenue_2016, DB Role: db_datawriter, Status: Enabled","Server: P3PWDREVSQL01, Database: deferredRevenue_2016, DB Role: db_datawriter, Status: Enabled",Certification Items Revoked By Rachit Tanwar,Open,Peter Fictum (100254),Rachit Tanwar (440439),,
nMo0jUb56543Csa nMo0jUb56543Csa (nMo0jUb56543Csa),Entitlement,Database Access Review,Peter Fictum (100254),nmo0jub56543csa,Entitlement,"Server: P3PWPSQL02, Database: godaddyBilling, DB Role: db_datawriter, Status: Enabled","Server: P3PWPSQL02, Database: godaddyBilling, DB Role: db_datawriter, Status: Enabled",Certification Items Revoked By Rachit Tanwar,Open,Peter Fictum (100254),Rachit Tanwar (440439),,
dc1\msvc_q5k88m1dcb$ dc1\msvc_q5k88m1dcb$ (dc1\msvc_q5k88m1dcb$),Entitlement,Database Access Review,Peter Fictum (100254),dc1\msvc_q5k88m1dcb$,Entitlement,"Server: P3PWDREVSQL01, Database: deferredRevenue_2022, DB Role: db_datawriter, Status: Enabled","Server: P3PWDREVSQL01, Database: deferredRevenue_2022, DB Role: db_datawriter, Status: Enabled",Certification Items Revoked By Rachit Tanwar,Open,Peter Fictum (100254),Rachit Tanwar (440439),,
DC1\Dev-Web-eCommDB DC1\Dev-Web-eCommDB (DC1\Dev-Web-eCommDB),Entitlement,Database Access Review,Peter Fictum (100254),dc1\dev-web-ecommdb,Entitlement,"Server: P3PWFKSQL02, Database: Server Level Permission, DB Role: sysadmin, Status: Enabled","Server: P3PWFKSQL02, Database: Server Level Permission, DB Role: sysadmin, Status: Enabled",Just read-only access to these boxes should be sufficient for the group,Open,Peter Fictum (100254),Dmitry Bayev (421012),,
Ex9ajxlEd2Rsx4e Ex9ajxlEd2Rsx4e (Ex9ajxlEd2Rsx4e),Entitlement,Database Access Review,Peter Fictum (100254),ex9ajxled2rsx4e,Entitlement,"Server: P3PWDREVSQL01, Database: deferredRevenue_2019, DB Role: db_datawriter, Status: Enabled","Server: P3PWDREVSQL01, Database: deferredRevenue_2019, DB Role: db_datawriter, Status: Enabled",,Open,Peter Fictum (100254),Peter Fictum (100254),,
s1AC21C0EC3D257 s1AC21C0EC3D257 (s1AC21C0EC3D257),Entitlement,Database Access Review,Peter Fictum (100254),s1ac21c0ec3d257,Entitlement,"Server: P3PWFKSQL02, Database: Server Level Permission, DB Role: sysadmin, Status: Enabled","Server: P3PWFKSQL02, Database: Server Level Permission, DB Role: sysadmin, Status: Enabled",,Open,Peter Fictum (100254),Peter Fictum (100254),,
Vera Oshyna (427789),Entitlement,Database Access Review,Peter Fictum (100254),dc1\voshyna,Entitlement,"Server: P3PWPCISQL02, Database: Server Level Permission, DB Role: sysadmin, Status: Enabled, Via AD Group: Dev-Web-eCommDB","Server: P3PWPCISQL02, Database: Server Level Permission, DB Role: sysadmin, Status: Enabled, Via AD Group: Dev-Web-eCommDB",,Finished,Peter Fictum (100254),Hemanth Kumar Guntupalli (419032),"2/19/26, 12:06 AM",
g499A69A4AB5441 g499A69A4AB5441 (g499A69A4AB5441),Entitlement,Database Access Review,Peter Fictum (100254),g499a69a4ab5441,Entitlement,"Server: P3PWDREVSQL01, Database: accountingDeferredRevenue, DB Role: db_owner, Status: Enabled","Server: P3PWDREVSQL01, Database: accountingDeferredRevenue, DB Role: db_owner, Status: Enabled",,Open,Peter Fictum (100254),Peter Fictum (100254),,
FPAdmin FPAdmin (FPAdmin),Entitlement,Database Access Review,Peter Fictum (100254),fpadmin,Entitlement,"Server: P3PWHYDRASQL02, Database: Server Level Permission, DB Role: sysadmin, Status: Enabled","Server: P3PWHYDRASQL02, Database: Server Level Permission, DB Role: sysadmin, Status: Enabled",,Open,Peter Fictum (100254),Peter Fictum (100254),,
nhbhuj8u8ijkmnd nhbhuj8u8ijkmnd (nhbhuj8u8ijkmnd),Entitlement,Database Access Review,Peter Fictum (100254),nhbhuj8u8ijkmnd,Entitlement,"Server: A2PWPCISQL01, Database: Server Level Permission, DB Role: sysadmin, Status: Enabled","Server: A2PWPCISQL01, Database: Server Level Permission, DB Role: sysadmin, Status: Enabled",,Open,Peter Fictum (100254),Peter Fictum (100254),,
g499A69A4AB5441 g499A69A4AB5441 (g499A69A4AB5441),Entitlement,Database Access Review,Peter Fictum (100254),g499a69a4ab5441,Entitlement,"Server: A2PWDREVSQL02, Database: deferredRevenue_2025, DB Role: db_owner, Status: Enabled","Server: A2PWDREVSQL02, Database: deferredRevenue_2025, DB Role: db_owner, Status: Enabled",,Open,Peter Fictum (100254),Peter Fictum (100254),,
goon_01j1tq5p8ey1vw4r5v2d3wx4cr goon_01j1tq5p8ey1vw4r5v2d3wx4cr (goon_01j1tq5p8ey1vw4r5v2d3wx4cr),Entitlement,Database Access Review,Peter Fictum (100254),goon_01j1tq5p8ey1vw4r5v2d3wx4cr,Entitlement,"Server: P3PWPSQL02, Database: GoDaddy, DB Role: db_datawriter, Status: Enabled","Server: P3PWPSQL02, Database: GoDaddy, DB Role: db_datawriter, Status: Enabled",Certification Items Revoked By Rachit Tanwar,Open,Peter Fictum (100254),Rachit Tanwar (440439),,
N2_e9C7A90E3DB8448 N2_e9C7A90E3DB8448 (N2_e9C7A90E3DB8448),Entitlement,Database Access Review,Peter Fictum (100254),n2_e9c7a90e3db8448,Entitlement,"Server: A2PWDREVSQL02, Database: deferredRevenue_2013, DB Role: db_datawriter, Status: Enabled","Server: A2PWDREVSQL02, Database: deferredRevenue_2013, DB Role: db_datawriter, Status: Enabled",,Open,Peter Fictum (100254),Peter Fictum (100254),,
a8HN9Xm7HY6OWEa a8HN9Xm7HY6OWEa (a8HN9Xm7HY6OWEa),Entitlement,Database Access Review,Peter Fictum (100254),a8hn9xm7hy6owea,Entitlement,"Server: P3PWDREVSQL01, Database: deferredRevenue_2018, DB Role: db_datawriter, Status: Enabled","Server: P3PWDREVSQL01, Database: deferredRevenue_2018, DB Role: db_datawriter, Status: Enabled",,Open,Peter Fictum (100254),Peter Fictum (100254),,
goon_01j0trmc1cdex2zn5yff2em4d7 goon_01j0trmc1cdex2zn5yff2em4d7 (goon_01j0trmc1cdex2zn5yff2em4d7),Entitlement,Database Access Review,Peter Fictum (100254),goon_01j0trmc1cdex2zn5yff2em4d7,Entitlement,"Server: P3PWPSQL02, Database: godaddyCPL, DB Role: db_datawriter, Status: Enabled","Server: P3PWPSQL02, Database: godaddyCPL, DB Role: db_datawriter, Status: Enabled",Certification Items Revoked By Rachit Tanwar,Open,Peter Fictum (100254),Rachit Tanwar (440439),,
Vera Oshyna (427789),Entitlement,Database Access Review,Peter Fictum (100254),dc1\voshyna,Entitlement,"Server: A2PWPSQL01, Database: GoDaddyCPL, DB Role: db_owner, Status: Enabled","Server: A2PWPSQL01, Database: GoDaddyCPL, DB Role: db_owner, Status: Enabled",,Finished,Peter Fictum (100254),Hemanth Kumar Guntupalli (419032),"2/19/26, 12:06 AM",
r39EF07C3E73C42 r39EF07C3E73C42 (r39EF07C3E73C42),Entitlement,Database Access Review,Peter Fictum (100254),r39ef07c3e73c42,Entitlement,"Server: P3PWDREVSQL01, Database: deferredRevenue_2013, DB Role: db_datawriter, Status: Enabled","Server: P3PWDREVSQL01, Database: deferredRevenue_2013, DB Role: db_datawriter, Status: Enabled",,Open,Peter Fictum (100254),Peter Fictum (100254),,
goon_01j2ey6gfd49epgn7h92nmsvrv goon_01j2ey6gfd49epgn7h92nmsvrv (goon_01j2ey6gfd49epgn7h92nmsvrv),Entitlement,Database Access Review,Peter Fictum (100254),goon_01j2ey6gfd49epgn7h92nmsvrv,Entitlement,"Server: P3PWPSQL02, Database: gdInterCompanyReceipt, DB Role: db_datawriter, Status: Enabled","Server: P3PWPSQL02, Database: gdInterCompanyReceipt, DB Role: db_datawriter, Status: Enabled",Certification Items Revoked By Rachit Tanwar,Open,Peter Fictum (100254),Rachit Tanwar (440439),,
N2_e9C7A90E3DB8448 N2_e9C7A90E3DB8448 (N2_e9C7A90E3DB8448),Entitlement,Database Access Review,Peter Fictum (100254),n2_e9c7a90e3db8448,Entitlement,"Server: P3PWDREVSQL01, Database: deferredRevenue_2021, DB Role: db_datawriter, Status: Enabled","Server: P3PWDREVSQL01, Database: deferredRevenue_2021, DB Role: db_datawriter, Status: Enabled",,Open,Peter Fictum (100254),Peter Fictum (100254),,
DU9CVDzXhCmdXJj DU9CVDzXhCmdXJj (DU9CVDzXhCmdXJj),Entitlement,Database Access Review,Peter Fictum (100254),du9cvdzxhcmdxjj,Entitlement,"Server: P3PWPCISQL02, Database: Server Level Permission, DB Role: sysadmin, Status: Enabled","Server: P3PWPCISQL02, Database: Server Level Permission, DB Role: sysadmin, Status: Enabled",,Open,Peter Fictum (100254),Peter Fictum (100254),,
e8E4EAA9DDCD04F e8E4EAA9DDCD04F (e8E4EAA9DDCD04F),Entitlement,Database Access Review,Peter Fictum (100254),e8e4eaa9ddcd04f,Entitlement,"Server: P3PWPCISQL02, Database: Server Level Permission, DB Role: sysadmin, Status: Enabled","Server: P3PWPCISQL02, Database: Server Level Permission, DB Role: sysadmin, Status: Enabled",,Open,Peter Fictum (100254),Peter Fictum (100254),,
n2_yd14fe7f7acef4b n2_yd14fe7f7acef4b (n2_yd14fe7f7acef4b),Entitlement,Database Access Review,Peter Fictum (100254),n2_yd14fe7f7acef4b,Entitlement,"Server: P3PWBIGRPTSQL03, Database: godaddyAccounting, DB Role: db_datawriter, Status: Enabled","Server: P3PWBIGRPTSQL03, Database: godaddyAccounting, DB Role: db_datawriter, Status: Enabled",,Finished,Peter Fictum (100254),Peter Fictum (100254),"2/27/26, 9:03 PM",
Gregory Perschbacher (200307),Entitlement,Database Access Review,Peter Fictum (100254),dc1\gperschbacher,Entitlement,"Server: P3PWPSQL02, Database: gdMasterCatalog, DB Role: db_owner, Status: Enabled, Via AD Group: Dev-orion App","Server: P3PWPSQL02, Database: gdMasterCatalog, DB Role: db_owner, Status: Enabled, Via AD Group: Dev-orion App",,Finished,Peter Fictum (100254),Hemanth Kumar Guntupalli (419032),"2/23/26, 5:05 PM",
r39EF07C3E73C42 r39EF07C3E73C42 (r39EF07C3E73C42),Entitlement,Database Access Review,Peter Fictum (100254),r39ef07c3e73c42,Entitlement,"Server: A2PWDREVSQL02, Database: deferredRevenue_2018, DB Role: db_datawriter, Status: Enabled","Server: A2PWDREVSQL02, Database: deferredRevenue_2018, DB Role: db_datawriter, Status: Enabled",,Open,Peter Fictum (100254),Peter Fictum (100254),,
Qiong Wu (412584),Entitlement,Database Access Review,Peter Fictum (100254),dc1\qwu,Entitlement,"Server: P3PWDREVSQL01, Database: deferredRevenue, DB Role: db_owner, Status: Enabled","Server: P3PWDREVSQL01, Database: deferredRevenue, DB Role: db_owner, Status: Enabled",,Open,Peter Fictum (100254),Bryan Focht (202136),,
dc1\msvc_h25z2tlmzp$ dc1\msvc_h25z2tlmzp$ (dc1\msvc_h25z2tlmzp$),Entitlement,Database Access Review,Peter Fictum (100254),dc1\msvc_h25z2tlmzp$,Entitlement,"Server: A2PWACTSQL01, Database: acctProjects, DB Role: db_datawriter, Status: Enabled","Server: A2PWACTSQL01, Database: acctProjects, DB Role: db_datawriter, Status: Enabled",Certification Items Revoked By Rachit Tanwar,Finished,Peter Fictum (100254),Rachit Tanwar (440439),"2/27/26, 9:03 PM",
N1_q55F823628CCA4D N1_q55F823628CCA4D (N1_q55F823628CCA4D),Entitlement,Database Access Review,Peter Fictum (100254),n1_q55f823628cca4d,Entitlement,"Server: P3PWDREVSQL01, Database: deferredRevenue_2005, DB Role: db_datawriter, Status: Enabled","Server: P3PWDREVSQL01, Database: deferredRevenue_2005, DB Role: db_datawriter, Status: Enabled",,Open,Peter Fictum (100254),Peter Fictum (100254),,
g499A69A4AB5441 g499A69A4AB5441 (g499A69A4AB5441),Entitlement,Database Access Review,Peter Fictum (100254),g499a69a4ab5441,Entitlement,"Server: P3PWDREVSQL01, Database: deferredRevenue_2006, DB Role: db_owner, Status: Enabled","Server: P3PWDREVSQL01, Database: deferredRevenue_2006, DB Role: db_owner, Status: Enabled",,Open,Peter Fictum (100254),Peter Fictum (100254),,
a8HN9Xm7HY6OWEa a8HN9Xm7HY6OWEa (a8HN9Xm7HY6OWEa),Entitlement,Database Access Review,Peter Fictum (100254),a8hn9xm7hy6owea,Entitlement,"Server: P3PWDREVSQL01, Database: deferredRevenue_2009, DB Role: db_datawriter, Status: Enabled","Server: P3PWDREVSQL01, Database: deferredRevenue_2009, DB Role: db_datawriter, Status: Enabled",,Open,Peter Fictum (100254),Peter Fictum (100254),,
dc1\msvc_q5k88m1dcb$ dc1\msvc_q5k88m1dcb$ (dc1\msvc_q5k88m1dcb$),Entitlement,Database Access Review,Peter Fictum (100254),dc1\msvc_q5k88m1dcb$,Entitlement,"Server: P3PWDREVSQL01, Database: deferredRevenue_2014, DB Role: db_datawriter, Status: Enabled","Server: P3PWDREVSQL01, Database: deferredRevenue_2014, DB Role: db_datawriter, Status: Enabled",Certification Items Revoked By Rachit Tanwar,Open,Peter Fictum (100254),Rachit Tanwar (440439),,
goon_01j1tr4zwaqk4asgstxy0mjn2k goon_01j1tr4zwaqk4asgstxy0mjn2k (goon_01j1tr4zwaqk4asgstxy0mjn2k),Entitlement,Database Access Review,Peter Fictum (100254),goon_01j1tr4zwaqk4asgstxy0mjn2k,Entitlement,"Server: A2PWPSQL01, Database: gdMasterPromo, DB Role: db_datawriter, Status: Enabled","Server: A2PWPSQL01, Database: gdMasterPromo, DB Role: db_datawriter, Status: Enabled",Certification Items Revoked By Rachit Tanwar,Open,Peter Fictum (100254),Rachit Tanwar (440439),,
dc1\svcyzubtdtllnk62f dc1\svcyzubtdtllnk62f (dc1\svcyzubtdtllnk62f),Entitlement,Database Access Review,Peter Fictum (100254),dc1\svcyzubtdtllnk62f,Entitlement,"Server: P3PWDREVSQL01, Database: Server Level Permission, DB Role: sysadmin, Status: Enabled","Server: P3PWDREVSQL01, Database: Server Level Permission, DB Role: sysadmin, Status: Enabled",,Finished,Peter Fictum (100254),Peter Fictum (100254),"2/23/26, 5:05 PM",
Ex9ajxlEd2Rsx4e Ex9ajxlEd2Rsx4e (Ex9ajxlEd2Rsx4e),Entitlement,Database Access Review,Peter Fictum (100254),ex9ajxled2rsx4e,Entitlement,"Server: P3PWDREVSQL01, Database: deferredRevenue_2012, DB Role: db_datawriter, Status: Enabled","Server: P3PWDREVSQL01, Database: deferredRevenue_2012, DB Role: db_datawriter, Status: Enabled",,Open,Peter Fictum (100254),Peter Fictum (100254),,
sC9888C2AFE94D8 sC9888C2AFE94D8 (sC9888C2AFE94D8),Entitlement,Database Access Review,Peter Fictum (100254),sc9888c2afe94d8,Entitlement,"Server: P3PWPCISQL02, Database: Server Level Permission, DB Role: sysadmin, Status: Enabled","Server: P3PWPCISQL02, Database: Server Level Permission, DB Role: sysadmin, Status: Enabled",,Open,Peter Fictum (100254),Peter Fictum (100254),,
n1_wfdd12fa4342a41 n1_wfdd12fa4342a41 (n1_wfdd12fa4342a41),Entitlement,Database Access Review,Peter Fictum (100254),n1_wfdd12fa4342a41,Entitlement,"Server: P3PWBIGRPTSQL03, Database: godaddyAccounting, DB Role: db_datawriter, Status: Enabled","Server: P3PWBIGRPTSQL03, Database: godaddyAccounting, DB Role: db_datawriter, Status: Enabled",,Finished,Peter Fictum (100254),Peter Fictum (100254),"2/27/26, 9:03 PM",
goon_01j1tr4zwaqk4asgstxy0mjn2k goon_01j1tr4zwaqk4asgstxy0mjn2k (goon_01j1tr4zwaqk4asgstxy0mjn2k),Entitlement,Database Access Review,Peter Fictum (100254),goon_01j1tr4zwaqk4asgstxy0mjn2k,Entitlement,"Server: A2PWPSQL01, Database: gdInterCompanyReceipt, DB Role: db_datawriter, Status: Enabled","Server: A2PWPSQL01, Database: gdInterCompanyReceipt, DB Role: db_datawriter, Status: Enabled",Certification Items Revoked By Rachit Tanwar,Open,Peter Fictum (100254),Rachit Tanwar (440439),,
DT6TQO6Z81U0J6Y DT6TQO6Z81U0J6Y (DT6TQO6Z81U0J6Y),Entitlement,Database Access Review,Peter Fictum (100254),dt6tqo6z81u0j6y,Entitlement,"Server: P3PWPCISQL02, Database: Server Level Permission, DB Role: sysadmin, Status: Enabled","Server: P3PWPCISQL02, Database: Server Level Permission, DB Role: sysadmin, Status: Enabled",,Open,Peter Fictum (100254),Peter Fictum (100254),,
Qiong Wu (412584),Entitlement,Database Access Review,Peter Fictum (100254),dc1\qwu,Entitlement,"Server: P3PWDREVSQL01, Database: gdMasterCatalog, DB Role: db_owner, Status: Enabled","Server: P3PWDREVSQL01, Database: gdMasterCatalog, DB Role: db_owner, Status: Enabled",,Open,Peter Fictum (100254),Bryan Focht (202136),,
kC2514A28F1914B kC2514A28F1914B (kC2514A28F1914B),Entitlement,Database Access Review,Peter Fictum (100254),kc2514a28f1914b,Entitlement,"Server: A2PWHYDRASQL01, Database: Server Level Permission, DB Role: sysadmin, Status: Enabled","Server: A2PWHYDRASQL01, Database: Server Level Permission, DB Role: sysadmin, Status: Enabled",,Open,Peter Fictum (100254),Peter Fictum (100254),,
r39EF07C3E73C42 r39EF07C3E73C42 (r39EF07C3E73C42),Entitlement,Database Access Review,Peter Fictum (100254),r39ef07c3e73c42,Entitlement,"Server: P3PWDREVSQL01, Database: deferredRevenue_2015, DB Role: db_datawriter, Status: Enabled","Server: P3PWDREVSQL01, Database: deferredRevenue_2015, DB Role: db_datawriter, Status: Enabled",,Open,Peter Fictum (100254),Peter Fictum (100254),,
r8343E24A54A342 r8343E24A54A342 (r8343E24A54A342),Entitlement,Database Access Review,Peter Fictum (100254),r8343e24a54a342,Entitlement,"Server: P3PWPCISQL02, Database: goDaddyBasket, DB Role: db_datawriter, Status: Enabled","Server: P3PWPCISQL02, Database: goDaddyBasket, DB Role: db_datawriter, Status: Enabled",,Open,Peter Fictum (100254),Peter Fictum (100254),,
DumcVBzhR4Q7BCw DumcVBzhR4Q7BCw (DumcVBzhR4Q7BCw),Entitlement,Database Access Review,Peter Fictum (100254),dumcvbzhr4q7bcw,Entitlement,"Server: P3PWPCISQL02, Database: goDaddyBasket, DB Role: db_datawriter, Status: Enabled","Server: P3PWPCISQL02, Database: goDaddyBasket, DB Role: db_datawriter, Status: Enabled",,Open,Peter Fictum (100254),Peter Fictum (100254),,
r39EF07C3E73C42 r39EF07C3E73C42 (r39EF07C3E73C42),Entitlement,Database Access Review,Peter Fictum (100254),r39ef07c3e73c42,Entitlement,"Server: P3PWDREVSQL01, Database: deferredRevenue_2016, DB Role: db_datawriter, Status: Enabled","Server: P3PWDREVSQL01, Database: deferredRevenue_2016, DB Role: db_datawriter, Status: Enabled",,Open,Peter Fictum (100254),Peter Fictum (100254),,
goon_01j0trmc1cdex2zn5yff2em4d7 goon_01j0trmc1cdex2zn5yff2em4d7 (goon_01j0trmc1cdex2zn5yff2em4d7),Entitlement,Database Access Review,Peter Fictum (100254),goon_01j0trmc1cdex2zn5yff2em4d7,Entitlement,"Server: P3PWPSQL02, Database: godaddyBilling, DB Role: db_datawriter, Status: Enabled","Server: P3PWPSQL02, Database: godaddyBilling, DB Role: db_datawriter, Status: Enabled",Certification Items Revoked By Rachit Tanwar,Open,Peter Fictum (100254),Rachit Tanwar (440439),,
Qiong Wu (412584),Entitlement,Database Access Review,Peter Fictum (100254),dc1\qwu,Entitlement,"Server: P3PWDREVSQL01, Database: deferredRevenue_2023, DB Role: db_owner, Status: Enabled","Server: P3PWDREVSQL01, Database: deferredRevenue_2023, DB Role: db_owner, Status: Enabled",,Open,Peter Fictum (100254),Bryan Focht (202136),,
r39EF07C3E73C42 r39EF07C3E73C42 (r39EF07C3E73C42),Entitlement,Database Access Review,Peter Fictum (100254),r39ef07c3e73c42,Entitlement,"Server: A2PWDREVSQL02, Database: deferredRevenue_2011, DB Role: db_datawriter, Status: Enabled","Server: A2PWDREVSQL02, Database: deferredRevenue_2011, DB Role: db_datawriter, Status: Enabled",,Open,Peter Fictum (100254),Peter Fictum (100254),,
N1_q55F823628CCA4D N1_q55F823628CCA4D (N1_q55F823628CCA4D),Entitlement,Database Access Review,Peter Fictum (100254),n1_q55f823628cca4d,Entitlement,"Server: A2PWDREVSQL02, Database: deferredRevenue_2019, DB Role: db_datawriter, Status: Enabled","Server: A2PWDREVSQL02, Database: deferredRevenue_2019, DB Role: db_datawriter, Status: Enabled",,Open,Peter Fictum (100254),Peter Fictum (100254),,
goon_01j2ey6gfd49epgn7h92nmsvrv goon_01j2ey6gfd49epgn7h92nmsvrv (goon_01j2ey6gfd49epgn7h92nmsvrv),Entitlement,Database Access Review,Peter Fictum (100254),goon_01j2ey6gfd49epgn7h92nmsvrv,Entitlement,"Server: P3PWPSQL02, Database: godaddyBilling, DB Role: db_datawriter, Status: Enabled","Server: P3PWPSQL02, Database: godaddyBilling, DB Role: db_datawriter, Status: Enabled",Certification Items Revoked By Rachit Tanwar,Open,Peter Fictum (100254),Rachit Tanwar (440439),,
goon_01hzg5v5ftkcf3bvc4gzrgwn9d goon_01hzg5v5ftkcf3bvc4gzrgwn9d (goon_01hzg5v5ftkcf3bvc4gzrgwn9d),Entitlement,Database Access Review,Peter Fictum (100254),goon_01hzg5v5ftkcf3bvc4gzrgwn9d,Entitlement,"Server: P3PWPSQL02, Database: gdMasterPromo, DB Role: db_datawriter, Status: Enabled","Server: P3PWPSQL02, Database: gdMasterPromo, DB Role: db_datawriter, Status: Enabled",Certification Items Revoked By Rachit Tanwar,Open,Peter Fictum (100254),Rachit Tanwar (440439),,
nMo0jUb56543Csa nMo0jUb56543Csa (nMo0jUb56543Csa),Entitlement,Database Access Review,Peter Fictum (100254),nmo0jub56543csa,Entitlement,"Server: A2PWPSQL01, Database: gdMasterCatalog, DB Role: db_datawriter, Status: Enabled","Server: A2PWPSQL01, Database: gdMasterCatalog, DB Role: db_datawriter, Status: Enabled",Certification Items Revoked By Rachit Tanwar,Open,Peter Fictum (100254),Rachit Tanwar (440439),,
Vera Oshyna (427789),Entitlement,Database Access Review,Peter Fictum (100254),dc1\voshyna,Entitlement,"Server: A2PWPSQL01, Database: gdMasterCatalog, DB Role: db_owner, Status: Enabled","Server: A2PWPSQL01, Database: gdMasterCatalog, DB Role: db_owner, Status: Enabled",,Finished,Peter Fictum (100254),Hemanth Kumar Guntupalli (419032),"2/19/26, 12:06 AM",
goon_01j0v4sm3snbfdmfxsqcntkpnm goon_01j0v4sm3snbfdmfxsqcntkpnm (goon_01j0v4sm3snbfdmfxsqcntkpnm),Entitlement,Database Access Review,Peter Fictum (100254),goon_01j0v4sm3snbfdmfxsqcntkpnm,Entitlement,"Server: P3PWPSQL02, Database: GoDaddy, DB Role: db_datawriter, Status: Enabled","Server: P3PWPSQL02, Database: GoDaddy, DB Role: db_datawriter, Status: Enabled",,Open,Peter Fictum (100254),Nandakumar Babu (208300),,
N1_q55F823628CCA4D N1_q55F823628CCA4D (N1_q55F823628CCA4D),Entitlement,Database Access Review,Peter Fictum (100254),n1_q55f823628cca4d,Entitlement,"Server: P3PWDREVSQL01, Database: deferredRevenue_2016, DB Role: db_datawriter, Status: Enabled","Server: P3PWDREVSQL01, Database: deferredRevenue_2016, DB Role: db_datawriter, Status: Enabled",,Open,Peter Fictum (100254),Peter Fictum (100254),,
r39EF07C3E73C42 r39EF07C3E73C42 (r39EF07C3E73C42),Entitlement,Database Access Review,Peter Fictum (100254),r39ef07c3e73c42,Entitlement,"Server: P3PWDREVSQL01, Database: deferredRevenue_2005, DB Role: db_datawriter, Status: Enabled","Server: P3PWDREVSQL01, Database: deferredRevenue_2005, DB Role: db_datawriter, Status: Enabled",,Open,Peter Fictum (100254),Peter Fictum (100254),,
Vera Oshyna (427789),Entitlement,Database Access Review,Peter Fictum (100254),dc1\voshyna,Entitlement,"Server: P3PWPSQL02, Database: gdMasterCatalog, DB Role: db_owner, Status: Enabled","Server: P3PWPSQL02, Database: gdMasterCatalog, DB Role: db_owner, Status: Enabled",,Finished,Peter Fictum (100254),Hemanth Kumar Guntupalli (419032),"2/19/26, 12:06 AM",
g499A69A4AB5441 g499A69A4AB5441 (g499A69A4AB5441),Entitlement,Database Access Review,Peter Fictum (100254),g499a69a4ab5441,Entitlement,"Server: A2PWDREVSQL02, Database: deferredRevenue_2018, DB Role: db_owner, Status: Enabled","Server: A2PWDREVSQL02, Database: deferredRevenue_2018, DB Role: db_owner, Status: Enabled",,Open,Peter Fictum (100254),Peter Fictum (100254),,
e8D61E915F63F4B e8D61E915F63F4B (e8D61E915F63F4B),Entitlement,Database Access Review,Peter Fictum (100254),e8d61e915f63f4b,Entitlement,"Server: A2PWDREVSQL02, Database: deferredRevenue_2008, DB Role: db_datawriter, Status: Enabled","Server: A2PWDREVSQL02, Database: deferredRevenue_2008, DB Role: db_datawriter, Status: Enabled",,Open,Peter Fictum (100254),Peter Fictum (100254),,
e8D61E915F63F4B e8D61E915F63F4B (e8D61E915F63F4B),Entitlement,Database Access Review,Peter Fictum (100254),e8d61e915f63f4b,Entitlement,"Server: A2PWDREVSQL02, Database: deferredRevenue_2013, DB Role: db_datawriter, Status: Enabled","Server: A2PWDREVSQL02, Database: deferredRevenue_2013, DB Role: db_datawriter, Status: Enabled",,Open,Peter Fictum (100254),Peter Fictum (100254),,
N2_e9C7A90E3DB8448 N2_e9C7A90E3DB8448 (N2_e9C7A90E3DB8448),Entitlement,Database Access Review,Peter Fictum (100254),n2_e9c7a90e3db8448,Entitlement,"Server: P3PWDREVSQL01, Database: deferredRevenue_2022, DB Role: db_datawriter, Status: Enabled","Server: P3PWDREVSQL01, Database: deferredRevenue_2022, DB Role: db_datawriter, Status: Enabled",,Open,Peter Fictum (100254),Peter Fictum (100254),,
n1_fdfbc892fef554b n1_fdfbc892fef554b (n1_fdfbc892fef554b),Entitlement,Database Access Review,Peter Fictum (100254),n1_fdfbc892fef554b,Entitlement,"Server: P3PWBIGRPTSQL03, Database: godaddyAccounting, DB Role: db_datawriter, Status: Enabled","Server: P3PWBIGRPTSQL03, Database: godaddyAccounting, DB Role: db_datawriter, Status: Enabled",,Finished,Peter Fictum (100254),Peter Fictum (100254),"2/27/26, 9:03 PM",
CEVYyvR9ZW4ZLi7 CEVYyvR9ZW4ZLi7 (CEVYyvR9ZW4ZLi7),Entitlement,Database Access Review,Peter Fictum (100254),cevyyvr9zw4zli7,Entitlement,"Server: P3PWDREVSQL01, Database: eCommAccounting, DB Role: db_datawriter, Status: Enabled","Server: P3PWDREVSQL01, Database: eCommAccounting, DB Role: db_datawriter, Status: Enabled",,Open,Peter Fictum (100254),Peter Fictum (100254),,
goon_01j1trtjmdjgs87htfpp485dbs goon_01j1trtjmdjgs87htfpp485dbs (goon_01j1trtjmdjgs87htfpp485dbs),Entitlement,Database Access Review,Peter Fictum (100254),goon_01j1trtjmdjgs87htfpp485dbs,Entitlement,"Server: P3PWPSQL02, Database: gdMasterPromo, DB Role: db_datawriter, Status: Enabled","Server: P3PWPSQL02, Database: gdMasterPromo, DB Role: db_datawriter, Status: Enabled",Certification Items Revoked By Rachit Tanwar,Open,Peter Fictum (100254),Rachit Tanwar (440439),,
DC1\02d414pd4uaaA DC1\02d414pd4uaaA (DC1\02d414pd4uaaA),Entitlement,Database Access Review,Peter Fictum (100254),dc1\02d414pd4uaaa,Entitlement,"Server: A2PWACTSQL01, Database: Domains, DB Role: db_owner, Status: Enabled","Server: A2PWACTSQL01, Database: Domains, DB Role: db_owner, Status: Enabled",Refer to RITM2878181 for MSSQL Removal ticket.,Finished,Peter Fictum (100254),Brittany Randall (200303),"2/27/26, 9:03 PM",
goon_01j1fpanf692rtz7k14a73mdpr goon_01j1fpanf692rtz7k14a73mdpr (goon_01j1fpanf692rtz7k14a73mdpr),Entitlement,Database Access Review,Peter Fictum (100254),goon_01j1fpanf692rtz7k14a73mdpr,Entitlement,"Server: P3PWPSQL02, Database: GoDaddy, DB Role: db_datawriter, Status: Enabled","Server: P3PWPSQL02, Database: GoDaddy, DB Role: db_datawriter, Status: Enabled",Certification Items Revoked By Rachit Tanwar,Open,Peter Fictum (100254),Rachit Tanwar (440439),,
n1_wfdd12fa4342a41 n1_wfdd12fa4342a41 (n1_wfdd12fa4342a41),Entitlement,Database Access Review,Peter Fictum (100254),n1_wfdd12fa4342a41,Entitlement,"Server: P3PWBIGRPTSQL04, Database: godaddyAccounting, DB Role: db_datawriter, Status: Enabled","Server: P3PWBIGRPTSQL04, Database: godaddyAccounting, DB Role: db_datawriter, Status: Enabled",,Finished,Peter Fictum (100254),Peter Fictum (100254),"2/27/26, 9:03 PM",
goon_01j1trtjmdjgs87htfpp485dbs goon_01j1trtjmdjgs87htfpp485dbs (goon_01j1trtjmdjgs87htfpp485dbs),Entitlement,Database Access Review,Peter Fictum (100254),goon_01j1trtjmdjgs87htfpp485dbs,Entitlement,"Server: A2PWPSQL01, Database: GoDaddy, DB Role: db_datawriter, Status: Enabled","Server: A2PWPSQL01, Database: GoDaddy, DB Role: db_datawriter, Status: Enabled",Certification Items Revoked By Rachit Tanwar,Open,Peter Fictum (100254),Rachit Tanwar (440439),,
N1_q55F823628CCA4D N1_q55F823628CCA4D (N1_q55F823628CCA4D),Entitlement,Database Access Review,Peter Fictum (100254),n1_q55f823628cca4d,Entitlement,"Server: P3PWDREVSQL01, Database: deferredRevenue_2009, DB Role: db_datawriter, Status: Enabled","Server: P3PWDREVSQL01, Database: deferredRevenue_2009, DB Role: db_datawriter, Status: Enabled",,Open,Peter Fictum (100254),Peter Fictum (100254),,
Qiong Wu (412584),Entitlement,Database Access Review,Peter Fictum (100254),dc1\qwu,Entitlement,"Server: A2PWDREVSQL02, Database: accountingDeferredRevenue, DB Role: db_owner, Status: Enabled","Server: A2PWDREVSQL02, Database: accountingDeferredRevenue, DB Role: db_owner, Status: Enabled",,Open,Peter Fictum (100254),Bryan Focht (202136),,
y9475B04EF79642 y9475B04EF79642 (y9475B04EF79642),Entitlement,Database Access Review,Peter Fictum (100254),y9475b04ef79642,Entitlement,"Server: P3PWBIGRPTSQL03, Database: Server Level Permission, DB Role: dbcreator, Status: Enabled","Server: P3PWBIGRPTSQL03, Database: Server Level Permission, DB Role: dbcreator, Status: Enabled",,Finished,Peter Fictum (100254),Peter Fictum (100254),"2/27/26, 9:03 PM",
goon_01j1tq5qz035qxrd2h2vyyweza goon_01j1tq5qz035qxrd2h2vyyweza (goon_01j1tq5qz035qxrd2h2vyyweza),Entitlement,Database Access Review,Peter Fictum (100254),goon_01j1tq5qz035qxrd2h2vyyweza,Entitlement,"Server: A2PWPSQL01, Database: gdMasterPromo, DB Role: db_datawriter, Status: Enabled","Server: A2PWPSQL01, Database: gdMasterPromo, DB Role: db_datawriter, Status: Enabled",Certification Items Revoked By Rachit Tanwar,Open,Peter Fictum (100254),Rachit Tanwar (440439),,
dc1\msvc_h25z2tlmzp$ dc1\msvc_h25z2tlmzp$ (dc1\msvc_h25z2tlmzp$),Entitlement,Database Access Review,Peter Fictum (100254),dc1\msvc_h25z2tlmzp$,Entitlement,"Server: A2PWHYDRASQL01, Database: WorkdayConversion, DB Role: db_owner, Status: Enabled","Server: A2PWHYDRASQL01, Database: WorkdayConversion, DB Role: db_owner, Status: Enabled",Certification Items Revoked By Rachit Tanwar,Open,Peter Fictum (100254),Rachit Tanwar (440439),,
N1_q55F823628CCA4D N1_q55F823628CCA4D (N1_q55F823628CCA4D),Entitlement,Database Access Review,Peter Fictum (100254),n1_q55f823628cca4d,Entitlement,"Server: P3PWDREVSQL01, Database: deferredRevenue_2014, DB Role: db_datawriter, Status: Enabled","Server: P3PWDREVSQL01, Database: deferredRevenue_2014, DB Role: db_datawriter, Status: Enabled",,Open,Peter Fictum (100254),Peter Fictum (100254),,
CHba4ITBZSjR0Aw CHba4ITBZSjR0Aw (CHba4ITBZSjR0Aw),Entitlement,Database Access Review,Peter Fictum (100254),chba4itbzsjr0aw,Entitlement,"Server: A2PWDREVSQL02, Database: deferredRevenue_2005, DB Role: db_datawriter, Status: Enabled","Server: A2PWDREVSQL02, Database: deferredRevenue_2005, DB Role: db_datawriter, Status: Enabled",,Open,Peter Fictum (100254),Peter Fictum (100254),,
Vera Oshyna (427789),Entitlement,Database Access Review,Peter Fictum (100254),dc1\voshyna,Entitlement,"Server: P3PWPSQL02, Database: godaddyBilling, DB Role: db_ddladmin, Status: Enabled","Server: P3PWPSQL02, Database: godaddyBilling, DB Role: db_ddladmin, Status: Enabled",,Finished,Peter Fictum (100254),Hemanth Kumar Guntupalli (419032),"2/19/26, 12:06 AM",
nMo0jUb56543Csa nMo0jUb56543Csa (nMo0jUb56543Csa),Entitlement,Database Access Review,Peter Fictum (100254),nmo0jub56543csa,Entitlement,"Server: P3PWPSQL02, Database: gdMasterCatalog, DB Role: db_datawriter, Status: Enabled","Server: P3PWPSQL02, Database: gdMasterCatalog, DB Role: db_datawriter, Status: Enabled",Certification Items Revoked By Rachit Tanwar,Open,Peter Fictum (100254),Rachit Tanwar (440439),,
dc1\msvc_q5k88m1dcb$ dc1\msvc_q5k88m1dcb$ (dc1\msvc_q5k88m1dcb$),Entitlement,Database Access Review,Peter Fictum (100254),dc1\msvc_q5k88m1dcb$,Entitlement,"Server: P3PWDREVSQL01, Database: deferredRevenue_xxxx, DB Role: db_datawriter, Status: Enabled","Server: P3PWDREVSQL01, Database: deferredRevenue_xxxx, DB Role: db_datawriter, Status: Enabled",Certification Items Revoked By Rachit Tanwar,Open,Peter Fictum (100254),Rachit Tanwar (440439),,
goon_01j0v4sm3snbfdmfxsqcntkpnm goon_01j0v4sm3snbfdmfxsqcntkpnm (goon_01j0v4sm3snbfdmfxsqcntkpnm),Entitlement,Database Access Review,Peter Fictum (100254),goon_01j0v4sm3snbfdmfxsqcntkpnm,Entitlement,"Server: P3PWPSQL02, Database: SSL, DB Role: db_datawriter, Status: Enabled","Server: P3PWPSQL02, Database: SSL, DB Role: db_datawriter, Status: Enabled",,Open,Peter Fictum (100254),Nandakumar Babu (208300),,
Sumit Kumar Jha (443454),Entitlement,Database Access Review,Peter Fictum (100254),dc1\sjha1,Entitlement,"Server: P3PWBIGRPTSQL04, Database: godaddyAccounting, DB Role: db_securityadmin, Status: Enabled, Via AD Group: ENG-TechRisk","Server: P3PWBIGRPTSQL04, Database: godaddyAccounting, DB Role: db_securityadmin, Status: Enabled, Via AD Group: ENG-TechRisk",,Finished,Peter Fictum (100254),Akshay Grover (416163),"2/23/26, 5:05 PM",
N2_e9C7A90E3DB8448 N2_e9C7A90E3DB8448 (N2_e9C7A90E3DB8448),Entitlement,Database Access Review,Peter Fictum (100254),n2_e9c7a90e3db8448,Entitlement,"Server: A2PWDREVSQL02, Database: deferredRevenue_2019, DB Role: db_datawriter, Status: Enabled","Server: A2PWDREVSQL02, Database: deferredRevenue_2019, DB Role: db_datawriter, Status: Enabled",,Open,Peter Fictum (100254),Peter Fictum (100254),,
N2_e9C7A90E3DB8448 N2_e9C7A90E3DB8448 (N2_e9C7A90E3DB8448),Entitlement,Database Access Review,Peter Fictum (100254),n2_e9c7a90e3db8448,Entitlement,"Server: P3PWDREVSQL01, Database: deferredRevenue_2024, DB Role: db_datawriter, Status: Enabled","Server: P3PWDREVSQL01, Database: deferredRevenue_2024, DB Role: db_datawriter, Status: Enabled",,Open,Peter Fictum (100254),Peter Fictum (100254),,
N2_e9C7A90E3DB8448 N2_e9C7A90E3DB8448 (N2_e9C7A90E3DB8448),Entitlement,Database Access Review,Peter Fictum (100254),n2_e9c7a90e3db8448,Entitlement,"Server: A2PWDREVSQL02, Database: deferredRevenue_2023, DB Role: db_datawriter, Status: Enabled","Server: A2PWDREVSQL02, Database: deferredRevenue_2023, DB Role: db_datawriter, Status: Enabled",,Open,Peter Fictum (100254),Peter Fictum (100254),,
g499A69A4AB5441 g499A69A4AB5441 (g499A69A4AB5441),Entitlement,Database Access Review,Peter Fictum (100254),g499a69a4ab5441,Entitlement,"Server: A2PWDREVSQL02, Database: deferredRevenue_2017, DB Role: db_owner, Status: Enabled","Server: A2PWDREVSQL02, Database: deferredRevenue_2017, DB Role: db_owner, Status: Enabled",,Open,Peter Fictum (100254),Peter Fictum (100254),,
g499A69A4AB5441 g499A69A4AB5441 (g499A69A4AB5441),Entitlement,Database Access Review,Peter Fictum (100254),g499a69a4ab5441,Entitlement,"Server: A2PWDREVSQL02, Database: deferredRevenue_xxxx, DB Role: db_owner, Status: Enabled","Server: A2PWDREVSQL02, Database: deferredRevenue_xxxx, DB Role: db_owner, Status: Enabled",,Open,Peter Fictum (100254),Peter Fictum (100254),,
goon_01j1tr4k2av6ns00594p32xfsw goon_01j1tr4k2av6ns00594p32xfsw (goon_01j1tr4k2av6ns00594p32xfsw),Entitlement,Database Access Review,Peter Fictum (100254),goon_01j1tr4k2av6ns00594p32xfsw,Entitlement,"Server: P3PWPSQL02, Database: gdMasterCatalog, DB Role: db_datawriter, Status: Enabled","Server: P3PWPSQL02, Database: gdMasterCatalog, DB Role: db_datawriter, Status: Enabled",Certification Items Revoked By Rachit Tanwar,Open,Peter Fictum (100254),Rachit Tanwar (440439),,
goon_01j1tr4k2av6ns00594p32xfsw goon_01j1tr4k2av6ns00594p32xfsw (goon_01j1tr4k2av6ns00594p32xfsw),Entitlement,Database Access Review,Peter Fictum (100254),goon_01j1tr4k2av6ns00594p32xfsw,Entitlement,"Server: A2PWPSQL01, Database: GoDaddyCPL, DB Role: db_datawriter, Status: Enabled","Server: A2PWPSQL01, Database: GoDaddyCPL, DB Role: db_datawriter, Status: Enabled",Certification Items Revoked By Rachit Tanwar,Open,Peter Fictum (100254),Rachit Tanwar (440439),,
zUhGaLALsd8xs67a zUhGaLALsd8xs67a (zUhGaLALsd8xs67a),Entitlement,Database Access Review,Peter Fictum (100254),zuhgalalsd8xs67a,Entitlement,"Server: A2PWACTSQL01, Database: gdMasterCatalog, DB Role: db_owner, Status: Enabled","Server: A2PWACTSQL01, Database: gdMasterCatalog, DB Role: db_owner, Status: Enabled",,Finished,Peter Fictum (100254),Peter Fictum (100254),"2/27/26, 9:03 PM",
Ex9ajxlEd2Rsx4e Ex9ajxlEd2Rsx4e (Ex9ajxlEd2Rsx4e),Entitlement,Database Access Review,Peter Fictum (100254),ex9ajxled2rsx4e,Entitlement,"Server: A2PWDREVSQL02, Database: deferredRevenue, DB Role: db_datawriter, Status: Enabled","Server: A2PWDREVSQL02, Database: deferredRevenue, DB Role: db_datawriter, Status: Enabled",,Open,Peter Fictum (100254),Peter Fictum (100254),,
g499A69A4AB5441 g499A69A4AB5441 (g499A69A4AB5441),Entitlement,Database Access Review,Peter Fictum (100254),g499a69a4ab5441,Entitlement,"Server: A2PWDREVSQL02, Database: deferredRevenue_2014, DB Role: db_owner, Status: Enabled","Server: A2PWDREVSQL02, Database: deferredRevenue_2014, DB Role: db_owner, Status: Enabled",,Open,Peter Fictum (100254),Peter Fictum (100254),,
goon_01j0v4sm3snbfdmfxsqcntkpnm goon_01j0v4sm3snbfdmfxsqcntkpnm (goon_01j0v4sm3snbfdmfxsqcntkpnm),Entitlement,Database Access Review,Peter Fictum (100254),goon_01j0v4sm3snbfdmfxsqcntkpnm,Entitlement,"Server: A2PWPSQL01, Database: SSL, DB Role: db_datawriter, Status: Enabled","Server: A2PWPSQL01, Database: SSL, DB Role: db_datawriter, Status: Enabled",,Open,Peter Fictum (100254),Nandakumar Babu (208300),,
goon_01j1tq5p8ey1vw4r5v2d3wx4cr goon_01j1tq5p8ey1vw4r5v2d3wx4cr (goon_01j1tq5p8ey1vw4r5v2d3wx4cr),Entitlement,Database Access Review,Peter Fictum (100254),goon_01j1tq5p8ey1vw4r5v2d3wx4cr,Entitlement,"Server: P3PWPSQL02, Database: gdMasterCatalog, DB Role: db_datawriter, Status: Enabled","Server: P3PWPSQL02, Database: gdMasterCatalog, DB Role: db_datawriter, Status: Enabled",Certification Items Revoked By Rachit Tanwar,Open,Peter Fictum (100254),Rachit Tanwar (440439),,
h43e2d7302ec04a h43e2d7302ec04a (h43e2d7302ec04a),Entitlement,Database Access Review,Peter Fictum (100254),h43e2d7302ec04a,Entitlement,"Server: P3PWBIGRPTSQL03, Database: godaddyAccounting, DB Role: db_datawriter, Status: Enabled","Server: P3PWBIGRPTSQL03, Database: godaddyAccounting, DB Role: db_datawriter, Status: Enabled",,Finished,Peter Fictum (100254),Peter Fictum (100254),"2/27/26, 9:03 PM",
goon_01j1fpanf692rtz7k14a73mdpr goon_01j1fpanf692rtz7k14a73mdpr (goon_01j1fpanf692rtz7k14a73mdpr),Entitlement,Database Access Review,Peter Fictum (100254),goon_01j1fpanf692rtz7k14a73mdpr,Entitlement,"Server: A2PWPSQL01, Database: godaddyBilling, DB Role: db_datawriter, Status: Enabled","Server: A2PWPSQL01, Database: godaddyBilling, DB Role: db_datawriter, Status: Enabled",Certification Items Revoked By Rachit Tanwar,Open,Peter Fictum (100254),Rachit Tanwar (440439),,
goon_01j0v4sm3snbfdmfxsqcntkpnm goon_01j0v4sm3snbfdmfxsqcntkpnm (goon_01j0v4sm3snbfdmfxsqcntkpnm),Entitlement,Database Access Review,Peter Fictum (100254),goon_01j0v4sm3snbfdmfxsqcntkpnm,Entitlement,"Server: A2PWPSQL01, Database: gdInterCompanyReceipt, DB Role: db_datawriter, Status: Enabled","Server: A2PWPSQL01, Database: gdInterCompanyReceipt, DB Role: db_datawriter, Status: Enabled",,Open,Peter Fictum (100254),Nandakumar Babu (208300),,
goon_03knekfnemnekf0283nf23n1nn goon_03knekfnemnekf0283nf23n1nn (goon_03knekfnemnekf0283nf23n1nn),Entitlement,Database Access Review,Peter Fictum (100254),goon_03knekfnemnekf0283nf23n1nn,Entitlement,"Server: A2PWPSQL01, Database: GoDaddy, DB Role: db_datawriter, Status: Enabled","Server: A2PWPSQL01, Database: GoDaddy, DB Role: db_datawriter, Status: Enabled",Certification Items Revoked By Rachit Tanwar,Open,Peter Fictum (100254),Rachit Tanwar (440439),,
Rahul Maurya (421405),Entitlement,Database Access Review,Peter Fictum (100254),dc1\rmaurya,Entitlement,"Server: A2PWPCISQL01, Database: goDaddyBasket, DB Role: db_datawriter, Status: Enabled","Server: A2PWPCISQL01, Database: goDaddyBasket, DB Role: db_datawriter, Status: Enabled",Certification Items Revoked By Rachit Tanwar,Open,Peter Fictum (100254),Rachit Tanwar (440439),,
goon_01j0v4sm3snbfdmfxsqcntkpnm goon_01j0v4sm3snbfdmfxsqcntkpnm (goon_01j0v4sm3snbfdmfxsqcntkpnm),Entitlement,Database Access Review,Peter Fictum (100254),goon_01j0v4sm3snbfdmfxsqcntkpnm,Entitlement,"Server: A2PWPSQL01, Database: gdMasterCatalog, DB Role: db_datawriter, Status: Enabled","Server: A2PWPSQL01, Database: gdMasterCatalog, DB Role: db_datawriter, Status: Enabled",,Open,Peter Fictum (100254),Nandakumar Babu (208300),,
p33D01ECE23104F p33D01ECE23104F (p33D01ECE23104F),Entitlement,Database Access Review,Peter Fictum (100254),p33d01ece23104f,Entitlement,"Server: A2PWPCISQL01, Database: Server Level Permission, DB Role: sysadmin, Status: Enabled","Server: A2PWPCISQL01, Database: Server Level Permission, DB Role: sysadmin, Status: Enabled",,Open,Peter Fictum (100254),Peter Fictum (100254),,
s66F06DA8D027EB s66F06DA8D027EB (s66F06DA8D027EB),Entitlement,Database Access Review,Peter Fictum (100254),s66f06da8d027eb,Entitlement,"Server: P3PWBIGRPTSQL04, Database: Server Level Permission, DB Role: sysadmin, Status: Enabled","Server: P3PWBIGRPTSQL04, Database: Server Level Permission, DB Role: sysadmin, Status: Enabled",,Finished,Peter Fictum (100254),Peter Fictum (100254),"2/27/26, 9:03 PM",
n1_c42bec25d4e4a41 n1_c42bec25d4e4a41 (n1_c42bec25d4e4a41),Entitlement,Database Access Review,Peter Fictum (100254),n1_c42bec25d4e4a41,Entitlement,"Server: P3PWBIGRPTSQL03, Database: godaddyAccounting, DB Role: db_datawriter, Status: Enabled","Server: P3PWBIGRPTSQL03, Database: godaddyAccounting, DB Role: db_datawriter, Status: Enabled",,Finished,Peter Fictum (100254),Peter Fictum (100254),"2/27/26, 9:03 PM",
Suryansh Nikhra (440435),Entitlement,Database Access Review,Peter Fictum (100254),dc1\snikhra,Entitlement,"Server: A2PWPSQL01, Database: GoDaddy, DB Role: db_ddladmin, Status: Enabled, Via AD Group: platapi","Server: A2PWPSQL01, Database: GoDaddy, DB Role: db_ddladmin, Status: Enabled, Via AD Group: platapi",,Finished,Peter Fictum (100254),Megha Agarwal (401726),"2/23/26, 5:05 PM",
goon_01j0trnjagv51zwg5bwdky8pan goon_01j0trnjagv51zwg5bwdky8pan (goon_01j0trnjagv51zwg5bwdky8pan),Entitlement,Database Access Review,Peter Fictum (100254),goon_01j0trnjagv51zwg5bwdky8pan,Entitlement,"Server: A2PWPSQL01, Database: gdMasterCatalog, DB Role: db_datawriter, Status: Enabled","Server: A2PWPSQL01, Database: gdMasterCatalog, DB Role: db_datawriter, Status: Enabled",Certification Items Revoked By Rachit Tanwar,Open,Peter Fictum (100254),Rachit Tanwar (440439),,
n939E96AF97AC4C n939E96AF97AC4C (n939E96AF97AC4C),Entitlement,Database Access Review,Peter Fictum (100254),n939e96af97ac4c,Entitlement,"Server: A2PWDREVSQL02, Database: accountingWarehouse, DB Role: db_owner, Status: Enabled","Server: A2PWDREVSQL02, Database: accountingWarehouse, DB Role: db_owner, Status: Enabled",,Open,Peter Fictum (100254),Peter Fictum (100254),,
goon_01j0trnjagv51zwg5bwdky8pan goon_01j0trnjagv51zwg5bwdky8pan (goon_01j0trnjagv51zwg5bwdky8pan),Entitlement,Database Access Review,Peter Fictum (100254),goon_01j0trnjagv51zwg5bwdky8pan,Entitlement,"Server: A2PWPSQL01, Database: GoDaddy, DB Role: db_datawriter, Status: Enabled","Server: A2PWPSQL01, Database: GoDaddy, DB Role: db_datawriter, Status: Enabled",Certification Items Revoked By Rachit Tanwar,Open,Peter Fictum (100254),Rachit Tanwar (440439),,
s47260F135F9350 s47260F135F9350 (s47260F135F9350),Entitlement,Database Access Review,Peter Fictum (100254),s47260f135f9350,Entitlement,"Server: A2PWHYDRASQL01, Database: Server Level Permission, DB Role: sysadmin, Status: Enabled","Server: A2PWHYDRASQL01, Database: Server Level Permission, DB Role: sysadmin, Status: Enabled",,Open,Peter Fictum (100254),Peter Fictum (100254),,
g499A69A4AB5441 g499A69A4AB5441 (g499A69A4AB5441),Entitlement,Database Access Review,Peter Fictum (100254),g499a69a4ab5441,Entitlement,"Server: P3PWDREVSQL01, Database: deferredRevenue_2007, DB Role: db_owner, Status: Enabled","Server: P3PWDREVSQL01, Database: deferredRevenue_2007, DB Role: db_owner, Status: Enabled",,Open,Peter Fictum (100254),Peter Fictum (100254),,
goon_01j1tq5qz035qxrd2h2vyyweza goon_01j1tq5qz035qxrd2h2vyyweza (goon_01j1tq5qz035qxrd2h2vyyweza),Entitlement,Database Access Review,Peter Fictum (100254),goon_01j1tq5qz035qxrd2h2vyyweza,Entitlement,"Server: P3PWPSQL02, Database: merchantAccounts, DB Role: db_datawriter, Status: Enabled","Server: P3PWPSQL02, Database: merchantAccounts, DB Role: db_datawriter, Status: Enabled",Certification Items Revoked By Rachit Tanwar,Open,Peter Fictum (100254),Rachit Tanwar (440439),,
goon_01j1fpanf692rtz7k14a73mdpr goon_01j1fpanf692rtz7k14a73mdpr (goon_01j1fpanf692rtz7k14a73mdpr),Entitlement,Database Access Review,Peter Fictum (100254),goon_01j1fpanf692rtz7k14a73mdpr,Entitlement,"Server: A2PWPSQL01, Database: merchantAccounts, DB Role: db_datawriter, Status: Enabled","Server: A2PWPSQL01, Database: merchantAccounts, DB Role: db_datawriter, Status: Enabled",Certification Items Revoked By Rachit Tanwar,Open,Peter Fictum (100254),Rachit Tanwar (440439),,
g499A69A4AB5441 g499A69A4AB5441 (g499A69A4AB5441),Entitlement,Database Access Review,Peter Fictum (100254),g499a69a4ab5441,Entitlement,"Server: A2PWDREVSQL02, Database: deferredRevenue_2024, DB Role: db_owner, Status: Enabled","Server: A2PWDREVSQL02, Database: deferredRevenue_2024, DB Role: db_owner, Status: Enabled",,Open,Peter Fictum (100254),Peter Fictum (100254),,
n1_qw0n3045pls21ni n1_qw0n3045pls21ni (n1_qw0n3045pls21ni),Entitlement,Database Access Review,Peter Fictum (100254),n1_qw0n3045pls21ni,Entitlement,"Server: P3PWBIGRPTSQL04, Database: godaddyAccounting, DB Role: db_datawriter, Status: Enabled","Server: P3PWBIGRPTSQL04, Database: godaddyAccounting, DB Role: db_datawriter, Status: Enabled",,Finished,Peter Fictum (100254),Peter Fictum (100254),"2/27/26, 9:03 PM",
dc1\0260a547d89cecm dc1\0260a547d89cecm (dc1\0260a547d89cecm),Entitlement,Database Access Review,Peter Fictum (100254),dc1\0260a547d89cecm,Entitlement,"Server: A2PWHYDRASQL01, Database: WorkdayConversion, DB Role: db_owner, Status: Enabled","Server: A2PWHYDRASQL01, Database: WorkdayConversion, DB Role: db_owner, Status: Enabled","Refer to RITM2878172, RITM2878174 for MSSQL Removal Tickets",Open,Peter Fictum (100254),Brittany Randall (200303),,
e8D61E915F63F4B e8D61E915F63F4B (e8D61E915F63F4B),Entitlement,Database Access Review,Peter Fictum (100254),e8d61e915f63f4b,Entitlement,"Server: A2PWDREVSQL02, Database: deferredRevenue_2016, DB Role: db_datawriter, Status: Enabled","Server: A2PWDREVSQL02, Database: deferredRevenue_2016, DB Role: db_datawriter, Status: Enabled",,Open,Peter Fictum (100254),Peter Fictum (100254),,
Michael Davis (414334),Entitlement,Database Access Review,Peter Fictum (100254),dc1\mdavis3,Entitlement,"Server: P3PWPSQL02, Database: GoDaddy, DB Role: db_owner, Status: Enabled","Server: P3PWPSQL02, Database: GoDaddy, DB Role: db_owner, Status: Enabled",Certification Items Revoked By Rachit Tanwar,Open,Peter Fictum (100254),Rachit Tanwar (440439),,
goon_01j1tq5p8ey1vw4r5v2d3wx4cr goon_01j1tq5p8ey1vw4r5v2d3wx4cr (goon_01j1tq5p8ey1vw4r5v2d3wx4cr),Entitlement,Database Access Review,Peter Fictum (100254),goon_01j1tq5p8ey1vw4r5v2d3wx4cr,Entitlement,"Server: A2PWPSQL01, Database: gdMasterPromo, DB Role: db_datawriter, Status: Enabled","Server: A2PWPSQL01, Database: gdMasterPromo, DB Role: db_datawriter, Status: Enabled",Certification Items Revoked By Rachit Tanwar,Open,Peter Fictum (100254),Rachit Tanwar (440439),,
r39EF07C3E73C42 r39EF07C3E73C42 (r39EF07C3E73C42),Entitlement,Database Access Review,Peter Fictum (100254),r39ef07c3e73c42,Entitlement,"Server: A2PWDREVSQL02, Database: deferredRevenue_2007, DB Role: db_datawriter, Status: Enabled","Server: A2PWDREVSQL02, Database: deferredRevenue_2007, DB Role: db_datawriter, Status: Enabled",,Open,Peter Fictum (100254),Peter Fictum (100254),,
a8HN9Xm7HY6OWEa a8HN9Xm7HY6OWEa (a8HN9Xm7HY6OWEa),Entitlement,Database Access Review,Peter Fictum (100254),a8hn9xm7hy6owea,Entitlement,"Server: P3PWDREVSQL01, Database: deferredRevenue_2011, DB Role: db_datawriter, Status: Enabled","Server: P3PWDREVSQL01, Database: deferredRevenue_2011, DB Role: db_datawriter, Status: Enabled",,Open,Peter Fictum (100254),Peter Fictum (100254),,
Suryansh Nikhra (440435),Entitlement,Database Access Review,Peter Fictum (100254),dc1\snikhra,Entitlement,"Server: P3PWPSQL02, Database: GoDaddy, DB Role: db_datawriter, Status: Enabled, Via AD Group: platapi","Server: P3PWPSQL02, Database: GoDaddy, DB Role: db_datawriter, Status: Enabled, Via AD Group: platapi",,Finished,Peter Fictum (100254),Megha Agarwal (401726),"2/23/26, 5:05 PM",
Gregory Perschbacher (200307),Entitlement,Database Access Review,Peter Fictum (100254),dc1\gperschbacher,Entitlement,"Server: P3PWPSQL02, Database: godaddyInStoreCredit, DB Role: db_datawriter, Status: Enabled, Via AD Group: Dev-orion App","Server: P3PWPSQL02, Database: godaddyInStoreCredit, DB Role: db_datawriter, Status: Enabled, Via AD Group: Dev-orion App",,Finished,Peter Fictum (100254),Hemanth Kumar Guntupalli (419032),"2/23/26, 5:05 PM",
e81973E55D7BC44 e81973E55D7BC44 (e81973E55D7BC44),Entitlement,Database Access Review,Peter Fictum (100254),e81973e55d7bc44,Entitlement,"Server: A2PWPCISQL01, Database: Server Level Permission, DB Role: sysadmin, Status: Enabled","Server: A2PWPCISQL01, Database: Server Level Permission, DB Role: sysadmin, Status: Enabled",,Open,Peter Fictum (100254),Peter Fictum (100254),,
e8D61E915F63F4B e8D61E915F63F4B (e8D61E915F63F4B),Entitlement,Database Access Review,Peter Fictum (100254),e8d61e915f63f4b,Entitlement,"Server: P3PWDREVSQL01, Database: deferredRevenue_2015, DB Role: db_datawriter, Status: Enabled","Server: P3PWDREVSQL01, Database: deferredRevenue_2015, DB Role: db_datawriter, Status: Enabled",,Open,Peter Fictum (100254),Peter Fictum (100254),,
RLApp RLApp (RLApp),Entitlement,Database Access Review,Peter Fictum (100254),rlapp,Entitlement,"Server: A2PWHYDRASQL01, Database: Server Level Permission, DB Role: sysadmin, Status: Enabled","Server: A2PWHYDRASQL01, Database: Server Level Permission, DB Role: sysadmin, Status: Enabled",,Open,Peter Fictum (100254),Peter Fictum (100254),,
N2_e9C7A90E3DB8448 N2_e9C7A90E3DB8448 (N2_e9C7A90E3DB8448),Entitlement,Database Access Review,Peter Fictum (100254),n2_e9c7a90e3db8448,Entitlement,"Server: A2PWDREVSQL02, Database: deferredRevenue_2011, DB Role: db_datawriter, Status: Enabled","Server: A2PWDREVSQL02, Database: deferredRevenue_2011, DB Role: db_datawriter, Status: Enabled",,Open,Peter Fictum (100254),Peter Fictum (100254),,
Tianyi Guo (441705),Entitlement,Database Access Review,Peter Fictum (100254),dc1\tguo,Entitlement,"Server: P3PWFKSQL02, Database: fortKnox, DB Role: db_owner, Status: Enabled, Via AD Group: platapi","Server: P3PWFKSQL02, Database: fortKnox, DB Role: db_owner, Status: Enabled, Via AD Group: platapi",Certification Items Revoked By Rachit Tanwar,Finished,Peter Fictum (100254),Rachit Tanwar (440439),"2/23/26, 5:05 PM",
n2_u938a0f65b9ac4d n2_u938a0f65b9ac4d (n2_u938a0f65b9ac4d),Entitlement,Database Access Review,Peter Fictum (100254),n2_u938a0f65b9ac4d,Entitlement,"Server: P3PWBIGRPTSQL03, Database: godaddyAccounting, DB Role: db_datawriter, Status: Enabled","Server: P3PWBIGRPTSQL03, Database: godaddyAccounting, DB Role: db_datawriter, Status: Enabled",,Finished,Peter Fictum (100254),Peter Fictum (100254),"2/27/26, 9:03 PM",
N2_e9C7A90E3DB8448 N2_e9C7A90E3DB8448 (N2_e9C7A90E3DB8448),Entitlement,Database Access Review,Peter Fictum (100254),n2_e9c7a90e3db8448,Entitlement,"Server: A2PWDREVSQL02, Database: deferredRevenue_2009, DB Role: db_datawriter, Status: Enabled","Server: A2PWDREVSQL02, Database: deferredRevenue_2009, DB Role: db_datawriter, Status: Enabled",,Open,Peter Fictum (100254),Peter Fictum (100254),,
goon_01j1fpanf692rtz7k14a73mdpr goon_01j1fpanf692rtz7k14a73mdpr (goon_01j1fpanf692rtz7k14a73mdpr),Entitlement,Database Access Review,Peter Fictum (100254),goon_01j1fpanf692rtz7k14a73mdpr,Entitlement,"Server: A2PWPSQL01, Database: GoDaddy, DB Role: db_datawriter, Status: Enabled","Server: A2PWPSQL01, Database: GoDaddy, DB Role: db_datawriter, Status: Enabled",Certification Items Revoked By Rachit Tanwar,Open,Peter Fictum (100254),Rachit Tanwar (440439),,
goon_01j1tr4k2av6ns00594p32xfsw goon_01j1tr4k2av6ns00594p32xfsw (goon_01j1tr4k2av6ns00594p32xfsw),Entitlement,Database Access Review,Peter Fictum (100254),goon_01j1tr4k2av6ns00594p32xfsw,Entitlement,"Server: P3PWPSQL02, Database: godaddyBilling, DB Role: db_datawriter, Status: Enabled","Server: P3PWPSQL02, Database: godaddyBilling, DB Role: db_datawriter, Status: Enabled",Certification Items Revoked By Rachit Tanwar,Open,Peter Fictum (100254),Rachit Tanwar (440439),,
N1_q55F823628CCA4D N1_q55F823628CCA4D (N1_q55F823628CCA4D),Entitlement,Database Access Review,Peter Fictum (100254),n1_q55f823628cca4d,Entitlement,"Server: A2PWDREVSQL02, Database: deferredRevenue_2012, DB Role: db_datawriter, Status: Enabled","Server: A2PWDREVSQL02, Database: deferredRevenue_2012, DB Role: db_datawriter, Status: Enabled",,Open,Peter Fictum (100254),Peter Fictum (100254),,
n1_fdfbc892fef554b n1_fdfbc892fef554b (n1_fdfbc892fef554b),Entitlement,Database Access Review,Peter Fictum (100254),n1_fdfbc892fef554b,Entitlement,"Server: P3PWBIGRPTSQL04, Database: godaddyAccounting, DB Role: db_datawriter, Status: Enabled","Server: P3PWBIGRPTSQL04, Database: godaddyAccounting, DB Role: db_datawriter, Status: Enabled",,Finished,Peter Fictum (100254),Peter Fictum (100254),"2/27/26, 9:03 PM",
dc1\msvc_q5k88m1dcb$ dc1\msvc_q5k88m1dcb$ (dc1\msvc_q5k88m1dcb$),Entitlement,Database Access Review,Peter Fictum (100254),dc1\msvc_q5k88m1dcb$,Entitlement,"Server: P3PWDREVSQL01, Database: deferredRevenue_2023, DB Role: db_datawriter, Status: Enabled","Server: P3PWDREVSQL01, Database: deferredRevenue_2023, DB Role: db_datawriter, Status: Enabled",Certification Items Revoked By Rachit Tanwar,Open,Peter Fictum (100254),Rachit Tanwar (440439),,
goon_01j1trt98wnqskxskyq7fek4wd goon_01j1trt98wnqskxskyq7fek4wd (goon_01j1trt98wnqskxskyq7fek4wd),Entitlement,Database Access Review,Peter Fictum (100254),goon_01j1trt98wnqskxskyq7fek4wd,Entitlement,"Server: A2PWPSQL01, Database: GoDaddy, DB Role: db_datawriter, Status: Enabled","Server: A2PWPSQL01, Database: GoDaddy, DB Role: db_datawriter, Status: Enabled",Certification Items Revoked By Rachit Tanwar,Open,Peter Fictum (100254),Rachit Tanwar (440439),,
p33D01ECE23104F p33D01ECE23104F (p33D01ECE23104F),Entitlement,Database Access Review,Peter Fictum (100254),p33d01ece23104f,Entitlement,"Server: P3PWPCISQL02, Database: Server Level Permission, DB Role: sysadmin, Status: Enabled","Server: P3PWPCISQL02, Database: Server Level Permission, DB Role: sysadmin, Status: Enabled",,Open,Peter Fictum (100254),Peter Fictum (100254),,
nhbhuj8u8ijkmnd nhbhuj8u8ijkmnd (nhbhuj8u8ijkmnd),Entitlement,Database Access Review,Peter Fictum (100254),nhbhuj8u8ijkmnd,Entitlement,"Server: P3PWPCISQL02, Database: Server Level Permission, DB Role: sysadmin, Status: Enabled","Server: P3PWPCISQL02, Database: Server Level Permission, DB Role: sysadmin, Status: Enabled",,Open,Peter Fictum (100254),Peter Fictum (100254),,
N2_e9C7A90E3DB8448 N2_e9C7A90E3DB8448 (N2_e9C7A90E3DB8448),Entitlement,Database Access Review,Peter Fictum (100254),n2_e9c7a90e3db8448,Entitlement,"Server: P3PWDREVSQL01, Database: deferredRevenue_2009, DB Role: db_datawriter, Status: Enabled","Server: P3PWDREVSQL01, Database: deferredRevenue_2009, DB Role: db_datawriter, Status: Enabled",,Open,Peter Fictum (100254),Peter Fictum (100254),,
mjkwkwlazyi9ve2 mjkwkwlazyi9ve2 (mjkwkwlazyi9ve2),Entitlement,Database Access Review,Peter Fictum (100254),mjkwkwlazyi9ve2,Entitlement,"Server: P3PWBIGRPTSQL04, Database: godaddyAccounting, DB Role: db_datawriter, Status: Enabled","Server: P3PWBIGRPTSQL04, Database: godaddyAccounting, DB Role: db_datawriter, Status: Enabled",,Finished,Peter Fictum (100254),Peter Fictum (100254),"2/27/26, 9:03 PM",
goon_01j0v4sm3snbfdmfxsqcntkpnm goon_01j0v4sm3snbfdmfxsqcntkpnm (goon_01j0v4sm3snbfdmfxsqcntkpnm),Entitlement,Database Access Review,Peter Fictum (100254),goon_01j0v4sm3snbfdmfxsqcntkpnm,Entitlement,"Server: A2PWPSQL01, Database: godaddyBilling, DB Role: db_datawriter, Status: Enabled","Server: A2PWPSQL01, Database: godaddyBilling, DB Role: db_datawriter, Status: Enabled",,Open,Peter Fictum (100254),Nandakumar Babu (208300),,
GoDaddyCustomer GoDaddyCustomer (GoDaddyCustomer),Entitlement,Database Access Review,Peter Fictum (100254),godaddycustomer,Entitlement,"Server: P3PWFKSQL02, Database: Server Level Permission, DB Role: sysadmin, Status: Enabled","Server: P3PWFKSQL02, Database: Server Level Permission, DB Role: sysadmin, Status: Enabled",,Open,Peter Fictum (100254),Peter Fictum (100254),,
N2_e9C7A90E3DB8448 N2_e9C7A90E3DB8448 (N2_e9C7A90E3DB8448),Entitlement,Database Access Review,Peter Fictum (100254),n2_e9c7a90e3db8448,Entitlement,"Server: P3PWDREVSQL01, Database: deferredRevenue_2025, DB Role: db_datawriter, Status: Enabled","Server: P3PWDREVSQL01, Database: deferredRevenue_2025, DB Role: db_datawriter, Status: Enabled",,Open,Peter Fictum (100254),Peter Fictum (100254),,
Vera Oshyna (427789),Entitlement,Database Access Review,Peter Fictum (100254),dc1\voshyna,Entitlement,"Server: A2PWPSQL01, Database: godaddyBilling, DB Role: db_ddladmin, Status: Enabled","Server: A2PWPSQL01, Database: godaddyBilling, DB Role: db_ddladmin, Status: Enabled",,Finished,Peter Fictum (100254),Hemanth Kumar Guntupalli (419032),"2/19/26, 12:06 AM",
Vera Oshyna (427789),Entitlement,Database Access Review,Peter Fictum (100254),dc1\voshyna,Entitlement,"Server: A2PWPSQL01, Database: godaddyBilling, DB Role: db_owner, Status: Enabled","Server: A2PWPSQL01, Database: godaddyBilling, DB Role: db_owner, Status: Enabled",,Finished,Peter Fictum (100254),Hemanth Kumar Guntupalli (419032),"2/19/26, 12:06 AM",
goon_01j1d6ks6wbrawe1gmpcthaqg1 goon_01j1d6ks6wbrawe1gmpcthaqg1 (goon_01j1d6ks6wbrawe1gmpcthaqg1),Entitlement,Database Access Review,Peter Fictum (100254),goon_01j1d6ks6wbrawe1gmpcthaqg1,Entitlement,"Server: P3PWPSQL02, Database: SSL, DB Role: db_datawriter, Status: Enabled","Server: P3PWPSQL02, Database: SSL, DB Role: db_datawriter, Status: Enabled",,Open,Peter Fictum (100254),Peter Fictum (100254),,
Ex9ajxlEd2Rsx4e Ex9ajxlEd2Rsx4e (Ex9ajxlEd2Rsx4e),Entitlement,Database Access Review,Peter Fictum (100254),ex9ajxled2rsx4e,Entitlement,"Server: P3PWDREVSQL01, Database: deferredRevenue_2023, DB Role: db_datawriter, Status: Enabled","Server: P3PWDREVSQL01, Database: deferredRevenue_2023, DB Role: db_datawriter, Status: Enabled",,Open,Peter Fictum (100254),Peter Fictum (100254),,
N1_q55F823628CCA4D N1_q55F823628CCA4D (N1_q55F823628CCA4D),Entitlement,Database Access Review,Peter Fictum (100254),n1_q55f823628cca4d,Entitlement,"Server: P3PWDREVSQL01, Database: deferredRevenue_2007, DB Role: db_datawriter, Status: Enabled","Server: P3PWDREVSQL01, Database: deferredRevenue_2007, DB Role: db_datawriter, Status: Enabled",,Open,Peter Fictum (100254),Peter Fictum (100254),,
sF2C9AFFCEA6243 sF2C9AFFCEA6243 (sF2C9AFFCEA6243),Entitlement,Database Access Review,Peter Fictum (100254),sf2c9affcea6243,Entitlement,"Server: P3PWPCISQL02, Database: Server Level Permission, DB Role: sysadmin, Status: Enabled","Server: P3PWPCISQL02, Database: Server Level Permission, DB Role: sysadmin, Status: Enabled",,Open,Peter Fictum (100254),Peter Fictum (100254),,
goon_01j1tr4k2av6ns00594p32xfsw goon_01j1tr4k2av6ns00594p32xfsw (goon_01j1tr4k2av6ns00594p32xfsw),Entitlement,Database Access Review,Peter Fictum (100254),goon_01j1tr4k2av6ns00594p32xfsw,Entitlement,"Server: A2PWPSQL01, Database: GoDaddy, DB Role: db_datawriter, Status: Enabled","Server: A2PWPSQL01, Database: GoDaddy, DB Role: db_datawriter, Status: Enabled",Certification Items Revoked By Rachit Tanwar,Open,Peter Fictum (100254),Rachit Tanwar (440439),,
CHba4ITBZSjR0Aw CHba4ITBZSjR0Aw (CHba4ITBZSjR0Aw),Entitlement,Database Access Review,Peter Fictum (100254),chba4itbzsjr0aw,Entitlement,"Server: A2PWDREVSQL02, Database: deferredRevenue_2019, DB Role: db_datawriter, Status: Enabled","Server: A2PWDREVSQL02, Database: deferredRevenue_2019, DB Role: db_datawriter, Status: Enabled",,Open,Peter Fictum (100254),Peter Fictum (100254),,
Vera Oshyna (427789),Entitlement,Database Access Review,Peter Fictum (100254),dc1\voshyna,Entitlement,"Server: A2PWPSQL01, Database: Server Level Permission, DB Role: sysadmin, Status: Enabled, Via AD Group: Dev-Web-eCommDB","Server: A2PWPSQL01, Database: Server Level Permission, DB Role: sysadmin, Status: Enabled, Via AD Group: Dev-Web-eCommDB",,Finished,Peter Fictum (100254),Hemanth Kumar Guntupalli (419032),"2/19/26, 12:06 AM",
a8HN9Xm7HY6OWEa a8HN9Xm7HY6OWEa (a8HN9Xm7HY6OWEa),Entitlement,Database Access Review,Peter Fictum (100254),a8hn9xm7hy6owea,Entitlement,"Server: P3PWDREVSQL01, Database: deferredRevenue_2024, DB Role: db_datawriter, Status: Enabled","Server: P3PWDREVSQL01, Database: deferredRevenue_2024, DB Role: db_datawriter, Status: Enabled",,Open,Peter Fictum (100254),Peter Fictum (100254),,
Jacob Brooks (403672),Entitlement,Database Access Review,Peter Fictum (100254),dc1\jbrooks2,Entitlement,"Server: P3PWPSQL02, Database: GoDaddy, DB Role: db_ddladmin, Status: Enabled, Via AD Group: platapi","Server: P3PWPSQL02, Database: GoDaddy, DB Role: db_ddladmin, Status: Enabled, Via AD Group: platapi",Certification Items Revoked By Rachit Tanwar,Finished,Peter Fictum (100254),Rachit Tanwar (440439),"2/23/26, 5:05 PM",
goon_01j1fpanf692rtz7k14a73mdpr goon_01j1fpanf692rtz7k14a73mdpr (goon_01j1fpanf692rtz7k14a73mdpr),Entitlement,Database Access Review,Peter Fictum (100254),goon_01j1fpanf692rtz7k14a73mdpr,Entitlement,"Server: P3PWPSQL02, Database: godaddyBilling, DB Role: db_datawriter, Status: Enabled","Server: P3PWPSQL02, Database: godaddyBilling, DB Role: db_datawriter, Status: Enabled",Certification Items Revoked By Rachit Tanwar,Open,Peter Fictum (100254),Rachit Tanwar (440439),,
N1_q55F823628CCA4D N1_q55F823628CCA4D (N1_q55F823628CCA4D),Entitlement,Database Access Review,Peter Fictum (100254),n1_q55f823628cca4d,Entitlement,"Server: P3PWDREVSQL01, Database: deferredRevenue_2018, DB Role: db_datawriter, Status: Enabled","Server: P3PWDREVSQL01, Database: deferredRevenue_2018, DB Role: db_datawriter, Status: Enabled",,Open,Peter Fictum (100254),Peter Fictum (100254),,
goon_01j1trtjmdjgs87htfpp485dbs goon_01j1trtjmdjgs87htfpp485dbs (goon_01j1trtjmdjgs87htfpp485dbs),Entitlement,Database Access Review,Peter Fictum (100254),goon_01j1trtjmdjgs87htfpp485dbs,Entitlement,"Server: P3PWPSQL02, Database: godaddyBilling, DB Role: db_datawriter, Status: Enabled","Server: P3PWPSQL02, Database: godaddyBilling, DB Role: db_datawriter, Status: Enabled",Certification Items Revoked By Rachit Tanwar,Open,Peter Fictum (100254),Rachit Tanwar (440439),,
N1_q55F823628CCA4D N1_q55F823628CCA4D (N1_q55F823628CCA4D),Entitlement,Database Access Review,Peter Fictum (100254),n1_q55f823628cca4d,Entitlement,"Server: A2PWDREVSQL02, Database: deferredRevenue_2015, DB Role: db_datawriter, Status: Enabled","Server: A2PWDREVSQL02, Database: deferredRevenue_2015, DB Role: db_datawriter, Status: Enabled",,Open,Peter Fictum (100254),Peter Fictum (100254),,
e8D61E915F63F4B e8D61E915F63F4B (e8D61E915F63F4B),Entitlement,Database Access Review,Peter Fictum (100254),e8d61e915f63f4b,Entitlement,"Server: P3PWDREVSQL01, Database: deferredRevenue_2020, DB Role: db_datawriter, Status: Enabled","Server: P3PWDREVSQL01, Database: deferredRevenue_2020, DB Role: db_datawriter, Status: Enabled",,Open,Peter Fictum (100254),Peter Fictum (100254),,
goon_01j1tq5qz035qxrd2h2vyyweza goon_01j1tq5qz035qxrd2h2vyyweza (goon_01j1tq5qz035qxrd2h2vyyweza),Entitlement,Database Access Review,Peter Fictum (100254),goon_01j1tq5qz035qxrd2h2vyyweza,Entitlement,"Server: P3PWPSQL02, Database: gdMasterCatalog, DB Role: db_datawriter, Status: Enabled","Server: P3PWPSQL02, Database: gdMasterCatalog, DB Role: db_datawriter, Status: Enabled",Certification Items Revoked By Rachit Tanwar,Open,Peter Fictum (100254),Rachit Tanwar (440439),,
N2_e9C7A90E3DB8448 N2_e9C7A90E3DB8448 (N2_e9C7A90E3DB8448),Entitlement,Database Access Review,Peter Fictum (100254),n2_e9c7a90e3db8448,Entitlement,"Server: P3PWDREVSQL01, Database: deferredRevenue_2006, DB Role: db_datawriter, Status: Enabled","Server: P3PWDREVSQL01, Database: deferredRevenue_2006, DB Role: db_datawriter, Status: Enabled",,Open,Peter Fictum (100254),Peter Fictum (100254),,
Ex9ajxlEd2Rsx4e Ex9ajxlEd2Rsx4e (Ex9ajxlEd2Rsx4e),Entitlement,Database Access Review,Peter Fictum (100254),ex9ajxled2rsx4e,Entitlement,"Server: P3PWDREVSQL01, Database: deferredRevenue_2006, DB Role: db_datawriter, Status: Enabled","Server: P3PWDREVSQL01, Database: deferredRevenue_2006, DB Role: db_datawriter, Status: Enabled",,Open,Peter Fictum (100254),Peter Fictum (100254),,
dc1\msvc_h25z2tlmzp$ dc1\msvc_h25z2tlmzp$ (dc1\msvc_h25z2tlmzp$),Entitlement,Database Access Review,Peter Fictum (100254),dc1\msvc_h25z2tlmzp$,Entitlement,"Server: A2PWHYDRASQL01, Database: Server Level Permission, DB Role: securityadmin, Status: Enabled, Via AD Group: GAAP_SSO_Admin","Server: A2PWHYDRASQL01, Database: Server Level Permission, DB Role: securityadmin, Status: Enabled, Via AD Group: GAAP_SSO_Admin",Certification Items Revoked By Rachit Tanwar,Finished,Peter Fictum (100254),Rachit Tanwar (440439),"2/23/26, 5:05 PM",
N2_e9C7A90E3DB8448 N2_e9C7A90E3DB8448 (N2_e9C7A90E3DB8448),Entitlement,Database Access Review,Peter Fictum (100254),n2_e9c7a90e3db8448,Entitlement,"Server: P3PWDREVSQL01, Database: deferredRevenue_xxxx, DB Role: db_datawriter, Status: Enabled","Server: P3PWDREVSQL01, Database: deferredRevenue_xxxx, DB Role: db_datawriter, Status: Enabled",,Open,Peter Fictum (100254),Peter Fictum (100254),,
DumcVBzhR4Q7BCw DumcVBzhR4Q7BCw (DumcVBzhR4Q7BCw),Entitlement,Database Access Review,Peter Fictum (100254),dumcvbzhr4q7bcw,Entitlement,"Server: A2PWPCISQL01, Database: goDaddyBasket, DB Role: db_datawriter, Status: Enabled","Server: A2PWPCISQL01, Database: goDaddyBasket, DB Role: db_datawriter, Status: Enabled",,Open,Peter Fictum (100254),Peter Fictum (100254),,
dc1\msvc_q5k88m1dcb$ dc1\msvc_q5k88m1dcb$ (dc1\msvc_q5k88m1dcb$),Entitlement,Database Access Review,Peter Fictum (100254),dc1\msvc_q5k88m1dcb$,Entitlement,"Server: A2PWDREVSQL02, Database: deferredRevenue_2014, DB Role: db_datawriter, Status: Enabled","Server: A2PWDREVSQL02, Database: deferredRevenue_2014, DB Role: db_datawriter, Status: Enabled",Certification Items Revoked By Rachit Tanwar,Open,Peter Fictum (100254),Rachit Tanwar (440439),,
Kashish Dhawan (439978),Entitlement,Database Access Review,Peter Fictum (100254),dc1\kdhawan,Entitlement,"Server: P3PWPSQL02, Database: GoDaddy, DB Role: db_datawriter, Status: Enabled","Server: P3PWPSQL02, Database: GoDaddy, DB Role: db_datawriter, Status: Enabled",Certification Items Revoked By Rachit Tanwar,Open,Peter Fictum (100254),Rachit Tanwar (440439),,
nm89nhy67tgybv4 nm89nhy67tgybv4 (nm89nhy67tgybv4),Entitlement,Database Access Review,Peter Fictum (100254),nm89nhy67tgybv4,Entitlement,"Server: P3PWBIGRPTSQL03, Database: godaddyAccounting, DB Role: db_datawriter, Status: Enabled","Server: P3PWBIGRPTSQL03, Database: godaddyAccounting, DB Role: db_datawriter, Status: Enabled",,Finished,Peter Fictum (100254),Peter Fictum (100254),"2/27/26, 9:03 PM",
g499A69A4AB5441 g499A69A4AB5441 (g499A69A4AB5441),Entitlement,Database Access Review,Peter Fictum (100254),g499a69a4ab5441,Entitlement,"Server: A2PWDREVSQL02, Database: deferredRevenue_2012, DB Role: db_owner, Status: Enabled","Server: A2PWDREVSQL02, Database: deferredRevenue_2012, DB Role: db_owner, Status: Enabled",,Open,Peter Fictum (100254),Peter Fictum (100254),,
goon_01j0trmc1cdex2zn5yff2em4d7 goon_01j0trmc1cdex2zn5yff2em4d7 (goon_01j0trmc1cdex2zn5yff2em4d7),Entitlement,Database Access Review,Peter Fictum (100254),goon_01j0trmc1cdex2zn5yff2em4d7,Entitlement,"Server: A2PWPSQL01, Database: SSL, DB Role: db_datawriter, Status: Enabled","Server: A2PWPSQL01, Database: SSL, DB Role: db_datawriter, Status: Enabled",Certification Items Revoked By Rachit Tanwar,Open,Peter Fictum (100254),Rachit Tanwar (440439),,
goon_01j1tq5p8ey1vw4r5v2d3wx4cr goon_01j1tq5p8ey1vw4r5v2d3wx4cr (goon_01j1tq5p8ey1vw4r5v2d3wx4cr),Entitlement,Database Access Review,Peter Fictum (100254),goon_01j1tq5p8ey1vw4r5v2d3wx4cr,Entitlement,"Server: P3PWPSQL02, Database: gdMasterPromo, DB Role: db_datawriter, Status: Enabled","Server: P3PWPSQL02, Database: gdMasterPromo, DB Role: db_datawriter, Status: Enabled",Certification Items Revoked By Rachit Tanwar,Open,Peter Fictum (100254),Rachit Tanwar (440439),,
hHh85kl0567nHbG hHh85kl0567nHbG (hHh85kl0567nHbG),Entitlement,Database Access Review,Peter Fictum (100254),hhh85kl0567nhbg,Entitlement,"Server: P3PWPCISQL02, Database: godaddyCreditLine, DB Role: db_datawriter, Status: Enabled","Server: P3PWPCISQL02, Database: godaddyCreditLine, DB Role: db_datawriter, Status: Enabled",,Open,Peter Fictum (100254),Peter Fictum (100254),,
goon_01j1tq5qz035qxrd2h2vyyweza goon_01j1tq5qz035qxrd2h2vyyweza (goon_01j1tq5qz035qxrd2h2vyyweza),Entitlement,Database Access Review,Peter Fictum (100254),goon_01j1tq5qz035qxrd2h2vyyweza,Entitlement,"Server: P3PWPSQL02, Database: SSL, DB Role: db_datawriter, Status: Enabled","Server: P3PWPSQL02, Database: SSL, DB Role: db_datawriter, Status: Enabled",Certification Items Revoked By Rachit Tanwar,Open,Peter Fictum (100254),Rachit Tanwar (440439),,
dc1\mnpi-database-sqladmins dc1\mnpi-database-sqladmins (dc1\mnpi-database-sqladmins),Entitlement,Database Access Review,Peter Fictum (100254),dc1\mnpi-database-sqladmins,Entitlement,"Server: P3PWBIGRPTSQL03, Database: Server Level Permission, DB Role: sysadmin, Status: Enabled","Server: P3PWBIGRPTSQL03, Database: Server Level Permission, DB Role: sysadmin, Status: Enabled",,Finished,Peter Fictum (100254),Peter Fictum (100254),"2/27/26, 9:03 PM",
hHh85kl0567nHbG hHh85kl0567nHbG (hHh85kl0567nHbG),Entitlement,Database Access Review,Peter Fictum (100254),hhh85kl0567nhbg,Entitlement,"Server: A2PWPCISQL01, Database: godaddyCreditLine, DB Role: db_datawriter, Status: Enabled","Server: A2PWPCISQL01, Database: godaddyCreditLine, DB Role: db_datawriter, Status: Enabled",,Open,Peter Fictum (100254),Peter Fictum (100254),,
dc1\svcu7dqzhkywxikl8 dc1\svcu7dqzhkywxikl8 (dc1\svcu7dqzhkywxikl8),Entitlement,Database Access Review,Peter Fictum (100254),dc1\svcu7dqzhkywxikl8,Entitlement,"Server: A2PWACTSQL01, Database: Server Level Permission, DB Role: sysadmin, Status: Enabled","Server: A2PWACTSQL01, Database: Server Level Permission, DB Role: sysadmin, Status: Enabled",,Finished,Peter Fictum (100254),Peter Fictum (100254),"2/23/26, 5:05 PM",
goon_01j1d6ks6wbrawe1gmpcthaqg1 goon_01j1d6ks6wbrawe1gmpcthaqg1 (goon_01j1d6ks6wbrawe1gmpcthaqg1),Entitlement,Database Access Review,Peter Fictum (100254),goon_01j1d6ks6wbrawe1gmpcthaqg1,Entitlement,"Server: A2PWPSQL01, Database: SSL, DB Role: db_datawriter, Status: Enabled","Server: A2PWPSQL01, Database: SSL, DB Role: db_datawriter, Status: Enabled",,Open,Peter Fictum (100254),Peter Fictum (100254),,
jjj8787hnhiuiun jjj8787hnhiuiun (jjj8787hnhiuiun),Entitlement,Database Access Review,Peter Fictum (100254),jjj8787hnhiuiun,Entitlement,"Server: P3PWBIGRPTSQL03, Database: godaddyAccounting, DB Role: db_datawriter, Status: Enabled","Server: P3PWBIGRPTSQL03, Database: godaddyAccounting, DB Role: db_datawriter, Status: Enabled",,Finished,Peter Fictum (100254),Peter Fictum (100254),"2/27/26, 9:03 PM",
goon_01j1trt98wnqskxskyq7fek4wd goon_01j1trt98wnqskxskyq7fek4wd (goon_01j1trt98wnqskxskyq7fek4wd),Entitlement,Database Access Review,Peter Fictum (100254),goon_01j1trt98wnqskxskyq7fek4wd,Entitlement,"Server: A2PWPSQL01, Database: GoDaddyCPL, DB Role: db_datawriter, Status: Enabled","Server: A2PWPSQL01, Database: GoDaddyCPL, DB Role: db_datawriter, Status: Enabled",Certification Items Revoked By Rachit Tanwar,Open,Peter Fictum (100254),Rachit Tanwar (440439),,
N2_e9C7A90E3DB8448 N2_e9C7A90E3DB8448 (N2_e9C7A90E3DB8448),Entitlement,Database Access Review,Peter Fictum (100254),n2_e9c7a90e3db8448,Entitlement,"Server: A2PWDREVSQL02, Database: deferredRevenue, DB Role: db_datawriter, Status: Enabled","Server: A2PWDREVSQL02, Database: deferredRevenue, DB Role: db_datawriter, Status: Enabled",,Open,Peter Fictum (100254),Peter Fictum (100254),,
DTm50vzYP5QHWky DTm50vzYP5QHWky (DTm50vzYP5QHWky),Entitlement,Database Access Review,Peter Fictum (100254),dtm50vzyp5qhwky,Entitlement,"Server: P3PWPCISQL02, Database: Server Level Permission, DB Role: sysadmin, Status: Enabled","Server: P3PWPCISQL02, Database: Server Level Permission, DB Role: sysadmin, Status: Enabled",,Open,Peter Fictum (100254),Peter Fictum (100254),,
zXQidXV5hhfTNZu zXQidXV5hhfTNZu (zXQidXV5hhfTNZu),Entitlement,Database Access Review,Peter Fictum (100254),zxqidxv5hhftnzu,Entitlement,"Server: P3PWPCISQL02, Database: Server Level Permission, DB Role: sysadmin, Status: Enabled","Server: P3PWPCISQL02, Database: Server Level Permission, DB Role: sysadmin, Status: Enabled",,Open,Peter Fictum (100254),Peter Fictum (100254),,
Qiong Wu (412584),Entitlement,Database Access Review,Peter Fictum (100254),dc1\qwu,Entitlement,"Server: P3PWDREVSQL01, Database: accountingDeferredRevenue, DB Role: db_owner, Status: Enabled","Server: P3PWDREVSQL01, Database: accountingDeferredRevenue, DB Role: db_owner, Status: Enabled",,Open,Peter Fictum (100254),Bryan Focht (202136),,
Kashish Dhawan (439978),Entitlement,Database Access Review,Peter Fictum (100254),dc1\kdhawan,Entitlement,"Server: A2PWPSQL01, Database: GoDaddy, DB Role: db_datawriter, Status: Enabled","Server: A2PWPSQL01, Database: GoDaddy, DB Role: db_datawriter, Status: Enabled",Certification Items Revoked By Rachit Tanwar,Open,Peter Fictum (100254),Rachit Tanwar (440439),,
goon_01j0trnjagv51zwg5bwdky8pan goon_01j0trnjagv51zwg5bwdky8pan (goon_01j0trnjagv51zwg5bwdky8pan),Entitlement,Database Access Review,Peter Fictum (100254),goon_01j0trnjagv51zwg5bwdky8pan,Entitlement,"Server: A2PWPSQL01, Database: gdMasterPromo, DB Role: db_datawriter, Status: Enabled","Server: A2PWPSQL01, Database: gdMasterPromo, DB Role: db_datawriter, Status: Enabled",Certification Items Revoked By Rachit Tanwar,Open,Peter Fictum (100254),Rachit Tanwar (440439),,
goon_01j1trtjmdjgs87htfpp485dbs goon_01j1trtjmdjgs87htfpp485dbs (goon_01j1trtjmdjgs87htfpp485dbs),Entitlement,Database Access Review,Peter Fictum (100254),goon_01j1trtjmdjgs87htfpp485dbs,Entitlement,"Server: A2PWPSQL01, Database: godaddyBilling, DB Role: db_datawriter, Status: Enabled","Server: A2PWPSQL01, Database: godaddyBilling, DB Role: db_datawriter, Status: Enabled",Certification Items Revoked By Rachit Tanwar,Open,Peter Fictum (100254),Rachit Tanwar (440439),,
Ex9ajxlEd2Rsx4e Ex9ajxlEd2Rsx4e (Ex9ajxlEd2Rsx4e),Entitlement,Database Access Review,Peter Fictum (100254),ex9ajxled2rsx4e,Entitlement,"Server: A2PWDREVSQL02, Database: deferredRevenue_2023, DB Role: db_datawriter, Status: Enabled","Server: A2PWDREVSQL02, Database: deferredRevenue_2023, DB Role: db_datawriter, Status: Enabled",,Open,Peter Fictum (100254),Peter Fictum (100254),,
goon_01hzg5v5ftkcf3bvc4gzrgwn9d goon_01hzg5v5ftkcf3bvc4gzrgwn9d (goon_01hzg5v5ftkcf3bvc4gzrgwn9d),Entitlement,Database Access Review,Peter Fictum (100254),goon_01hzg5v5ftkcf3bvc4gzrgwn9d,Entitlement,"Server: A2PWPSQL01, Database: SSL, DB Role: db_datawriter, Status: Enabled","Server: A2PWPSQL01, Database: SSL, DB Role: db_datawriter, Status: Enabled",Certification Items Revoked By Rachit Tanwar,Open,Peter Fictum (100254),Rachit Tanwar (440439),,
dc1\msvc_h25z2tlmzp$ dc1\msvc_h25z2tlmzp$ (dc1\msvc_h25z2tlmzp$),Entitlement,Database Access Review,Peter Fictum (100254),dc1\msvc_h25z2tlmzp$,Entitlement,"Server: P3PWACTSQL03, Database: acctProjects, DB Role: db_datawriter, Status: Enabled","Server: P3PWACTSQL03, Database: acctProjects, DB Role: db_datawriter, Status: Enabled",Certification Items Revoked By Rachit Tanwar,Finished,Peter Fictum (100254),Rachit Tanwar (440439),"2/27/26, 9:03 PM",
abbyyservice abbyyservice (abbyyservice),Entitlement,Database Access Review,Peter Fictum (100254),abbyyservice,Entitlement,"Server: P3PWHYDRASQL02, Database: Server Level Permission, DB Role: sysadmin, Status: Enabled","Server: P3PWHYDRASQL02, Database: Server Level Permission, DB Role: sysadmin, Status: Enabled",,Open,Peter Fictum (100254),Peter Fictum (100254),,
g499A69A4AB5441 g499A69A4AB5441 (g499A69A4AB5441),Entitlement,Database Access Review,Peter Fictum (100254),g499a69a4ab5441,Entitlement,"Server: A2PWDREVSQL02, Database: deferredRevenue_2022, DB Role: db_owner, Status: Enabled","Server: A2PWDREVSQL02, Database: deferredRevenue_2022, DB Role: db_owner, Status: Enabled",,Open,Peter Fictum (100254),Peter Fictum (100254),,
CHba4ITBZSjR0Aw CHba4ITBZSjR0Aw (CHba4ITBZSjR0Aw),Entitlement,Database Access Review,Peter Fictum (100254),chba4itbzsjr0aw,Entitlement,"Server: A2PWDREVSQL02, Database: deferredRevenue_2023, DB Role: db_datawriter, Status: Enabled","Server: A2PWDREVSQL02, Database: deferredRevenue_2023, DB Role: db_datawriter, Status: Enabled",,Open,Peter Fictum (100254),Peter Fictum (100254),,
g499A69A4AB5441 g499A69A4AB5441 (g499A69A4AB5441),Entitlement,Database Access Review,Peter Fictum (100254),g499a69a4ab5441,Entitlement,"Server: P3PWDREVSQL01, Database: deferredRevenue_2023, DB Role: db_owner, Status: Enabled","Server: P3PWDREVSQL01, Database: deferredRevenue_2023, DB Role: db_owner, Status: Enabled",,Open,Peter Fictum (100254),Peter Fictum (100254),,
goon_01j1tq5p8ey1vw4r5v2d3wx4cr goon_01j1tq5p8ey1vw4r5v2d3wx4cr (goon_01j1tq5p8ey1vw4r5v2d3wx4cr),Entitlement,Database Access Review,Peter Fictum (100254),goon_01j1tq5p8ey1vw4r5v2d3wx4cr,Entitlement,"Server: P3PWPSQL02, Database: godaddyBilling, DB Role: db_datawriter, Status: Enabled","Server: P3PWPSQL02, Database: godaddyBilling, DB Role: db_datawriter, Status: Enabled",Certification Items Revoked By Rachit Tanwar,Open,Peter Fictum (100254),Rachit Tanwar (440439),,
CHba4ITBZSjR0Aw CHba4ITBZSjR0Aw (CHba4ITBZSjR0Aw),Entitlement,Database Access Review,Peter Fictum (100254),chba4itbzsjr0aw,Entitlement,"Server: A2PWDREVSQL02, Database: deferredRevenue_2018, DB Role: db_datawriter, Status: Enabled","Server: A2PWDREVSQL02, Database: deferredRevenue_2018, DB Role: db_datawriter, Status: Enabled",,Open,Peter Fictum (100254),Peter Fictum (100254),,
Ex9ajxlEd2Rsx4e Ex9ajxlEd2Rsx4e (Ex9ajxlEd2Rsx4e),Entitlement,Database Access Review,Peter Fictum (100254),ex9ajxled2rsx4e,Entitlement,"Server: P3PWDREVSQL01, Database: deferredRevenue_2020, DB Role: db_datawriter, Status: Enabled","Server: P3PWDREVSQL01, Database: deferredRevenue_2020, DB Role: db_datawriter, Status: Enabled",,Open,Peter Fictum (100254),Peter Fictum (100254),,
g499A69A4AB5441 g499A69A4AB5441 (g499A69A4AB5441),Entitlement,Database Access Review,Peter Fictum (100254),g499a69a4ab5441,Entitlement,"Server: A2PWDREVSQL02, Database: accountingWarehouse, DB Role: db_owner, Status: Enabled","Server: A2PWDREVSQL02, Database: accountingWarehouse, DB Role: db_owner, Status: Enabled",,Open,Peter Fictum (100254),Peter Fictum (100254),,
GoDaddyCustomer GoDaddyCustomer (GoDaddyCustomer),Entitlement,Database Access Review,Peter Fictum (100254),godaddycustomer,Entitlement,"Server: P3PWPCISQL02, Database: Server Level Permission, DB Role: sysadmin, Status: Enabled","Server: P3PWPCISQL02, Database: Server Level Permission, DB Role: sysadmin, Status: Enabled",,Open,Peter Fictum (100254),Peter Fictum (100254),,
dc1\msvc_q5k88m1dcb$ dc1\msvc_q5k88m1dcb$ (dc1\msvc_q5k88m1dcb$),Entitlement,Database Access Review,Peter Fictum (100254),dc1\msvc_q5k88m1dcb$,Entitlement,"Server: P3PWDREVSQL01, Database: deferredRevenue_2020, DB Role: db_datawriter, Status: Enabled","Server: P3PWDREVSQL01, Database: deferredRevenue_2020, DB Role: db_datawriter, Status: Enabled",Certification Items Revoked By Rachit Tanwar,Open,Peter Fictum (100254),Rachit Tanwar (440439),,
CHba4ITBZSjR0Aw CHba4ITBZSjR0Aw (CHba4ITBZSjR0Aw),Entitlement,Database Access Review,Peter Fictum (100254),chba4itbzsjr0aw,Entitlement,"Server: P3PWDREVSQL01, Database: deferredRevenue_2008, DB Role: db_datawriter, Status: Enabled","Server: P3PWDREVSQL01, Database: deferredRevenue_2008, DB Role: db_datawriter, Status: Enabled",,Open,Peter Fictum (100254),Peter Fictum (100254),,
CHba4ITBZSjR0Aw CHba4ITBZSjR0Aw (CHba4ITBZSjR0Aw),Entitlement,Database Access Review,Peter Fictum (100254),chba4itbzsjr0aw,Entitlement,"Server: P3PWDREVSQL01, Database: deferredRevenue_2010, DB Role: db_datawriter, Status: Enabled","Server: P3PWDREVSQL01, Database: deferredRevenue_2010, DB Role: db_datawriter, Status: Enabled",,Open,Peter Fictum (100254),Peter Fictum (100254),,
dc1\msvc_q5k88m1dcb$ dc1\msvc_q5k88m1dcb$ (dc1\msvc_q5k88m1dcb$),Entitlement,Database Access Review,Peter Fictum (100254),dc1\msvc_q5k88m1dcb$,Entitlement,"Server: P3PWDREVSQL01, Database: deferredRevenue_2027, DB Role: db_datawriter, Status: Enabled","Server: P3PWDREVSQL01, Database: deferredRevenue_2027, DB Role: db_datawriter, Status: Enabled",Certification Items Revoked By Rachit Tanwar,Open,Peter Fictum (100254),Rachit Tanwar (440439),,
a8HN9Xm7HY6OWEa a8HN9Xm7HY6OWEa (a8HN9Xm7HY6OWEa),Entitlement,Database Access Review,Peter Fictum (100254),a8hn9xm7hy6owea,Entitlement,"Server: P3PWDREVSQL01, Database: deferredRevenue, DB Role: db_datawriter, Status: Enabled","Server: P3PWDREVSQL01, Database: deferredRevenue, DB Role: db_datawriter, Status: Enabled",,Open,Peter Fictum (100254),Peter Fictum (100254),,
f8DC3DAB79AD149 f8DC3DAB79AD149 (f8DC3DAB79AD149),Entitlement,Database Access Review,Peter Fictum (100254),f8dc3dab79ad149,Entitlement,"Server: P3PWFKSQL02, Database: Server Level Permission, DB Role: sysadmin, Status: Enabled","Server: P3PWFKSQL02, Database: Server Level Permission, DB Role: sysadmin, Status: Enabled",,Open,Peter Fictum (100254),Peter Fictum (100254),,
Gregory Perschbacher (200307),Entitlement,Database Access Review,Peter Fictum (100254),dc1\gperschbacher,Entitlement,"Server: P3PWPSQL02, Database: SSL, DB Role: db_datawriter, Status: Enabled, Via AD Group: Dev-orion App","Server: P3PWPSQL02, Database: SSL, DB Role: db_datawriter, Status: Enabled, Via AD Group: Dev-orion App",,Finished,Peter Fictum (100254),Hemanth Kumar Guntupalli (419032),"2/23/26, 5:05 PM",
goon_01j1tr4k2av6ns00594p32xfsw goon_01j1tr4k2av6ns00594p32xfsw (goon_01j1tr4k2av6ns00594p32xfsw),Entitlement,Database Access Review,Peter Fictum (100254),goon_01j1tr4k2av6ns00594p32xfsw,Entitlement,"Server: P3PWPSQL02, Database: gdMasterPromo, DB Role: db_datawriter, Status: Enabled","Server: P3PWPSQL02, Database: gdMasterPromo, DB Role: db_datawriter, Status: Enabled",Certification Items Revoked By Rachit Tanwar,Open,Peter Fictum (100254),Rachit Tanwar (440439),,
goon_01j1tr4zwaqk4asgstxy0mjn2k goon_01j1tr4zwaqk4asgstxy0mjn2k (goon_01j1tr4zwaqk4asgstxy0mjn2k),Entitlement,Database Access Review,Peter Fictum (100254),goon_01j1tr4zwaqk4asgstxy0mjn2k,Entitlement,"Server: P3PWPSQL02, Database: gdInterCompanyReceipt, DB Role: db_datawriter, Status: Enabled","Server: P3PWPSQL02, Database: gdInterCompanyReceipt, DB Role: db_datawriter, Status: Enabled",Certification Items Revoked By Rachit Tanwar,Open,Peter Fictum (100254),Rachit Tanwar (440439),,
sCF19893A012066 sCF19893A012066 (sCF19893A012066),Entitlement,Database Access Review,Peter Fictum (100254),scf19893a012066,Entitlement,"Server: P3PWHYDRASQL02, Database: Server Level Permission, DB Role: sysadmin, Status: Enabled","Server: P3PWHYDRASQL02, Database: Server Level Permission, DB Role: sysadmin, Status: Enabled",,Open,Peter Fictum (100254),Peter Fictum (100254),,
r39EF07C3E73C42 r39EF07C3E73C42 (r39EF07C3E73C42),Entitlement,Database Access Review,Peter Fictum (100254),r39ef07c3e73c42,Entitlement,"Server: P3PWDREVSQL01, Database: deferredRevenue, DB Role: db_datawriter, Status: Enabled","Server: P3PWDREVSQL01, Database: deferredRevenue, DB Role: db_datawriter, Status: Enabled",,Open,Peter Fictum (100254),Peter Fictum (100254),,
dc1\msvc_q5k88m1dcb$ dc1\msvc_q5k88m1dcb$ (dc1\msvc_q5k88m1dcb$),Entitlement,Database Access Review,Peter Fictum (100254),dc1\msvc_q5k88m1dcb$,Entitlement,"Server: P3PWDREVSQL01, Database: deferredRevenue_2010, DB Role: db_datawriter, Status: Enabled","Server: P3PWDREVSQL01, Database: deferredRevenue_2010, DB Role: db_datawriter, Status: Enabled",Certification Items Revoked By Rachit Tanwar,Open,Peter Fictum (100254),Rachit Tanwar (440439),,
DC1\acctsbejobrnr DC1\acctsbejobrnr (DC1\acctsbejobrnr),Entitlement,Database Access Review,Peter Fictum (100254),dc1\acctsbejobrnr,Entitlement,"Server: P3PWACTSQL03, Database: acctProjects, DB Role: db_datawriter, Status: Enabled","Server: P3PWACTSQL03, Database: acctProjects, DB Role: db_datawriter, Status: Enabled",Refer to RITM2878184 for MSSQL Removal Request.,Finished,Peter Fictum (100254),Brittany Randall (200303),"2/27/26, 9:03 PM",
goon_01hzg5v5ftkcf3bvc4gzrgwn9d goon_01hzg5v5ftkcf3bvc4gzrgwn9d (goon_01hzg5v5ftkcf3bvc4gzrgwn9d),Entitlement,Database Access Review,Peter Fictum (100254),goon_01hzg5v5ftkcf3bvc4gzrgwn9d,Entitlement,"Server: A2PWPSQL01, Database: gdMasterCatalog, DB Role: db_datawriter, Status: Enabled","Server: A2PWPSQL01, Database: gdMasterCatalog, DB Role: db_datawriter, Status: Enabled",Certification Items Revoked By Rachit Tanwar,Open,Peter Fictum (100254),Rachit Tanwar (440439),,
a8HN9Xm7HY6OWEa a8HN9Xm7HY6OWEa (a8HN9Xm7HY6OWEa),Entitlement,Database Access Review,Peter Fictum (100254),a8hn9xm7hy6owea,Entitlement,"Server: A2PWDREVSQL02, Database: deferredRevenue_2016, DB Role: db_datawriter, Status: Enabled","Server: A2PWDREVSQL02, Database: deferredRevenue_2016, DB Role: db_datawriter, Status: Enabled",,Open,Peter Fictum (100254),Peter Fictum (100254),,
dc1\msvc_q5k88m1dcb$ dc1\msvc_q5k88m1dcb$ (dc1\msvc_q5k88m1dcb$),Entitlement,Database Access Review,Peter Fictum (100254),dc1\msvc_q5k88m1dcb$,Entitlement,"Server: P3PWDREVSQL01, Database: deferredRevenue_2015, DB Role: db_datawriter, Status: Enabled","Server: P3PWDREVSQL01, Database: deferredRevenue_2015, DB Role: db_datawriter, Status: Enabled",Certification Items Revoked By Rachit Tanwar,Open,Peter Fictum (100254),Rachit Tanwar (440439),,
g499A69A4AB5441 g499A69A4AB5441 (g499A69A4AB5441),Entitlement,Database Access Review,Peter Fictum (100254),g499a69a4ab5441,Entitlement,"Server: A2PWDREVSQL02, Database: deferredRevenue_2023, DB Role: db_owner, Status: Enabled","Server: A2PWDREVSQL02, Database: deferredRevenue_2023, DB Role: db_owner, Status: Enabled",,Open,Peter Fictum (100254),Peter Fictum (100254),,
goon_01j1tq5qz035qxrd2h2vyyweza goon_01j1tq5qz035qxrd2h2vyyweza (goon_01j1tq5qz035qxrd2h2vyyweza),Entitlement,Database Access Review,Peter Fictum (100254),goon_01j1tq5qz035qxrd2h2vyyweza,Entitlement,"Server: A2PWPSQL01, Database: merchantAccounts, DB Role: db_datawriter, Status: Enabled","Server: A2PWPSQL01, Database: merchantAccounts, DB Role: db_datawriter, Status: Enabled",Certification Items Revoked By Rachit Tanwar,Open,Peter Fictum (100254),Rachit Tanwar (440439),,
CHba4ITBZSjR0Aw CHba4ITBZSjR0Aw (CHba4ITBZSjR0Aw),Entitlement,Database Access Review,Peter Fictum (100254),chba4itbzsjr0aw,Entitlement,"Server: P3PWDREVSQL01, Database: deferredRevenue_2012, DB Role: db_datawriter, Status: Enabled","Server: P3PWDREVSQL01, Database: deferredRevenue_2012, DB Role: db_datawriter, Status: Enabled",,Open,Peter Fictum (100254),Peter Fictum (100254),,
Vera Oshyna (427789),Entitlement,Database Access Review,Peter Fictum (100254),dc1\voshyna,Entitlement,"Server: P3PWPSQL02, Database: SSL, DB Role: db_owner, Status: Enabled","Server: P3PWPSQL02, Database: SSL, DB Role: db_owner, Status: Enabled",,Finished,Peter Fictum (100254),Hemanth Kumar Guntupalli (419032),"2/19/26, 12:06 AM",
s151376F08F2A00 s151376F08F2A00 (s151376F08F2A00),Entitlement,Database Access Review,Peter Fictum (100254),s151376f08f2a00,Entitlement,"Server: P3PWBIGRPTSQL04, Database: Server Level Permission, DB Role: sysadmin, Status: Enabled","Server: P3PWBIGRPTSQL04, Database: Server Level Permission, DB Role: sysadmin, Status: Enabled",,Finished,Peter Fictum (100254),Peter Fictum (100254),"2/27/26, 9:03 PM",
CHba4ITBZSjR0Aw CHba4ITBZSjR0Aw (CHba4ITBZSjR0Aw),Entitlement,Database Access Review,Peter Fictum (100254),chba4itbzsjr0aw,Entitlement,"Server: A2PWDREVSQL02, Database: deferredRevenue_2017, DB Role: db_datawriter, Status: Enabled","Server: A2PWDREVSQL02, Database: deferredRevenue_2017, DB Role: db_datawriter, Status: Enabled",,Open,Peter Fictum (100254),Peter Fictum (100254),,
r39EF07C3E73C42 r39EF07C3E73C42 (r39EF07C3E73C42),Entitlement,Database Access Review,Peter Fictum (100254),r39ef07c3e73c42,Entitlement,"Server: P3PWDREVSQL01, Database: deferredRevenue_2008, DB Role: db_datawriter, Status: Enabled","Server: P3PWDREVSQL01, Database: deferredRevenue_2008, DB Role: db_datawriter, Status: Enabled",,Open,Peter Fictum (100254),Peter Fictum (100254),,
e8D61E915F63F4B e8D61E915F63F4B (e8D61E915F63F4B),Entitlement,Database Access Review,Peter Fictum (100254),e8d61e915f63f4b,Entitlement,"Server: P3PWDREVSQL01, Database: deferredRevenue_2011, DB Role: db_datawriter, Status: Enabled","Server: P3PWDREVSQL01, Database: deferredRevenue_2011, DB Role: db_datawriter, Status: Enabled",,Open,Peter Fictum (100254),Peter Fictum (100254),,
goon_01j1tq5qz035qxrd2h2vyyweza goon_01j1tq5qz035qxrd2h2vyyweza (goon_01j1tq5qz035qxrd2h2vyyweza),Entitlement,Database Access Review,Peter Fictum (100254),goon_01j1tq5qz035qxrd2h2vyyweza,Entitlement,"Server: A2PWPSQL01, Database: godaddyBilling, DB Role: db_datawriter, Status: Enabled","Server: A2PWPSQL01, Database: godaddyBilling, DB Role: db_datawriter, Status: Enabled",Certification Items Revoked By Rachit Tanwar,Open,Peter Fictum (100254),Rachit Tanwar (440439),,
goon_01hzg5v5ftkcf3bvc4gzrgwn9d goon_01hzg5v5ftkcf3bvc4gzrgwn9d (goon_01hzg5v5ftkcf3bvc4gzrgwn9d),Entitlement,Database Access Review,Peter Fictum (100254),goon_01hzg5v5ftkcf3bvc4gzrgwn9d,Entitlement,"Server: A2PWPSQL01, Database: godaddyBilling, DB Role: db_datawriter, Status: Enabled","Server: A2PWPSQL01, Database: godaddyBilling, DB Role: db_datawriter, Status: Enabled",Certification Items Revoked By Rachit Tanwar,Open,Peter Fictum (100254),Rachit Tanwar (440439),,
Gregory Perschbacher (200307),Entitlement,Database Access Review,Peter Fictum (100254),dc1\gperschbacher,Entitlement,"Server: P3PWPSQL02, Database: GoDaddy, DB Role: db_owner, Status: Enabled, Via AD Group: Dev-orion App","Server: P3PWPSQL02, Database: GoDaddy, DB Role: db_owner, Status: Enabled, Via AD Group: Dev-orion App",,Finished,Peter Fictum (100254),Hemanth Kumar Guntupalli (419032),"2/23/26, 5:05 PM",
Gregory Perschbacher (200307),Entitlement,Database Access Review,Peter Fictum (100254),dc1\gperschbacher,Entitlement,"Server: P3PWPSQL02, Database: godaddyBilling, DB Role: db_owner, Status: Enabled, Via AD Group: Dev-orion App","Server: P3PWPSQL02, Database: godaddyBilling, DB Role: db_owner, Status: Enabled, Via AD Group: Dev-orion App",,Finished,Peter Fictum (100254),Hemanth Kumar Guntupalli (419032),"2/23/26, 5:05 PM",
goon_01j0v4sm3snbfdmfxsqcntkpnm goon_01j0v4sm3snbfdmfxsqcntkpnm (goon_01j0v4sm3snbfdmfxsqcntkpnm),Entitlement,Database Access Review,Peter Fictum (100254),goon_01j0v4sm3snbfdmfxsqcntkpnm,Entitlement,"Server: P3PWPSQL02, Database: godaddyBilling, DB Role: db_datawriter, Status: Enabled","Server: P3PWPSQL02, Database: godaddyBilling, DB Role: db_datawriter, Status: Enabled",,Open,Peter Fictum (100254),Nandakumar Babu (208300),,
goon_01j2ey6gfd49epgn7h92nmsvrv goon_01j2ey6gfd49epgn7h92nmsvrv (goon_01j2ey6gfd49epgn7h92nmsvrv),Entitlement,Database Access Review,Peter Fictum (100254),goon_01j2ey6gfd49epgn7h92nmsvrv,Entitlement,"Server: P3PWPSQL02, Database: GoDaddy, DB Role: db_datawriter, Status: Enabled","Server: P3PWPSQL02, Database: GoDaddy, DB Role: db_datawriter, Status: Enabled",Certification Items Revoked By Rachit Tanwar,Open,Peter Fictum (100254),Rachit Tanwar (440439),,
r39EF07C3E73C42 r39EF07C3E73C42 (r39EF07C3E73C42),Entitlement,Database Access Review,Peter Fictum (100254),r39ef07c3e73c42,Entitlement,"Server: P3PWDREVSQL01, Database: deferredRevenue_2010, DB Role: db_datawriter, Status: Enabled","Server: P3PWDREVSQL01, Database: deferredRevenue_2010, DB Role: db_datawriter, Status: Enabled",,Open,Peter Fictum (100254),Peter Fictum (100254),,
N1_q55F823628CCA4D N1_q55F823628CCA4D (N1_q55F823628CCA4D),Entitlement,Database Access Review,Peter Fictum (100254),n1_q55f823628cca4d,Entitlement,"Server: A2PWDREVSQL02, Database: deferredRevenue_2013, DB Role: db_datawriter, Status: Enabled","Server: A2PWDREVSQL02, Database: deferredRevenue_2013, DB Role: db_datawriter, Status: Enabled",,Open,Peter Fictum (100254),Peter Fictum (100254),,
CHba4ITBZSjR0Aw CHba4ITBZSjR0Aw (CHba4ITBZSjR0Aw),Entitlement,Database Access Review,Peter Fictum (100254),chba4itbzsjr0aw,Entitlement,"Server: P3PWDREVSQL01, Database: deferredRevenue_2016, DB Role: db_datawriter, Status: Enabled","Server: P3PWDREVSQL01, Database: deferredRevenue_2016, DB Role: db_datawriter, Status: Enabled",,Open,Peter Fictum (100254),Peter Fictum (100254),,
winfas winfas (winfas),Entitlement,Database Access Review,Peter Fictum (100254),winfas,Entitlement,"Server: A2PWHYDRASQL01, Database: Server Level Permission, DB Role: sysadmin, Status: Enabled","Server: A2PWHYDRASQL01, Database: Server Level Permission, DB Role: sysadmin, Status: Enabled",,Open,Peter Fictum (100254),Peter Fictum (100254),,
sageInstall sageInstall (sageInstall),Entitlement,Database Access Review,Peter Fictum (100254),sageinstall,Entitlement,"Server: A2PWHYDRASQL01, Database: Server Level Permission, DB Role: sysadmin, Status: Enabled","Server: A2PWHYDRASQL01, Database: Server Level Permission, DB Role: sysadmin, Status: Enabled",,Open,Peter Fictum (100254),Peter Fictum (100254),,
Ex9ajxlEd2Rsx4e Ex9ajxlEd2Rsx4e (Ex9ajxlEd2Rsx4e),Entitlement,Database Access Review,Peter Fictum (100254),ex9ajxled2rsx4e,Entitlement,"Server: P3PWDREVSQL01, Database: deferredRevenue_2005, DB Role: db_datawriter, Status: Enabled","Server: P3PWDREVSQL01, Database: deferredRevenue_2005, DB Role: db_datawriter, Status: Enabled",,Open,Peter Fictum (100254),Peter Fictum (100254),,
g499A69A4AB5441 g499A69A4AB5441 (g499A69A4AB5441),Entitlement,Database Access Review,Peter Fictum (100254),g499a69a4ab5441,Entitlement,"Server: P3PWDREVSQL01, Database: deferredRevenue_2013, DB Role: db_owner, Status: Enabled","Server: P3PWDREVSQL01, Database: deferredRevenue_2013, DB Role: db_owner, Status: Enabled",,Open,Peter Fictum (100254),Peter Fictum (100254),,
Rashmi Jha (406929),Entitlement,Database Access Review,Peter Fictum (100254),dc1\rjha2,Entitlement,"Server: P3PWBIGRPTSQL03, Database: Server Level Permission, DB Role: sysadmin, Status: Enabled","Server: P3PWBIGRPTSQL03, Database: Server Level Permission, DB Role: sysadmin, Status: Enabled",Certification Items Revoked By Rachit Tanwar,Finished,Peter Fictum (100254),Rachit Tanwar (440439),"2/27/26, 9:03 PM",
N2_e9C7A90E3DB8448 N2_e9C7A90E3DB8448 (N2_e9C7A90E3DB8448),Entitlement,Database Access Review,Peter Fictum (100254),n2_e9c7a90e3db8448,Entitlement,"Server: A2PWDREVSQL02, Database: deferredRevenue_2014, DB Role: db_datawriter, Status: Enabled","Server: A2PWDREVSQL02, Database: deferredRevenue_2014, DB Role: db_datawriter, Status: Enabled",,Open,Peter Fictum (100254),Peter Fictum (100254),,
e8D61E915F63F4B e8D61E915F63F4B (e8D61E915F63F4B),Entitlement,Database Access Review,Peter Fictum (100254),e8d61e915f63f4b,Entitlement,"Server: P3PWDREVSQL01, Database: deferredRevenue_2024, DB Role: db_datawriter, Status: Enabled","Server: P3PWDREVSQL01, Database: deferredRevenue_2024, DB Role: db_datawriter, Status: Enabled",,Open,Peter Fictum (100254),Peter Fictum (100254),,
N1_q55F823628CCA4D N1_q55F823628CCA4D (N1_q55F823628CCA4D),Entitlement,Database Access Review,Peter Fictum (100254),n1_q55f823628cca4d,Entitlement,"Server: P3PWDREVSQL01, Database: deferredRevenue_2025, DB Role: db_datawriter, Status: Enabled","Server: P3PWDREVSQL01, Database: deferredRevenue_2025, DB Role: db_datawriter, Status: Enabled",,Open,Peter Fictum (100254),Peter Fictum (100254),,
Cory Ramsey (102590),Entitlement,Database Access Review,Peter Fictum (100254),dc1\cramsey,Entitlement,"Server: P3PWBIGRPTSQL03, Database: msdb, DB Role: db_ssisadmin, Status: Enabled","Server: P3PWBIGRPTSQL03, Database: msdb, DB Role: db_ssisadmin, Status: Enabled",Certification Items Revoked By Rachit Tanwar,Finished,Peter Fictum (100254),Rachit Tanwar (440439),"2/27/26, 9:03 PM",
n72A854B8C0D74D n72A854B8C0D74D (n72A854B8C0D74D),Entitlement,Database Access Review,Peter Fictum (100254),n72a854b8c0d74d,Entitlement,"Server: P3PWHYDRASQL02, Database: Server Level Permission, DB Role: sysadmin, Status: Enabled","Server: P3PWHYDRASQL02, Database: Server Level Permission, DB Role: sysadmin, Status: Enabled",,Finished,Peter Fictum (100254),Peter Fictum (100254),"2/19/26, 10:23 AM",
r39EF07C3E73C42 r39EF07C3E73C42 (r39EF07C3E73C42),Entitlement,Database Access Review,Peter Fictum (100254),r39ef07c3e73c42,Entitlement,"Server: P3PWDREVSQL01, Database: deferredRevenue_2022, DB Role: db_datawriter, Status: Enabled","Server: P3PWDREVSQL01, Database: deferredRevenue_2022, DB Role: db_datawriter, Status: Enabled",,Open,Peter Fictum (100254),Peter Fictum (100254),,
e8D61E915F63F4B e8D61E915F63F4B (e8D61E915F63F4B),Entitlement,Database Access Review,Peter Fictum (100254),e8d61e915f63f4b,Entitlement,"Server: A2PWDREVSQL02, Database: deferredRevenue_2012, DB Role: db_datawriter, Status: Enabled","Server: A2PWDREVSQL02, Database: deferredRevenue_2012, DB Role: db_datawriter, Status: Enabled",,Open,Peter Fictum (100254),Peter Fictum (100254),,
CHba4ITBZSjR0Aw CHba4ITBZSjR0Aw (CHba4ITBZSjR0Aw),Entitlement,Database Access Review,Peter Fictum (100254),chba4itbzsjr0aw,Entitlement,"Server: A2PWDREVSQL02, Database: deferredRevenue_2025, DB Role: db_datawriter, Status: Enabled","Server: A2PWDREVSQL02, Database: deferredRevenue_2025, DB Role: db_datawriter, Status: Enabled",,Open,Peter Fictum (100254),Peter Fictum (100254),,
r39EF07C3E73C42 r39EF07C3E73C42 (r39EF07C3E73C42),Entitlement,Database Access Review,Peter Fictum (100254),r39ef07c3e73c42,Entitlement,"Server: P3PWDREVSQL01, Database: deferredRevenue_2012, DB Role: db_datawriter, Status: Enabled","Server: P3PWDREVSQL01, Database: deferredRevenue_2012, DB Role: db_datawriter, Status: Enabled",,Open,Peter Fictum (100254),Peter Fictum (100254),,
dc1\msvc_dsw0wm918b$ dc1\msvc_dsw0wm918b$ (dc1\msvc_dsw0wm918b$),Entitlement,Database Access Review,Peter Fictum (100254),dc1\msvc_dsw0wm918b$,Entitlement,"Server: A2PWHYDRASQL01, Database: apWebSvc, DB Role: db_owner, Status: Enabled","Server: A2PWHYDRASQL01, Database: apWebSvc, DB Role: db_owner, Status: Enabled",Certification Items Revoked By Rachit Tanwar,Open,Peter Fictum (100254),Rachit Tanwar (440439),,
nMo0jUb56543Csa nMo0jUb56543Csa (nMo0jUb56543Csa),Entitlement,Database Access Review,Peter Fictum (100254),nmo0jub56543csa,Entitlement,"Server: A2PWPSQL01, Database: SSL, DB Role: db_datawriter, Status: Enabled","Server: A2PWPSQL01, Database: SSL, DB Role: db_datawriter, Status: Enabled",Certification Items Revoked By Rachit Tanwar,Open,Peter Fictum (100254),Rachit Tanwar (440439),,
ccyUVVwCZlzFH2d ccyUVVwCZlzFH2d (ccyUVVwCZlzFH2d),Entitlement,Database Access Review,Peter Fictum (100254),ccyuvvwczlzfh2d,Entitlement,"Server: P3PWHYDRASQL02, Database: Server Level Permission, DB Role: sysadmin, Status: Enabled","Server: P3PWHYDRASQL02, Database: Server Level Permission, DB Role: sysadmin, Status: Enabled",,Open,Peter Fictum (100254),Peter Fictum (100254),,
goon_01j0trmc1cdex2zn5yff2em4d7 goon_01j0trmc1cdex2zn5yff2em4d7 (goon_01j0trmc1cdex2zn5yff2em4d7),Entitlement,Database Access Review,Peter Fictum (100254),goon_01j0trmc1cdex2zn5yff2em4d7,Entitlement,"Server: A2PWPSQL01, Database: gdInterCompanyReceipt, DB Role: db_datawriter, Status: Enabled","Server: A2PWPSQL01, Database: gdInterCompanyReceipt, DB Role: db_datawriter, Status: Enabled",Certification Items Revoked By Rachit Tanwar,Open,Peter Fictum (100254),Rachit Tanwar (440439),,
dc1\msvc_q5k88m1dcb$ dc1\msvc_q5k88m1dcb$ (dc1\msvc_q5k88m1dcb$),Entitlement,Database Access Review,Peter Fictum (100254),dc1\msvc_q5k88m1dcb$,Entitlement,"Server: P3PWDREVSQL01, Database: deferredRevenue_2019, DB Role: db_datawriter, Status: Enabled","Server: P3PWDREVSQL01, Database: deferredRevenue_2019, DB Role: db_datawriter, Status: Enabled",Certification Items Revoked By Rachit Tanwar,Open,Peter Fictum (100254),Rachit Tanwar (440439),,
Tianyi Guo (441705),Entitlement,Database Access Review,Peter Fictum (100254),dc1\tguo,Entitlement,"Server: A2PWPSQL01, Database: GoDaddy, DB Role: db_ddladmin, Status: Enabled, Via AD Group: platapi","Server: A2PWPSQL01, Database: GoDaddy, DB Role: db_ddladmin, Status: Enabled, Via AD Group: platapi",Certification Items Revoked By Rachit Tanwar,Finished,Peter Fictum (100254),Rachit Tanwar (440439),"2/23/26, 5:05 PM",
Vera Oshyna (427789),Entitlement,Database Access Review,Peter Fictum (100254),dc1\voshyna,Entitlement,"Server: P3PWFKSQL02, Database: Server Level Permission, DB Role: sysadmin, Status: Enabled, Via AD Group: Dev-Web-eCommDB","Server: P3PWFKSQL02, Database: Server Level Permission, DB Role: sysadmin, Status: Enabled, Via AD Group: Dev-Web-eCommDB",,Finished,Peter Fictum (100254),Hemanth Kumar Guntupalli (419032),"2/19/26, 12:06 AM",
goon_01j1tr4k2av6ns00594p32xfsw goon_01j1tr4k2av6ns00594p32xfsw (goon_01j1tr4k2av6ns00594p32xfsw),Entitlement,Database Access Review,Peter Fictum (100254),goon_01j1tr4k2av6ns00594p32xfsw,Entitlement,"Server: P3PWPSQL02, Database: SSL, DB Role: db_datawriter, Status: Enabled","Server: P3PWPSQL02, Database: SSL, DB Role: db_datawriter, Status: Enabled",Certification Items Revoked By Rachit Tanwar,Open,Peter Fictum (100254),Rachit Tanwar (440439),,
N1_q55F823628CCA4D N1_q55F823628CCA4D (N1_q55F823628CCA4D),Entitlement,Database Access Review,Peter Fictum (100254),n1_q55f823628cca4d,Entitlement,"Server: P3PWDREVSQL01, Database: deferredRevenue_2008, DB Role: db_datawriter, Status: Enabled","Server: P3PWDREVSQL01, Database: deferredRevenue_2008, DB Role: db_datawriter, Status: Enabled",,Open,Peter Fictum (100254),Peter Fictum (100254),,
goon_01j1trt98wnqskxskyq7fek4wd goon_01j1trt98wnqskxskyq7fek4wd (goon_01j1trt98wnqskxskyq7fek4wd),Entitlement,Database Access Review,Peter Fictum (100254),goon_01j1trt98wnqskxskyq7fek4wd,Entitlement,"Server: A2PWPSQL01, Database: godaddyBilling, DB Role: db_datawriter, Status: Enabled","Server: A2PWPSQL01, Database: godaddyBilling, DB Role: db_datawriter, Status: Enabled",Certification Items Revoked By Rachit Tanwar,Open,Peter Fictum (100254),Rachit Tanwar (440439),,
dc1\msvc_q5k88m1dcb$ dc1\msvc_q5k88m1dcb$ (dc1\msvc_q5k88m1dcb$),Entitlement,Database Access Review,Peter Fictum (100254),dc1\msvc_q5k88m1dcb$,Entitlement,"Server: P3PWDREVSQL01, Database: deferredRevenue_2026, DB Role: db_datawriter, Status: Enabled","Server: P3PWDREVSQL01, Database: deferredRevenue_2026, DB Role: db_datawriter, Status: Enabled",Certification Items Revoked By Rachit Tanwar,Open,Peter Fictum (100254),Rachit Tanwar (440439),,
goon_01j1trtjmdjgs87htfpp485dbs goon_01j1trtjmdjgs87htfpp485dbs (goon_01j1trtjmdjgs87htfpp485dbs),Entitlement,Database Access Review,Peter Fictum (100254),goon_01j1trtjmdjgs87htfpp485dbs,Entitlement,"Server: A2PWPSQL01, Database: gdMasterCatalog, DB Role: db_datawriter, Status: Enabled","Server: A2PWPSQL01, Database: gdMasterCatalog, DB Role: db_datawriter, Status: Enabled",Certification Items Revoked By Rachit Tanwar,Open,Peter Fictum (100254),Rachit Tanwar (440439),,
DC1\Dev-Web-eCommDB DC1\Dev-Web-eCommDB (DC1\Dev-Web-eCommDB),Entitlement,Database Access Review,Peter Fictum (100254),dc1\dev-web-ecommdb,Entitlement,"Server: P3PWBIGRPTSQL03, Database: Server Level Permission, DB Role: sysadmin, Status: Enabled","Server: P3PWBIGRPTSQL03, Database: Server Level Permission, DB Role: sysadmin, Status: Enabled",Just read-only access to these boxes should be sufficient for the group,Finished,Peter Fictum (100254),Dmitry Bayev (421012),"2/27/26, 9:03 PM",
f0uZ6ZVyDG0O1OC f0uZ6ZVyDG0O1OC (f0uZ6ZVyDG0O1OC),Entitlement,Database Access Review,Peter Fictum (100254),f0uz6zvydg0o1oc,Entitlement,"Server: A2PWPCISQL01, Database: goDaddyBasket, DB Role: db_datawriter, Status: Enabled","Server: A2PWPCISQL01, Database: goDaddyBasket, DB Role: db_datawriter, Status: Enabled",,Open,Peter Fictum (100254),Peter Fictum (100254),,
o2CE56A115CE74D o2CE56A115CE74D (o2CE56A115CE74D),Entitlement,Database Access Review,Peter Fictum (100254),o2ce56a115ce74d,Entitlement,"Server: A2PWHYDRASQL01, Database: Server Level Permission, DB Role: sysadmin, Status: Enabled","Server: A2PWHYDRASQL01, Database: Server Level Permission, DB Role: sysadmin, Status: Enabled",,Open,Peter Fictum (100254),Peter Fictum (100254),,
FPAdmin FPAdmin (FPAdmin),Entitlement,Database Access Review,Peter Fictum (100254),fpadmin,Entitlement,"Server: A2PWHYDRASQL01, Database: Server Level Permission, DB Role: sysadmin, Status: Enabled","Server: A2PWHYDRASQL01, Database: Server Level Permission, DB Role: sysadmin, Status: Enabled",,Open,Peter Fictum (100254),Peter Fictum (100254),,
r39EF07C3E73C42 r39EF07C3E73C42 (r39EF07C3E73C42),Entitlement,Database Access Review,Peter Fictum (100254),r39ef07c3e73c42,Entitlement,"Server: P3PWDREVSQL01, Database: deferredRevenue_2006, DB Role: db_datawriter, Status: Enabled","Server: P3PWDREVSQL01, Database: deferredRevenue_2006, DB Role: db_datawriter, Status: Enabled",,Open,Peter Fictum (100254),Peter Fictum (100254),,
DC1\03d051zq1y9A DC1\03d051zq1y9A (DC1\03d051zq1y9A),Entitlement,Database Access Review,Peter Fictum (100254),dc1\03d051zq1y9a,Entitlement,"Server: P3PWACTSQL03, Database: Server Level Permission, DB Role: sysadmin, Status: Enabled","Server: P3PWACTSQL03, Database: Server Level Permission, DB Role: sysadmin, Status: Enabled",,Finished,Peter Fictum (100254),Peter Fictum (100254),"2/27/26, 9:03 PM",
r39EF07C3E73C42 r39EF07C3E73C42 (r39EF07C3E73C42),Entitlement,Database Access Review,Peter Fictum (100254),r39ef07c3e73c42,Entitlement,"Server: P3PWDREVSQL01, Database: deferredRevenue_2011, DB Role: db_datawriter, Status: Enabled","Server: P3PWDREVSQL01, Database: deferredRevenue_2011, DB Role: db_datawriter, Status: Enabled",,Open,Peter Fictum (100254),Peter Fictum (100254),,
dTPhkV8KXiZS8fU dTPhkV8KXiZS8fU (dTPhkV8KXiZS8fU),Entitlement,Database Access Review,Peter Fictum (100254),dtphkv8kxizs8fu,Entitlement,"Server: A2PWPCISQL01, Database: goDaddyBasket, DB Role: db_datawriter, Status: Enabled","Server: A2PWPCISQL01, Database: goDaddyBasket, DB Role: db_datawriter, Status: Enabled",,Open,Peter Fictum (100254),Peter Fictum (100254),,
FPConfig FPConfig (FPConfig),Entitlement,Database Access Review,Peter Fictum (100254),fpconfig,Entitlement,"Server: A2PWACTSQL01, Database: Server Level Permission, DB Role: securityadmin, Status: Enabled","Server: A2PWACTSQL01, Database: Server Level Permission, DB Role: securityadmin, Status: Enabled",,Finished,Peter Fictum (100254),Peter Fictum (100254),"2/27/26, 9:03 PM",
g499A69A4AB5441 g499A69A4AB5441 (g499A69A4AB5441),Entitlement,Database Access Review,Peter Fictum (100254),g499a69a4ab5441,Entitlement,"Server: P3PWDREVSQL01, Database: deferredRevenue_2011, DB Role: db_owner, Status: Enabled","Server: P3PWDREVSQL01, Database: deferredRevenue_2011, DB Role: db_owner, Status: Enabled",,Open,Peter Fictum (100254),Peter Fictum (100254),,
N2_e9C7A90E3DB8448 N2_e9C7A90E3DB8448 (N2_e9C7A90E3DB8448),Entitlement,Database Access Review,Peter Fictum (100254),n2_e9c7a90e3db8448,Entitlement,"Server: P3PWDREVSQL01, Database: deferredRevenue_2015, DB Role: db_datawriter, Status: Enabled","Server: P3PWDREVSQL01, Database: deferredRevenue_2015, DB Role: db_datawriter, Status: Enabled",,Open,Peter Fictum (100254),Peter Fictum (100254),,
N2_e9C7A90E3DB8448 N2_e9C7A90E3DB8448 (N2_e9C7A90E3DB8448),Entitlement,Database Access Review,Peter Fictum (100254),n2_e9c7a90e3db8448,Entitlement,"Server: A2PWDREVSQL02, Database: deferredRevenue_2021, DB Role: db_datawriter, Status: Enabled","Server: A2PWDREVSQL02, Database: deferredRevenue_2021, DB Role: db_datawriter, Status: Enabled",,Open,Peter Fictum (100254),Peter Fictum (100254),,
e8D61E915F63F4B e8D61E915F63F4B (e8D61E915F63F4B),Entitlement,Database Access Review,Peter Fictum (100254),e8d61e915f63f4b,Entitlement,"Server: A2PWDREVSQL02, Database: deferredRevenue_2015, DB Role: db_datawriter, Status: Enabled","Server: A2PWDREVSQL02, Database: deferredRevenue_2015, DB Role: db_datawriter, Status: Enabled",,Open,Peter Fictum (100254),Peter Fictum (100254),,
a8HN9Xm7HY6OWEa a8HN9Xm7HY6OWEa (a8HN9Xm7HY6OWEa),Entitlement,Database Access Review,Peter Fictum (100254),a8hn9xm7hy6owea,Entitlement,"Server: A2PWDREVSQL02, Database: deferredRevenue_2011, DB Role: db_datawriter, Status: Enabled","Server: A2PWDREVSQL02, Database: deferredRevenue_2011, DB Role: db_datawriter, Status: Enabled",,Open,Peter Fictum (100254),Peter Fictum (100254),,
dc1\svcu7dqzhkywxikl8 dc1\svcu7dqzhkywxikl8 (dc1\svcu7dqzhkywxikl8),Entitlement,Database Access Review,Peter Fictum (100254),dc1\svcu7dqzhkywxikl8,Entitlement,"Server: P3PWACTSQL03, Database: Server Level Permission, DB Role: sysadmin, Status: Enabled","Server: P3PWACTSQL03, Database: Server Level Permission, DB Role: sysadmin, Status: Enabled",,Finished,Peter Fictum (100254),Peter Fictum (100254),"2/23/26, 5:05 PM",
Tianyi Guo (441705),Entitlement,Database Access Review,Peter Fictum (100254),dc1\tguo,Entitlement,"Server: P3PWPSQL02, Database: GoDaddy, DB Role: db_ddladmin, Status: Enabled, Via AD Group: platapi","Server: P3PWPSQL02, Database: GoDaddy, DB Role: db_ddladmin, Status: Enabled, Via AD Group: platapi",Certification Items Revoked By Rachit Tanwar,Finished,Peter Fictum (100254),Rachit Tanwar (440439),"2/23/26, 5:05 PM",
goon_01hzg5v5ftkcf3bvc4gzrgwn9d goon_01hzg5v5ftkcf3bvc4gzrgwn9d (goon_01hzg5v5ftkcf3bvc4gzrgwn9d),Entitlement,Database Access Review,Peter Fictum (100254),goon_01hzg5v5ftkcf3bvc4gzrgwn9d,Entitlement,"Server: A2PWPSQL01, Database: GoDaddyCPL, DB Role: db_datawriter, Status: Enabled","Server: A2PWPSQL01, Database: GoDaddyCPL, DB Role: db_datawriter, Status: Enabled",Certification Items Revoked By Rachit Tanwar,Open,Peter Fictum (100254),Rachit Tanwar (440439),,
a8HN9Xm7HY6OWEa a8HN9Xm7HY6OWEa (a8HN9Xm7HY6OWEa),Entitlement,Database Access Review,Peter Fictum (100254),a8hn9xm7hy6owea,Entitlement,"Server: P3PWDREVSQL01, Database: deferredRevenue_xxxx, DB Role: db_datawriter, Status: Enabled","Server: P3PWDREVSQL01, Database: deferredRevenue_xxxx, DB Role: db_datawriter, Status: Enabled",,Open,Peter Fictum (100254),Peter Fictum (100254),,
dc1\svci54gokgblo69ui dc1\svci54gokgblo69ui (dc1\svci54gokgblo69ui),Entitlement,Database Access Review,Peter Fictum (100254),dc1\svci54gokgblo69ui,Entitlement,"Server: A2PWACTSQL01, Database: Server Level Permission, DB Role: sysadmin, Status: Enabled","Server: A2PWACTSQL01, Database: Server Level Permission, DB Role: sysadmin, Status: Enabled",,Finished,Peter Fictum (100254),Peter Fictum (100254),"2/27/26, 9:03 PM",
n2_yd14fe7f7acef4b n2_yd14fe7f7acef4b (n2_yd14fe7f7acef4b),Entitlement,Database Access Review,Peter Fictum (100254),n2_yd14fe7f7acef4b,Entitlement,"Server: P3PWBIGRPTSQL04, Database: godaddyAccounting, DB Role: db_datawriter, Status: Enabled","Server: P3PWBIGRPTSQL04, Database: godaddyAccounting, DB Role: db_datawriter, Status: Enabled",,Finished,Peter Fictum (100254),Peter Fictum (100254),"2/27/26, 9:03 PM",
goon_01j1tr4zwaqk4asgstxy0mjn2k goon_01j1tr4zwaqk4asgstxy0mjn2k (goon_01j1tr4zwaqk4asgstxy0mjn2k),Entitlement,Database Access Review,Peter Fictum (100254),goon_01j1tr4zwaqk4asgstxy0mjn2k,Entitlement,"Server: P3PWPSQL02, Database: godaddyCPL, DB Role: db_datawriter, Status: Enabled","Server: P3PWPSQL02, Database: godaddyCPL, DB Role: db_datawriter, Status: Enabled",Certification Items Revoked By Rachit Tanwar,Open,Peter Fictum (100254),Rachit Tanwar (440439),,
Ex9ajxlEd2Rsx4e Ex9ajxlEd2Rsx4e (Ex9ajxlEd2Rsx4e),Entitlement,Database Access Review,Peter Fictum (100254),ex9ajxled2rsx4e,Entitlement,"Server: A2PWDREVSQL02, Database: deferredRevenue_2011, DB Role: db_datawriter, Status: Enabled","Server: A2PWDREVSQL02, Database: deferredRevenue_2011, DB Role: db_datawriter, Status: Enabled",,Open,Peter Fictum (100254),Peter Fictum (100254),,
N1_q55F823628CCA4D N1_q55F823628CCA4D (N1_q55F823628CCA4D),Entitlement,Database Access Review,Peter Fictum (100254),n1_q55f823628cca4d,Entitlement,"Server: P3PWDREVSQL01, Database: deferredRevenue_2013, DB Role: db_datawriter, Status: Enabled","Server: P3PWDREVSQL01, Database: deferredRevenue_2013, DB Role: db_datawriter, Status: Enabled",,Open,Peter Fictum (100254),Peter Fictum (100254),,
k103ACDA54EE341 k103ACDA54EE341 (k103ACDA54EE341),Entitlement,Database Access Review,Peter Fictum (100254),k103acda54ee341,Entitlement,"Server: P3PWBIGRPTSQL04, Database: Server Level Permission, DB Role: sysadmin, Status: Enabled","Server: P3PWBIGRPTSQL04, Database: Server Level Permission, DB Role: sysadmin, Status: Enabled",,Finished,Peter Fictum (100254),Peter Fictum (100254),"2/27/26, 9:03 PM",
N1_q55F823628CCA4D N1_q55F823628CCA4D (N1_q55F823628CCA4D),Entitlement,Database Access Review,Peter Fictum (100254),n1_q55f823628cca4d,Entitlement,"Server: P3PWDREVSQL01, Database: deferredRevenue_2023, DB Role: db_datawriter, Status: Enabled","Server: P3PWDREVSQL01, Database: deferredRevenue_2023, DB Role: db_datawriter, Status: Enabled",,Open,Peter Fictum (100254),Peter Fictum (100254),,
o2CE56A115CE74D o2CE56A115CE74D (o2CE56A115CE74D),Entitlement,Database Access Review,Peter Fictum (100254),o2ce56a115ce74d,Entitlement,"Server: P3PWHYDRASQL02, Database: Server Level Permission, DB Role: sysadmin, Status: Enabled","Server: P3PWHYDRASQL02, Database: Server Level Permission, DB Role: sysadmin, Status: Enabled",,Open,Peter Fictum (100254),Peter Fictum (100254),,
dc1\svcyzubtdtllnk62f dc1\svcyzubtdtllnk62f (dc1\svcyzubtdtllnk62f),Entitlement,Database Access Review,Peter Fictum (100254),dc1\svcyzubtdtllnk62f,Entitlement,"Server: A2PWACTSQL01, Database: Server Level Permission, DB Role: sysadmin, Status: Enabled","Server: A2PWACTSQL01, Database: Server Level Permission, DB Role: sysadmin, Status: Enabled",,Finished,Peter Fictum (100254),Peter Fictum (100254),"2/23/26, 5:05 PM",
goon_01j1tr4k2av6ns00594p32xfsw goon_01j1tr4k2av6ns00594p32xfsw (goon_01j1tr4k2av6ns00594p32xfsw),Entitlement,Database Access Review,Peter Fictum (100254),goon_01j1tr4k2av6ns00594p32xfsw,Entitlement,"Server: A2PWPSQL01, Database: gdMasterCatalog, DB Role: db_datawriter, Status: Enabled","Server: A2PWPSQL01, Database: gdMasterCatalog, DB Role: db_datawriter, Status: Enabled",Certification Items Revoked By Rachit Tanwar,Open,Peter Fictum (100254),Rachit Tanwar (440439),,
CHba4ITBZSjR0Aw CHba4ITBZSjR0Aw (CHba4ITBZSjR0Aw),Entitlement,Database Access Review,Peter Fictum (100254),chba4itbzsjr0aw,Entitlement,"Server: P3PWDREVSQL01, Database: deferredRevenue_2011, DB Role: db_datawriter, Status: Enabled","Server: P3PWDREVSQL01, Database: deferredRevenue_2011, DB Role: db_datawriter, Status: Enabled",,Open,Peter Fictum (100254),Peter Fictum (100254),,
e8D61E915F63F4B e8D61E915F63F4B (e8D61E915F63F4B),Entitlement,Database Access Review,Peter Fictum (100254),e8d61e915f63f4b,Entitlement,"Server: P3PWDREVSQL01, Database: deferredRevenue_2007, DB Role: db_datawriter, Status: Enabled","Server: P3PWDREVSQL01, Database: deferredRevenue_2007, DB Role: db_datawriter, Status: Enabled",,Open,Peter Fictum (100254),Peter Fictum (100254),,
k2AAA25AFC66B40 k2AAA25AFC66B40 (k2AAA25AFC66B40),Entitlement,Database Access Review,Peter Fictum (100254),k2aaa25afc66b40,Entitlement,"Server: P3PWPCISQL02, Database: goDaddyBasket, DB Role: db_datawriter, Status: Enabled","Server: P3PWPCISQL02, Database: goDaddyBasket, DB Role: db_datawriter, Status: Enabled",,Open,Peter Fictum (100254),Peter Fictum (100254),,
N2_e9C7A90E3DB8448 N2_e9C7A90E3DB8448 (N2_e9C7A90E3DB8448),Entitlement,Database Access Review,Peter Fictum (100254),n2_e9c7a90e3db8448,Entitlement,"Server: P3PWDREVSQL01, Database: deferredRevenue_2023, DB Role: db_datawriter, Status: Enabled","Server: P3PWDREVSQL01, Database: deferredRevenue_2023, DB Role: db_datawriter, Status: Enabled",,Open,Peter Fictum (100254),Peter Fictum (100254),,
FPConfig FPConfig (FPConfig),Entitlement,Database Access Review,Peter Fictum (100254),fpconfig,Entitlement,"Server: P3PWACTSQL03, Database: Server Level Permission, DB Role: securityadmin, Status: Enabled","Server: P3PWACTSQL03, Database: Server Level Permission, DB Role: securityadmin, Status: Enabled",,Finished,Peter Fictum (100254),Peter Fictum (100254),"2/27/26, 9:03 PM",
N2_e9C7A90E3DB8448 N2_e9C7A90E3DB8448 (N2_e9C7A90E3DB8448),Entitlement,Database Access Review,Peter Fictum (100254),n2_e9c7a90e3db8448,Entitlement,"Server: P3PWDREVSQL01, Database: deferredRevenue_2019, DB Role: db_datawriter, Status: Enabled","Server: P3PWDREVSQL01, Database: deferredRevenue_2019, DB Role: db_datawriter, Status: Enabled",,Open,Peter Fictum (100254),Peter Fictum (100254),,
DUIVYbRecDTyYIx DUIVYbRecDTyYIx (DUIVYbRecDTyYIx),Entitlement,Database Access Review,Peter Fictum (100254),duivybrecdtyyix,Entitlement,"Server: A2PWPCISQL01, Database: Server Level Permission, DB Role: sysadmin, Status: Enabled","Server: A2PWPCISQL01, Database: Server Level Permission, DB Role: sysadmin, Status: Enabled",,Open,Peter Fictum (100254),Peter Fictum (100254),,
goon_01j0trnjagv51zwg5bwdky8pan goon_01j0trnjagv51zwg5bwdky8pan (goon_01j0trnjagv51zwg5bwdky8pan),Entitlement,Database Access Review,Peter Fictum (100254),goon_01j0trnjagv51zwg5bwdky8pan,Entitlement,"Server: P3PWPSQL02, Database: gdInterCompanyReceipt, DB Role: db_datawriter, Status: Enabled","Server: P3PWPSQL02, Database: gdInterCompanyReceipt, DB Role: db_datawriter, Status: Enabled",Certification Items Revoked By Rachit Tanwar,Open,Peter Fictum (100254),Rachit Tanwar (440439),,
e8D61E915F63F4B e8D61E915F63F4B (e8D61E915F63F4B),Entitlement,Database Access Review,Peter Fictum (100254),e8d61e915f63f4b,Entitlement,"Server: P3PWDREVSQL01, Database: deferredRevenue_2013, DB Role: db_datawriter, Status: Enabled","Server: P3PWDREVSQL01, Database: deferredRevenue_2013, DB Role: db_datawriter, Status: Enabled",,Open,Peter Fictum (100254),Peter Fictum (100254),,
N1_q55F823628CCA4D N1_q55F823628CCA4D (N1_q55F823628CCA4D),Entitlement,Database Access Review,Peter Fictum (100254),n1_q55f823628cca4d,Entitlement,"Server: P3PWDREVSQL01, Database: deferredRevenue_2015, DB Role: db_datawriter, Status: Enabled","Server: P3PWDREVSQL01, Database: deferredRevenue_2015, DB Role: db_datawriter, Status: Enabled",,Open,Peter Fictum (100254),Peter Fictum (100254),,
N1_q55F823628CCA4D N1_q55F823628CCA4D (N1_q55F823628CCA4D),Entitlement,Database Access Review,Peter Fictum (100254),n1_q55f823628cca4d,Entitlement,"Server: A2PWDREVSQL02, Database: deferredRevenue_2014, DB Role: db_datawriter, Status: Enabled","Server: A2PWDREVSQL02, Database: deferredRevenue_2014, DB Role: db_datawriter, Status: Enabled",,Open,Peter Fictum (100254),Peter Fictum (100254),,
goon_01j1d6ks6wbrawe1gmpcthaqg1 goon_01j1d6ks6wbrawe1gmpcthaqg1 (goon_01j1d6ks6wbrawe1gmpcthaqg1),Entitlement,Database Access Review,Peter Fictum (100254),goon_01j1d6ks6wbrawe1gmpcthaqg1,Entitlement,"Server: A2PWPSQL01, Database: GoDaddy, DB Role: db_datawriter, Status: Enabled","Server: A2PWPSQL01, Database: GoDaddy, DB Role: db_datawriter, Status: Enabled",,Open,Peter Fictum (100254),Peter Fictum (100254),,
e505a4c58aba379e76939c8ed1f71832 e505a4c58aba379e76939c8ed1f71832 (e505a4c58aba379e76939c8ed1f71832),Entitlement,Database Access Review,Peter Fictum (100254),e505a4c58aba379e76939c8ed1f71832,Entitlement,"Server: P3PWPSQL02, Database: GoDaddy, DB Role: db_datawriter, Status: Enabled","Server: P3PWPSQL02, Database: GoDaddy, DB Role: db_datawriter, Status: Enabled",Certification Items Revoked By Rachit Tanwar,Open,Peter Fictum (100254),Rachit Tanwar (440439),,
n2_a79556c9cf38d40 n2_a79556c9cf38d40 (n2_a79556c9cf38d40),Entitlement,Database Access Review,Peter Fictum (100254),n2_a79556c9cf38d40,Entitlement,"Server: P3PWBIGRPTSQL04, Database: godaddyAccounting, DB Role: db_datawriter, Status: Enabled","Server: P3PWBIGRPTSQL04, Database: godaddyAccounting, DB Role: db_datawriter, Status: Enabled",,Finished,Peter Fictum (100254),Peter Fictum (100254),"2/27/26, 9:03 PM",
goon_01j0trmc1cdex2zn5yff2em4d7 goon_01j0trmc1cdex2zn5yff2em4d7 (goon_01j0trmc1cdex2zn5yff2em4d7),Entitlement,Database Access Review,Peter Fictum (100254),goon_01j0trmc1cdex2zn5yff2em4d7,Entitlement,"Server: A2PWPSQL01, Database: gdMasterCatalog, DB Role: db_datawriter, Status: Enabled","Server: A2PWPSQL01, Database: gdMasterCatalog, DB Role: db_datawriter, Status: Enabled",Certification Items Revoked By Rachit Tanwar,Open,Peter Fictum (100254),Rachit Tanwar (440439),,
goon_01j1trtjmdjgs87htfpp485dbs goon_01j1trtjmdjgs87htfpp485dbs (goon_01j1trtjmdjgs87htfpp485dbs),Entitlement,Database Access Review,Peter Fictum (100254),goon_01j1trtjmdjgs87htfpp485dbs,Entitlement,"Server: A2PWPSQL01, Database: gdInterCompanyReceipt, DB Role: db_datawriter, Status: Enabled","Server: A2PWPSQL01, Database: gdInterCompanyReceipt, DB Role: db_datawriter, Status: Enabled",Certification Items Revoked By Rachit Tanwar,Open,Peter Fictum (100254),Rachit Tanwar (440439),,
goon_01j2ey6gfd49epgn7h92nmsvrv goon_01j2ey6gfd49epgn7h92nmsvrv (goon_01j2ey6gfd49epgn7h92nmsvrv),Entitlement,Database Access Review,Peter Fictum (100254),goon_01j2ey6gfd49epgn7h92nmsvrv,Entitlement,"Server: A2PWPSQL01, Database: gdMasterPromo, DB Role: db_datawriter, Status: Enabled","Server: A2PWPSQL01, Database: gdMasterPromo, DB Role: db_datawriter, Status: Enabled",Certification Items Revoked By Rachit Tanwar,Open,Peter Fictum (100254),Rachit Tanwar (440439),,
dc1\mnpi-database-sqladmins dc1\mnpi-database-sqladmins (dc1\mnpi-database-sqladmins),Entitlement,Database Access Review,Peter Fictum (100254),dc1\mnpi-database-sqladmins,Entitlement,"Server: P3PWBIGRPTSQL04, Database: Server Level Permission, DB Role: sysadmin, Status: Enabled","Server: P3PWBIGRPTSQL04, Database: Server Level Permission, DB Role: sysadmin, Status: Enabled",,Finished,Peter Fictum (100254),Peter Fictum (100254),"2/27/26, 9:03 PM",
dc1\msvc_q5k88m1dcb$ dc1\msvc_q5k88m1dcb$ (dc1\msvc_q5k88m1dcb$),Entitlement,Database Access Review,Peter Fictum (100254),dc1\msvc_q5k88m1dcb$,Entitlement,"Server: A2PWDREVSQL02, Database: deferredRevenue_2015, DB Role: db_datawriter, Status: Enabled","Server: A2PWDREVSQL02, Database: deferredRevenue_2015, DB Role: db_datawriter, Status: Enabled",Certification Items Revoked By Rachit Tanwar,Open,Peter Fictum (100254),Rachit Tanwar (440439),,
Ex9ajxlEd2Rsx4e Ex9ajxlEd2Rsx4e (Ex9ajxlEd2Rsx4e),Entitlement,Database Access Review,Peter Fictum (100254),ex9ajxled2rsx4e,Entitlement,"Server: A2PWDREVSQL02, Database: deferredRevenue_2021, DB Role: db_datawriter, Status: Enabled","Server: A2PWDREVSQL02, Database: deferredRevenue_2021, DB Role: db_datawriter, Status: Enabled",,Open,Peter Fictum (100254),Peter Fictum (100254),,
N1_q55F823628CCA4D N1_q55F823628CCA4D (N1_q55F823628CCA4D),Entitlement,Database Access Review,Peter Fictum (100254),n1_q55f823628cca4d,Entitlement,"Server: A2PWDREVSQL02, Database: deferredRevenue_2021, DB Role: db_datawriter, Status: Enabled","Server: A2PWDREVSQL02, Database: deferredRevenue_2021, DB Role: db_datawriter, Status: Enabled",,Open,Peter Fictum (100254),Peter Fictum (100254),,
r39EF07C3E73C42 r39EF07C3E73C42 (r39EF07C3E73C42),Entitlement,Database Access Review,Peter Fictum (100254),r39ef07c3e73c42,Entitlement,"Server: A2PWDREVSQL02, Database: deferredRevenue_2005, DB Role: db_datawriter, Status: Enabled","Server: A2PWDREVSQL02, Database: deferredRevenue_2005, DB Role: db_datawriter, Status: Enabled",,Open,Peter Fictum (100254),Peter Fictum (100254),,
dc1\msvc_h25z2tlmzp$ dc1\msvc_h25z2tlmzp$ (dc1\msvc_h25z2tlmzp$),Entitlement,Database Access Review,Peter Fictum (100254),dc1\msvc_h25z2tlmzp$,Entitlement,"Server: P3PWACTSQL03, Database: acctProjects, DB Role: db_owner, Status: Enabled","Server: P3PWACTSQL03, Database: acctProjects, DB Role: db_owner, Status: Enabled",Certification Items Revoked By Rachit Tanwar,Finished,Peter Fictum (100254),Rachit Tanwar (440439),"2/27/26, 9:03 PM",
goon_01j1tr4k2av6ns00594p32xfsw goon_01j1tr4k2av6ns00594p32xfsw (goon_01j1tr4k2av6ns00594p32xfsw),Entitlement,Database Access Review,Peter Fictum (100254),goon_01j1tr4k2av6ns00594p32xfsw,Entitlement,"Server: P3PWPSQL02, Database: GoDaddy, DB Role: db_datawriter, Status: Enabled","Server: P3PWPSQL02, Database: GoDaddy, DB Role: db_datawriter, Status: Enabled",Certification Items Revoked By Rachit Tanwar,Open,Peter Fictum (100254),Rachit Tanwar (440439),,
r39EF07C3E73C42 r39EF07C3E73C42 (r39EF07C3E73C42),Entitlement,Database Access Review,Peter Fictum (100254),r39ef07c3e73c42,Entitlement,"Server: A2PWDREVSQL02, Database: deferredRevenue_2016, DB Role: db_datawriter, Status: Enabled","Server: A2PWDREVSQL02, Database: deferredRevenue_2016, DB Role: db_datawriter, Status: Enabled",,Open,Peter Fictum (100254),Peter Fictum (100254),,
Ex9ajxlEd2Rsx4e Ex9ajxlEd2Rsx4e (Ex9ajxlEd2Rsx4e),Entitlement,Database Access Review,Peter Fictum (100254),ex9ajxled2rsx4e,Entitlement,"Server: P3PWDREVSQL01, Database: deferredRevenue_xxxx, DB Role: db_datawriter, Status: Enabled","Server: P3PWDREVSQL01, Database: deferredRevenue_xxxx, DB Role: db_datawriter, Status: Enabled",,Open,Peter Fictum (100254),Peter Fictum (100254),,
A40vWmFgWgAPUcg A40vWmFgWgAPUcg (A40vWmFgWgAPUcg),Entitlement,Database Access Review,Peter Fictum (100254),a40vwmfgwgapucg,Entitlement,"Server: A2PWHYDRASQL01, Database: apWebSvc, DB Role: db_datawriter, Status: Enabled","Server: A2PWHYDRASQL01, Database: apWebSvc, DB Role: db_datawriter, Status: Enabled",,Open,Peter Fictum (100254),Peter Fictum (100254),,
g499A69A4AB5441 g499A69A4AB5441 (g499A69A4AB5441),Entitlement,Database Access Review,Peter Fictum (100254),g499a69a4ab5441,Entitlement,"Server: A2PWDREVSQL02, Database: deferredRevenue_2019, DB Role: db_owner, Status: Enabled","Server: A2PWDREVSQL02, Database: deferredRevenue_2019, DB Role: db_owner, Status: Enabled",,Open,Peter Fictum (100254),Peter Fictum (100254),,
goon_01j1tr4zwaqk4asgstxy0mjn2k goon_01j1tr4zwaqk4asgstxy0mjn2k (goon_01j1tr4zwaqk4asgstxy0mjn2k),Entitlement,Database Access Review,Peter Fictum (100254),goon_01j1tr4zwaqk4asgstxy0mjn2k,Entitlement,"Server: P3PWPSQL02, Database: gdMasterCatalog, DB Role: db_datawriter, Status: Enabled","Server: P3PWPSQL02, Database: gdMasterCatalog, DB Role: db_datawriter, Status: Enabled",Certification Items Revoked By Rachit Tanwar,Open,Peter Fictum (100254),Rachit Tanwar (440439),,
dc1\msvc_h25z2tlmzp$ dc1\msvc_h25z2tlmzp$ (dc1\msvc_h25z2tlmzp$),Entitlement,Database Access Review,Peter Fictum (100254),dc1\msvc_h25z2tlmzp$,Entitlement,"Server: P3PWHYDRASQL02, Database: Server Level Permission, DB Role: securityadmin, Status: Enabled, Via AD Group: GAAP_SSO_Admin","Server: P3PWHYDRASQL02, Database: Server Level Permission, DB Role: securityadmin, Status: Enabled, Via AD Group: GAAP_SSO_Admin",Certification Items Revoked By Rachit Tanwar,Finished,Peter Fictum (100254),Rachit Tanwar (440439),"2/23/26, 5:05 PM",
dc1\msvc_dsw0wm918b$ dc1\msvc_dsw0wm918b$ (dc1\msvc_dsw0wm918b$),Entitlement,Database Access Review,Peter Fictum (100254),dc1\msvc_dsw0wm918b$,Entitlement,"Server: A2PWHYDRASQL01, Database: WorkdayConversion, DB Role: db_owner, Status: Enabled","Server: A2PWHYDRASQL01, Database: WorkdayConversion, DB Role: db_owner, Status: Enabled",Certification Items Revoked By Rachit Tanwar,Open,Peter Fictum (100254),Rachit Tanwar (440439),,
CHba4ITBZSjR0Aw CHba4ITBZSjR0Aw (CHba4ITBZSjR0Aw),Entitlement,Database Access Review,Peter Fictum (100254),chba4itbzsjr0aw,Entitlement,"Server: A2PWDREVSQL02, Database: deferredRevenue_2016, DB Role: db_datawriter, Status: Enabled","Server: A2PWDREVSQL02, Database: deferredRevenue_2016, DB Role: db_datawriter, Status: Enabled",,Open,Peter Fictum (100254),Peter Fictum (100254),,
goon_01j1tq5p8ey1vw4r5v2d3wx4cr goon_01j1tq5p8ey1vw4r5v2d3wx4cr (goon_01j1tq5p8ey1vw4r5v2d3wx4cr),Entitlement,Database Access Review,Peter Fictum (100254),goon_01j1tq5p8ey1vw4r5v2d3wx4cr,Entitlement,"Server: A2PWPSQL01, Database: gdInterCompanyReceipt, DB Role: db_datawriter, Status: Enabled","Server: A2PWPSQL01, Database: gdInterCompanyReceipt, DB Role: db_datawriter, Status: Enabled",Certification Items Revoked By Rachit Tanwar,Open,Peter Fictum (100254),Rachit Tanwar (440439),,
LinkServer_User LinkServer_User (LinkServer_User),Entitlement,Database Access Review,Peter Fictum (100254),linkserver_user,Entitlement,"Server: P3PWBIGRPTSQL03, Database: Server Level Permission, DB Role: sysadmin, Status: Enabled","Server: P3PWBIGRPTSQL03, Database: Server Level Permission, DB Role: sysadmin, Status: Enabled",,Finished,Peter Fictum (100254),Peter Fictum (100254),"2/27/26, 9:03 PM",
LinkServer_User LinkServer_User (LinkServer_User),Entitlement,Database Access Review,Peter Fictum (100254),linkserver_user,Entitlement,"Server: P3PWPCISQL02, Database: Server Level Permission, DB Role: sysadmin, Status: Enabled","Server: P3PWPCISQL02, Database: Server Level Permission, DB Role: sysadmin, Status: Enabled",,Open,Peter Fictum (100254),Peter Fictum (100254),,
goon_01j1fpanf692rtz7k14a73mdpr goon_01j1fpanf692rtz7k14a73mdpr (goon_01j1fpanf692rtz7k14a73mdpr),Entitlement,Database Access Review,Peter Fictum (100254),goon_01j1fpanf692rtz7k14a73mdpr,Entitlement,"Server: A2PWPSQL01, Database: gdMasterPromo, DB Role: db_datawriter, Status: Enabled","Server: A2PWPSQL01, Database: gdMasterPromo, DB Role: db_datawriter, Status: Enabled",Certification Items Revoked By Rachit Tanwar,Open,Peter Fictum (100254),Rachit Tanwar (440439),,
dc1\msvc_q5k88m1dcb$ dc1\msvc_q5k88m1dcb$ (dc1\msvc_q5k88m1dcb$),Entitlement,Database Access Review,Peter Fictum (100254),dc1\msvc_q5k88m1dcb$,Entitlement,"Server: P3PWDREVSQL01, Database: deferredRevenue_2006, DB Role: db_datawriter, Status: Enabled","Server: P3PWDREVSQL01, Database: deferredRevenue_2006, DB Role: db_datawriter, Status: Enabled",Certification Items Revoked By Rachit Tanwar,Open,Peter Fictum (100254),Rachit Tanwar (440439),,
goon_01j1trt98wnqskxskyq7fek4wd goon_01j1trt98wnqskxskyq7fek4wd (goon_01j1trt98wnqskxskyq7fek4wd),Entitlement,Database Access Review,Peter Fictum (100254),goon_01j1trt98wnqskxskyq7fek4wd,Entitlement,"Server: A2PWPSQL01, Database: SSL, DB Role: db_datawriter, Status: Enabled","Server: A2PWPSQL01, Database: SSL, DB Role: db_datawriter, Status: Enabled",Certification Items Revoked By Rachit Tanwar,Open,Peter Fictum (100254),Rachit Tanwar (440439),,
CHba4ITBZSjR0Aw CHba4ITBZSjR0Aw (CHba4ITBZSjR0Aw),Entitlement,Database Access Review,Peter Fictum (100254),chba4itbzsjr0aw,Entitlement,"Server: A2PWDREVSQL02, Database: deferredRevenue, DB Role: db_datawriter, Status: Enabled","Server: A2PWDREVSQL02, Database: deferredRevenue, DB Role: db_datawriter, Status: Enabled",,Open,Peter Fictum (100254),Peter Fictum (100254),,
dc1\svcwxzkwrrrr8ifm8 dc1\svcwxzkwrrrr8ifm8 (dc1\svcwxzkwrrrr8ifm8),Entitlement,Database Access Review,Peter Fictum (100254),dc1\svcwxzkwrrrr8ifm8,Entitlement,"Server: P3PWRSKSQL04, Database: Server Level Permission, DB Role: bulkadmin, Status: Enabled","Server: P3PWRSKSQL04, Database: Server Level Permission, DB Role: bulkadmin, Status: Enabled",,Open,Peter Fictum (100254),Peter Fictum (100254),,
FPConfig FPConfig (FPConfig),Entitlement,Database Access Review,Peter Fictum (100254),fpconfig,Entitlement,"Server: A2PWHYDRASQL01, Database: apWebSvc, DB Role: db_securityadmin, Status: Enabled","Server: A2PWHYDRASQL01, Database: apWebSvc, DB Role: db_securityadmin, Status: Enabled",,Open,Peter Fictum (100254),Peter Fictum (100254),,
goon_01j1trtjmdjgs87htfpp485dbs goon_01j1trtjmdjgs87htfpp485dbs (goon_01j1trtjmdjgs87htfpp485dbs),Entitlement,Database Access Review,Peter Fictum (100254),goon_01j1trtjmdjgs87htfpp485dbs,Entitlement,"Server: A2PWPSQL01, Database: SSL, DB Role: db_datawriter, Status: Enabled","Server: A2PWPSQL01, Database: SSL, DB Role: db_datawriter, Status: Enabled",Certification Items Revoked By Rachit Tanwar,Open,Peter Fictum (100254),Rachit Tanwar (440439),,
h43e2d7302ec04a h43e2d7302ec04a (h43e2d7302ec04a),Entitlement,Database Access Review,Peter Fictum (100254),h43e2d7302ec04a,Entitlement,"Server: P3PWBIGRPTSQL04, Database: godaddyAccounting, DB Role: db_datawriter, Status: Enabled","Server: P3PWBIGRPTSQL04, Database: godaddyAccounting, DB Role: db_datawriter, Status: Enabled",,Finished,Peter Fictum (100254),Peter Fictum (100254),"2/27/26, 9:03 PM",
r39EF07C3E73C42 r39EF07C3E73C42 (r39EF07C3E73C42),Entitlement,Database Access Review,Peter Fictum (100254),r39ef07c3e73c42,Entitlement,"Server: A2PWDREVSQL02, Database: deferredRevenue_2012, DB Role: db_datawriter, Status: Enabled","Server: A2PWDREVSQL02, Database: deferredRevenue_2012, DB Role: db_datawriter, Status: Enabled",,Open,Peter Fictum (100254),Peter Fictum (100254),,
goon_03knekfnemnekf0283nf23n1nn goon_03knekfnemnekf0283nf23n1nn (goon_03knekfnemnekf0283nf23n1nn),Entitlement,Database Access Review,Peter Fictum (100254),goon_03knekfnemnekf0283nf23n1nn,Entitlement,"Server: A2PWPSQL01, Database: gdMasterPromo, DB Role: db_datawriter, Status: Enabled","Server: A2PWPSQL01, Database: gdMasterPromo, DB Role: db_datawriter, Status: Enabled",Certification Items Revoked By Rachit Tanwar,Open,Peter Fictum (100254),Rachit Tanwar (440439),,
N1_q55F823628CCA4D N1_q55F823628CCA4D (N1_q55F823628CCA4D),Entitlement,Database Access Review,Peter Fictum (100254),n1_q55f823628cca4d,Entitlement,"Server: P3PWDREVSQL01, Database: deferredRevenue_2010, DB Role: db_datawriter, Status: Enabled","Server: P3PWDREVSQL01, Database: deferredRevenue_2010, DB Role: db_datawriter, Status: Enabled",,Open,Peter Fictum (100254),Peter Fictum (100254),,
CU40SjzJGXAvGb2 CU40SjzJGXAvGb2 (CU40SjzJGXAvGb2),Entitlement,Database Access Review,Peter Fictum (100254),cu40sjzjgxavgb2,Entitlement,"Server: P3PWPCISQL02, Database: Server Level Permission, DB Role: sysadmin, Status: Enabled","Server: P3PWPCISQL02, Database: Server Level Permission, DB Role: sysadmin, Status: Enabled",,Open,Peter Fictum (100254),Peter Fictum (100254),,
goon_01j2ey6gfd49epgn7h92nmsvrv goon_01j2ey6gfd49epgn7h92nmsvrv (goon_01j2ey6gfd49epgn7h92nmsvrv),Entitlement,Database Access Review,Peter Fictum (100254),goon_01j2ey6gfd49epgn7h92nmsvrv,Entitlement,"Server: A2PWPSQL01, Database: GoDaddyCPL, DB Role: db_datawriter, Status: Enabled","Server: A2PWPSQL01, Database: GoDaddyCPL, DB Role: db_datawriter, Status: Enabled",Certification Items Revoked By Rachit Tanwar,Open,Peter Fictum (100254),Rachit Tanwar (440439),,
nm89nhy67tgybv4 nm89nhy67tgybv4 (nm89nhy67tgybv4),Entitlement,Database Access Review,Peter Fictum (100254),nm89nhy67tgybv4,Entitlement,"Server: P3PWBIGRPTSQL04, Database: godaddyAccounting, DB Role: db_datawriter, Status: Enabled","Server: P3PWBIGRPTSQL04, Database: godaddyAccounting, DB Role: db_datawriter, Status: Enabled",,Finished,Peter Fictum (100254),Peter Fictum (100254),"2/27/26, 9:03 PM",
dc1\msvc_q5k88m1dcb$ dc1\msvc_q5k88m1dcb$ (dc1\msvc_q5k88m1dcb$),Entitlement,Database Access Review,Peter Fictum (100254),dc1\msvc_q5k88m1dcb$,Entitlement,"Server: A2PWDREVSQL02, Database: deferredRevenue_2023, DB Role: db_datawriter, Status: Enabled","Server: A2PWDREVSQL02, Database: deferredRevenue_2023, DB Role: db_datawriter, Status: Enabled",Certification Items Revoked By Rachit Tanwar,Open,Peter Fictum (100254),Rachit Tanwar (440439),,
CHba4ITBZSjR0Aw CHba4ITBZSjR0Aw (CHba4ITBZSjR0Aw),Entitlement,Database Access Review,Peter Fictum (100254),chba4itbzsjr0aw,Entitlement,"Server: A2PWDREVSQL02, Database: deferredRevenue_2015, DB Role: db_datawriter, Status: Enabled","Server: A2PWDREVSQL02, Database: deferredRevenue_2015, DB Role: db_datawriter, Status: Enabled",,Open,Peter Fictum (100254),Peter Fictum (100254),,
g499A69A4AB5441 g499A69A4AB5441 (g499A69A4AB5441),Entitlement,Database Access Review,Peter Fictum (100254),g499a69a4ab5441,Entitlement,"Server: A2PWDREVSQL02, Database: deferredRevenue_2009, DB Role: db_owner, Status: Enabled","Server: A2PWDREVSQL02, Database: deferredRevenue_2009, DB Role: db_owner, Status: Enabled",,Open,Peter Fictum (100254),Peter Fictum (100254),,
r39EF07C3E73C42 r39EF07C3E73C42 (r39EF07C3E73C42),Entitlement,Database Access Review,Peter Fictum (100254),r39ef07c3e73c42,Entitlement,"Server: A2PWDREVSQL02, Database: deferredRevenue_2009, DB Role: db_datawriter, Status: Enabled","Server: A2PWDREVSQL02, Database: deferredRevenue_2009, DB Role: db_datawriter, Status: Enabled",,Open,Peter Fictum (100254),Peter Fictum (100254),,
k44F91794CE7A4C k44F91794CE7A4C (k44F91794CE7A4C),Entitlement,Database Access Review,Peter Fictum (100254),k44f91794ce7a4c,Entitlement,"Server: P3PWBIGRPTSQL03, Database: Server Level Permission, DB Role: sysadmin, Status: Enabled","Server: P3PWBIGRPTSQL03, Database: Server Level Permission, DB Role: sysadmin, Status: Enabled",,Finished,Peter Fictum (100254),Peter Fictum (100254),"2/27/26, 9:03 PM",
g499A69A4AB5441 g499A69A4AB5441 (g499A69A4AB5441),Entitlement,Database Access Review,Peter Fictum (100254),g499a69a4ab5441,Entitlement,"Server: P3PWDREVSQL01, Database: deferredRevenue_2014, DB Role: db_owner, Status: Enabled","Server: P3PWDREVSQL01, Database: deferredRevenue_2014, DB Role: db_owner, Status: Enabled",,Open,Peter Fictum (100254),Peter Fictum (100254),,
goon_01j1trt98wnqskxskyq7fek4wd goon_01j1trt98wnqskxskyq7fek4wd (goon_01j1trt98wnqskxskyq7fek4wd),Entitlement,Database Access Review,Peter Fictum (100254),goon_01j1trt98wnqskxskyq7fek4wd,Entitlement,"Server: A2PWPSQL01, Database: merchantAccounts, DB Role: db_datawriter, Status: Enabled","Server: A2PWPSQL01, Database: merchantAccounts, DB Role: db_datawriter, Status: Enabled",Certification Items Revoked By Rachit Tanwar,Open,Peter Fictum (100254),Rachit Tanwar (440439),,
u15348EBFB99147 u15348EBFB99147 (u15348EBFB99147),Entitlement,Database Access Review,Peter Fictum (100254),u15348ebfb99147,Entitlement,"Server: A2PWFKSQL01, Database: Server Level Permission, DB Role: sysadmin, Status: Enabled","Server: A2PWFKSQL01, Database: Server Level Permission, DB Role: sysadmin, Status: Enabled",,Open,Peter Fictum (100254),Peter Fictum (100254),,
dc1\svcah7yfmy95qm7e2 dc1\svcah7yfmy95qm7e2 (dc1\svcah7yfmy95qm7e2),Entitlement,Database Access Review,Peter Fictum (100254),dc1\svcah7yfmy95qm7e2,Entitlement,"Server: P3PWPSQL02, Database: GoDaddy, DB Role: db_datawriter, Status: Enabled","Server: P3PWPSQL02, Database: GoDaddy, DB Role: db_datawriter, Status: Enabled",,Open,Peter Fictum (100254),Peter Fictum (100254),,
goon_01j2ey6gfd49epgn7h92nmsvrv goon_01j2ey6gfd49epgn7h92nmsvrv (goon_01j2ey6gfd49epgn7h92nmsvrv),Entitlement,Database Access Review,Peter Fictum (100254),goon_01j2ey6gfd49epgn7h92nmsvrv,Entitlement,"Server: P3PWPSQL02, Database: SSL, DB Role: db_datawriter, Status: Enabled","Server: P3PWPSQL02, Database: SSL, DB Role: db_datawriter, Status: Enabled",Certification Items Revoked By Rachit Tanwar,Open,Peter Fictum (100254),Rachit Tanwar (440439),,
goon_01j1d6ks6wbrawe1gmpcthaqg1 goon_01j1d6ks6wbrawe1gmpcthaqg1 (goon_01j1d6ks6wbrawe1gmpcthaqg1),Entitlement,Database Access Review,Peter Fictum (100254),goon_01j1d6ks6wbrawe1gmpcthaqg1,Entitlement,"Server: P3PWPSQL02, Database: GoDaddy, DB Role: db_datawriter, Status: Enabled","Server: P3PWPSQL02, Database: GoDaddy, DB Role: db_datawriter, Status: Enabled",,Open,Peter Fictum (100254),Peter Fictum (100254),,
cBC3BAA4818C147 cBC3BAA4818C147 (cBC3BAA4818C147),Entitlement,Database Access Review,Peter Fictum (100254),cbc3baa4818c147,Entitlement,"Server: P3PWFKSQL02, Database: Server Level Permission, DB Role: sysadmin, Status: Enabled","Server: P3PWFKSQL02, Database: Server Level Permission, DB Role: sysadmin, Status: Enabled",,Open,Peter Fictum (100254),Peter Fictum (100254),,
CHba4ITBZSjR0Aw CHba4ITBZSjR0Aw (CHba4ITBZSjR0Aw),Entitlement,Database Access Review,Peter Fictum (100254),chba4itbzsjr0aw,Entitlement,"Server: A2PWDREVSQL02, Database: deferredRevenue_2013, DB Role: db_datawriter, Status: Enabled","Server: A2PWDREVSQL02, Database: deferredRevenue_2013, DB Role: db_datawriter, Status: Enabled",,Open,Peter Fictum (100254),Peter Fictum (100254),,
N2_e9C7A90E3DB8448 N2_e9C7A90E3DB8448 (N2_e9C7A90E3DB8448),Entitlement,Database Access Review,Peter Fictum (100254),n2_e9c7a90e3db8448,Entitlement,"Server: P3PWDREVSQL01, Database: deferredRevenue_2011, DB Role: db_datawriter, Status: Enabled","Server: P3PWDREVSQL01, Database: deferredRevenue_2011, DB Role: db_datawriter, Status: Enabled",,Open,Peter Fictum (100254),Peter Fictum (100254),,
g499A69A4AB5441 g499A69A4AB5441 (g499A69A4AB5441),Entitlement,Database Access Review,Peter Fictum (100254),g499a69a4ab5441,Entitlement,"Server: A2PWDREVSQL02, Database: deferredRevenue_2011, DB Role: db_owner, Status: Enabled","Server: A2PWDREVSQL02, Database: deferredRevenue_2011, DB Role: db_owner, Status: Enabled",,Open,Peter Fictum (100254),Peter Fictum (100254),,
Ex9ajxlEd2Rsx4e Ex9ajxlEd2Rsx4e (Ex9ajxlEd2Rsx4e),Entitlement,Database Access Review,Peter Fictum (100254),ex9ajxled2rsx4e,Entitlement,"Server: A2PWDREVSQL02, Database: deferredRevenue_2024, DB Role: db_datawriter, Status: Enabled","Server: A2PWDREVSQL02, Database: deferredRevenue_2024, DB Role: db_datawriter, Status: Enabled",,Open,Peter Fictum (100254),Peter Fictum (100254),,
Ex9ajxlEd2Rsx4e Ex9ajxlEd2Rsx4e (Ex9ajxlEd2Rsx4e),Entitlement,Database Access Review,Peter Fictum (100254),ex9ajxled2rsx4e,Entitlement,"Server: A2PWDREVSQL02, Database: deferredRevenue_2014, DB Role: db_datawriter, Status: Enabled","Server: A2PWDREVSQL02, Database: deferredRevenue_2014, DB Role: db_datawriter, Status: Enabled",,Open,Peter Fictum (100254),Peter Fictum (100254),,
goon_01hzg5v5ftkcf3bvc4gzrgwn9d goon_01hzg5v5ftkcf3bvc4gzrgwn9d (goon_01hzg5v5ftkcf3bvc4gzrgwn9d),Entitlement,Database Access Review,Peter Fictum (100254),goon_01hzg5v5ftkcf3bvc4gzrgwn9d,Entitlement,"Server: P3PWPSQL02, Database: SSL, DB Role: db_datawriter, Status: Enabled","Server: P3PWPSQL02, Database: SSL, DB Role: db_datawriter, Status: Enabled",Certification Items Revoked By Rachit Tanwar,Open,Peter Fictum (100254),Rachit Tanwar (440439),,
N2_e9C7A90E3DB8448 N2_e9C7A90E3DB8448 (N2_e9C7A90E3DB8448),Entitlement,Database Access Review,Peter Fictum (100254),n2_e9c7a90e3db8448,Entitlement,"Server: P3PWDREVSQL01, Database: deferredRevenue_2007, DB Role: db_datawriter, Status: Enabled","Server: P3PWDREVSQL01, Database: deferredRevenue_2007, DB Role: db_datawriter, Status: Enabled",,Open,Peter Fictum (100254),Peter Fictum (100254),,
goon_01j1trtjmdjgs87htfpp485dbs goon_01j1trtjmdjgs87htfpp485dbs (goon_01j1trtjmdjgs87htfpp485dbs),Entitlement,Database Access Review,Peter Fictum (100254),goon_01j1trtjmdjgs87htfpp485dbs,Entitlement,"Server: P3PWPSQL02, Database: gdMasterCatalog, DB Role: db_datawriter, Status: Enabled","Server: P3PWPSQL02, Database: gdMasterCatalog, DB Role: db_datawriter, Status: Enabled",Certification Items Revoked By Rachit Tanwar,Open,Peter Fictum (100254),Rachit Tanwar (440439),,
goon_01j1trt98wnqskxskyq7fek4wd goon_01j1trt98wnqskxskyq7fek4wd (goon_01j1trt98wnqskxskyq7fek4wd),Entitlement,Database Access Review,Peter Fictum (100254),goon_01j1trt98wnqskxskyq7fek4wd,Entitlement,"Server: P3PWPSQL02, Database: merchantAccounts, DB Role: db_datawriter, Status: Enabled","Server: P3PWPSQL02, Database: merchantAccounts, DB Role: db_datawriter, Status: Enabled",Certification Items Revoked By Rachit Tanwar,Open,Peter Fictum (100254),Rachit Tanwar (440439),,
Qiong Wu (412584),Entitlement,Database Access Review,Peter Fictum (100254),dc1\qwu,Entitlement,"Server: P3PWDREVSQL01, Database: deferredRevenue_2024, DB Role: db_owner, Status: Enabled","Server: P3PWDREVSQL01, Database: deferredRevenue_2024, DB Role: db_owner, Status: Enabled",,Open,Peter Fictum (100254),Bryan Focht (202136),,
dc1\msvc_q5k88m1dcb$ dc1\msvc_q5k88m1dcb$ (dc1\msvc_q5k88m1dcb$),Entitlement,Database Access Review,Peter Fictum (100254),dc1\msvc_q5k88m1dcb$,Entitlement,"Server: P3PWDREVSQL01, Database: deferredRevenue_2008, DB Role: db_datawriter, Status: Enabled","Server: P3PWDREVSQL01, Database: deferredRevenue_2008, DB Role: db_datawriter, Status: Enabled",Certification Items Revoked By Rachit Tanwar,Open,Peter Fictum (100254),Rachit Tanwar (440439),,
r39EF07C3E73C42 r39EF07C3E73C42 (r39EF07C3E73C42),Entitlement,Database Access Review,Peter Fictum (100254),r39ef07c3e73c42,Entitlement,"Server: A2PWDREVSQL02, Database: deferredRevenue_2014, DB Role: db_datawriter, Status: Enabled","Server: A2PWDREVSQL02, Database: deferredRevenue_2014, DB Role: db_datawriter, Status: Enabled",,Open,Peter Fictum (100254),Peter Fictum (100254),,
r39EF07C3E73C42 r39EF07C3E73C42 (r39EF07C3E73C42),Entitlement,Database Access Review,Peter Fictum (100254),r39ef07c3e73c42,Entitlement,"Server: A2PWDREVSQL02, Database: deferredRevenue_2013, DB Role: db_datawriter, Status: Enabled","Server: A2PWDREVSQL02, Database: deferredRevenue_2013, DB Role: db_datawriter, Status: Enabled",,Open,Peter Fictum (100254),Peter Fictum (100254),,
goon_01j0v4sm3snbfdmfxsqcntkpnm goon_01j0v4sm3snbfdmfxsqcntkpnm (goon_01j0v4sm3snbfdmfxsqcntkpnm),Entitlement,Database Access Review,Peter Fictum (100254),goon_01j0v4sm3snbfdmfxsqcntkpnm,Entitlement,"Server: A2PWPSQL01, Database: GoDaddy, DB Role: db_datawriter, Status: Enabled","Server: A2PWPSQL01, Database: GoDaddy, DB Role: db_datawriter, Status: Enabled",,Open,Peter Fictum (100254),Nandakumar Babu (208300),,
g499A69A4AB5441 g499A69A4AB5441 (g499A69A4AB5441),Entitlement,Database Access Review,Peter Fictum (100254),g499a69a4ab5441,Entitlement,"Server: A2PWDREVSQL02, Database: deferredRevenue_2008, DB Role: db_owner, Status: Enabled","Server: A2PWDREVSQL02, Database: deferredRevenue_2008, DB Role: db_owner, Status: Enabled",,Open,Peter Fictum (100254),Peter Fictum (100254),,
N1_q55F823628CCA4D N1_q55F823628CCA4D (N1_q55F823628CCA4D),Entitlement,Database Access Review,Peter Fictum (100254),n1_q55f823628cca4d,Entitlement,"Server: A2PWDREVSQL02, Database: deferredRevenue_2005, DB Role: db_datawriter, Status: Enabled","Server: A2PWDREVSQL02, Database: deferredRevenue_2005, DB Role: db_datawriter, Status: Enabled",,Open,Peter Fictum (100254),Peter Fictum (100254),,
r39EF07C3E73C42 r39EF07C3E73C42 (r39EF07C3E73C42),Entitlement,Database Access Review,Peter Fictum (100254),r39ef07c3e73c42,Entitlement,"Server: A2PWDREVSQL02, Database: deferredRevenue_2015, DB Role: db_datawriter, Status: Enabled","Server: A2PWDREVSQL02, Database: deferredRevenue_2015, DB Role: db_datawriter, Status: Enabled",,Open,Peter Fictum (100254),Peter Fictum (100254),,
N2_e9C7A90E3DB8448 N2_e9C7A90E3DB8448 (N2_e9C7A90E3DB8448),Entitlement,Database Access Review,Peter Fictum (100254),n2_e9c7a90e3db8448,Entitlement,"Server: P3PWDREVSQL01, Database: deferredRevenue_2005, DB Role: db_datawriter, Status: Enabled","Server: P3PWDREVSQL01, Database: deferredRevenue_2005, DB Role: db_datawriter, Status: Enabled",,Open,Peter Fictum (100254),Peter Fictum (100254),,
CHba4ITBZSjR0Aw CHba4ITBZSjR0Aw (CHba4ITBZSjR0Aw),Entitlement,Database Access Review,Peter Fictum (100254),chba4itbzsjr0aw,Entitlement,"Server: P3PWDREVSQL01, Database: deferredRevenue_2005, DB Role: db_datawriter, Status: Enabled","Server: P3PWDREVSQL01, Database: deferredRevenue_2005, DB Role: db_datawriter, Status: Enabled",,Open,Peter Fictum (100254),Peter Fictum (100254),,
CHba4ITBZSjR0Aw CHba4ITBZSjR0Aw (CHba4ITBZSjR0Aw),Entitlement,Database Access Review,Peter Fictum (100254),chba4itbzsjr0aw,Entitlement,"Server: P3PWDREVSQL01, Database: deferredRevenue_2007, DB Role: db_datawriter, Status: Enabled","Server: P3PWDREVSQL01, Database: deferredRevenue_2007, DB Role: db_datawriter, Status: Enabled",,Open,Peter Fictum (100254),Peter Fictum (100254),,
dc1\msvc_h25z2tlmzp$ dc1\msvc_h25z2tlmzp$ (dc1\msvc_h25z2tlmzp$),Entitlement,Database Access Review,Peter Fictum (100254),dc1\msvc_h25z2tlmzp$,Entitlement,"Server: A2PWHYDRASQL01, Database: apWebSvc, DB Role: db_owner, Status: Enabled","Server: A2PWHYDRASQL01, Database: apWebSvc, DB Role: db_owner, Status: Enabled",Certification Items Revoked By Rachit Tanwar,Open,Peter Fictum (100254),Rachit Tanwar (440439),,
goon_01j0trmc1cdex2zn5yff2em4d7 goon_01j0trmc1cdex2zn5yff2em4d7 (goon_01j0trmc1cdex2zn5yff2em4d7),Entitlement,Database Access Review,Peter Fictum (100254),goon_01j0trmc1cdex2zn5yff2em4d7,Entitlement,"Server: A2PWPSQL01, Database: GoDaddyCPL, DB Role: db_datawriter, Status: Enabled","Server: A2PWPSQL01, Database: GoDaddyCPL, DB Role: db_datawriter, Status: Enabled",Certification Items Revoked By Rachit Tanwar,Open,Peter Fictum (100254),Rachit Tanwar (440439),,
DC1\Dev-Web-eCommDB DC1\Dev-Web-eCommDB (DC1\Dev-Web-eCommDB),Entitlement,Database Access Review,Peter Fictum (100254),dc1\dev-web-ecommdb,Entitlement,"Server: P3PWBIGRPTSQL04, Database: Server Level Permission, DB Role: sysadmin, Status: Enabled","Server: P3PWBIGRPTSQL04, Database: Server Level Permission, DB Role: sysadmin, Status: Enabled",Just read-only access to these boxes should be sufficient for the group,Finished,Peter Fictum (100254),Dmitry Bayev (421012),"2/27/26, 9:03 PM",
N2_e9C7A90E3DB8448 N2_e9C7A90E3DB8448 (N2_e9C7A90E3DB8448),Entitlement,Database Access Review,Peter Fictum (100254),n2_e9c7a90e3db8448,Entitlement,"Server: A2PWDREVSQL02, Database: deferredRevenue_2022, DB Role: db_datawriter, Status: Enabled","Server: A2PWDREVSQL02, Database: deferredRevenue_2022, DB Role: db_datawriter, Status: Enabled",,Open,Peter Fictum (100254),Peter Fictum (100254),,
mjkwkwlazyi9ve2 mjkwkwlazyi9ve2 (mjkwkwlazyi9ve2),Entitlement,Database Access Review,Peter Fictum (100254),mjkwkwlazyi9ve2,Entitlement,"Server: P3PWBIGRPTSQL03, Database: godaddyAccounting, DB Role: db_datawriter, Status: Enabled","Server: P3PWBIGRPTSQL03, Database: godaddyAccounting, DB Role: db_datawriter, Status: Enabled",,Finished,Peter Fictum (100254),Peter Fictum (100254),"2/27/26, 9:03 PM",
e8D61E915F63F4B e8D61E915F63F4B (e8D61E915F63F4B),Entitlement,Database Access Review,Peter Fictum (100254),e8d61e915f63f4b,Entitlement,"Server: P3PWDREVSQL01, Database: deferredRevenue_2018, DB Role: db_datawriter, Status: Enabled","Server: P3PWDREVSQL01, Database: deferredRevenue_2018, DB Role: db_datawriter, Status: Enabled",,Open,Peter Fictum (100254),Peter Fictum (100254),,
goon_01j0v4sm3snbfdmfxsqcntkpnm goon_01j0v4sm3snbfdmfxsqcntkpnm (goon_01j0v4sm3snbfdmfxsqcntkpnm),Entitlement,Database Access Review,Peter Fictum (100254),goon_01j0v4sm3snbfdmfxsqcntkpnm,Entitlement,"Server: P3PWPSQL02, Database: gdMasterPromo, DB Role: db_datawriter, Status: Enabled","Server: P3PWPSQL02, Database: gdMasterPromo, DB Role: db_datawriter, Status: Enabled",,Open,Peter Fictum (100254),Nandakumar Babu (208300),,
DC1\02d414pd4uaaA DC1\02d414pd4uaaA (DC1\02d414pd4uaaA),Entitlement,Database Access Review,Peter Fictum (100254),dc1\02d414pd4uaaa,Entitlement,"Server: P3PWACTSQL03, Database: GodaddyBilling, DB Role: db_owner, Status: Enabled","Server: P3PWACTSQL03, Database: GodaddyBilling, DB Role: db_owner, Status: Enabled",Refer to RITM2878181 for MSSQL Removal ticket.,Finished,Peter Fictum (100254),Brittany Randall (200303),"2/27/26, 9:03 PM",
d0f0cb22520904e d0f0cb22520904e (d0f0cb22520904e),Entitlement,Database Access Review,Peter Fictum (100254),d0f0cb22520904e,Entitlement,"Server: P3PWBIGRPTSQL04, Database: godaddyAccounting, DB Role: db_datawriter, Status: Enabled","Server: P3PWBIGRPTSQL04, Database: godaddyAccounting, DB Role: db_datawriter, Status: Enabled",,Finished,Peter Fictum (100254),Peter Fictum (100254),"2/27/26, 9:03 PM",
N1_p31CA67B5A9FF4B N1_p31CA67B5A9FF4B (N1_p31CA67B5A9FF4B),Entitlement,Database Access Review,Peter Fictum (100254),n1_p31ca67b5a9ff4b,Entitlement,"Server: P3PWBIGRPTSQL04, Database: Server Level Permission, DB Role: sysadmin, Status: Enabled","Server: P3PWBIGRPTSQL04, Database: Server Level Permission, DB Role: sysadmin, Status: Enabled",,Finished,Peter Fictum (100254),Peter Fictum (100254),"2/27/26, 9:03 PM",
Vera Oshyna (427789),Entitlement,Database Access Review,Peter Fictum (100254),dc1\voshyna,Entitlement,"Server: A2PWPSQL01, Database: SSL, DB Role: db_owner, Status: Enabled","Server: A2PWPSQL01, Database: SSL, DB Role: db_owner, Status: Enabled",,Finished,Peter Fictum (100254),Hemanth Kumar Guntupalli (419032),"2/19/26, 12:06 AM",
kD2603DA7BAC743 kD2603DA7BAC743 (kD2603DA7BAC743),Entitlement,Database Access Review,Peter Fictum (100254),kd2603da7bac743,Entitlement,"Server: P3PWPCISQL02, Database: Server Level Permission, DB Role: sysadmin, Status: Enabled","Server: P3PWPCISQL02, Database: Server Level Permission, DB Role: sysadmin, Status: Enabled",,Open,Peter Fictum (100254),Peter Fictum (100254),,
g499A69A4AB5441 g499A69A4AB5441 (g499A69A4AB5441),Entitlement,Database Access Review,Peter Fictum (100254),g499a69a4ab5441,Entitlement,"Server: A2PWDREVSQL02, Database: deferredRevenue_2020, DB Role: db_owner, Status: Enabled","Server: A2PWDREVSQL02, Database: deferredRevenue_2020, DB Role: db_owner, Status: Enabled",,Open,Peter Fictum (100254),Peter Fictum (100254),,
ccyUVVwCZlzFH2d ccyUVVwCZlzFH2d (ccyUVVwCZlzFH2d),Entitlement,Database Access Review,Peter Fictum (100254),ccyuvvwczlzfh2d,Entitlement,"Server: A2PWHYDRASQL01, Database: Server Level Permission, DB Role: sysadmin, Status: Enabled","Server: A2PWHYDRASQL01, Database: Server Level Permission, DB Role: sysadmin, Status: Enabled",,Open,Peter Fictum (100254),Peter Fictum (100254),,
e8D61E915F63F4B e8D61E915F63F4B (e8D61E915F63F4B),Entitlement,Database Access Review,Peter Fictum (100254),e8d61e915f63f4b,Entitlement,"Server: A2PWDREVSQL02, Database: deferredRevenue_2014, DB Role: db_datawriter, Status: Enabled","Server: A2PWDREVSQL02, Database: deferredRevenue_2014, DB Role: db_datawriter, Status: Enabled",,Open,Peter Fictum (100254),Peter Fictum (100254),,
g499A69A4AB5441 g499A69A4AB5441 (g499A69A4AB5441),Entitlement,Database Access Review,Peter Fictum (100254),g499a69a4ab5441,Entitlement,"Server: A2PWDREVSQL02, Database: accountingDeferredRevenue, DB Role: db_owner, Status: Enabled","Server: A2PWDREVSQL02, Database: accountingDeferredRevenue, DB Role: db_owner, Status: Enabled",,Open,Peter Fictum (100254),Peter Fictum (100254),,
Ex9ajxlEd2Rsx4e Ex9ajxlEd2Rsx4e (Ex9ajxlEd2Rsx4e),Entitlement,Database Access Review,Peter Fictum (100254),ex9ajxled2rsx4e,Entitlement,"Server: P3PWDREVSQL01, Database: deferredRevenue_2015, DB Role: db_datawriter, Status: Enabled","Server: P3PWDREVSQL01, Database: deferredRevenue_2015, DB Role: db_datawriter, Status: Enabled",,Open,Peter Fictum (100254),Peter Fictum (100254),,
Ex9ajxlEd2Rsx4e Ex9ajxlEd2Rsx4e (Ex9ajxlEd2Rsx4e),Entitlement,Database Access Review,Peter Fictum (100254),ex9ajxled2rsx4e,Entitlement,"Server: P3PWDREVSQL01, Database: deferredRevenue_2014, DB Role: db_datawriter, Status: Enabled","Server: P3PWDREVSQL01, Database: deferredRevenue_2014, DB Role: db_datawriter, Status: Enabled",,Open,Peter Fictum (100254),Peter Fictum (100254),,
e8D61E915F63F4B e8D61E915F63F4B (e8D61E915F63F4B),Entitlement,Database Access Review,Peter Fictum (100254),e8d61e915f63f4b,Entitlement,"Server: A2PWDREVSQL02, Database: deferredRevenue_2023, DB Role: db_datawriter, Status: Enabled","Server: A2PWDREVSQL02, Database: deferredRevenue_2023, DB Role: db_datawriter, Status: Enabled",,Open,Peter Fictum (100254),Peter Fictum (100254),,
sagesetup sagesetup (sagesetup),Entitlement,Database Access Review,Peter Fictum (100254),sagesetup,Entitlement,"Server: P3PWHYDRASQL02, Database: Server Level Permission, DB Role: sysadmin, Status: Enabled","Server: P3PWHYDRASQL02, Database: Server Level Permission, DB Role: sysadmin, Status: Enabled",,Open,Peter Fictum (100254),Peter Fictum (100254),,
goon_01j1trt98wnqskxskyq7fek4wd goon_01j1trt98wnqskxskyq7fek4wd (goon_01j1trt98wnqskxskyq7fek4wd),Entitlement,Database Access Review,Peter Fictum (100254),goon_01j1trt98wnqskxskyq7fek4wd,Entitlement,"Server: P3PWPSQL02, Database: gdInterCompanyReceipt, DB Role: db_datawriter, Status: Enabled","Server: P3PWPSQL02, Database: gdInterCompanyReceipt, DB Role: db_datawriter, Status: Enabled",Certification Items Revoked By Rachit Tanwar,Open,Peter Fictum (100254),Rachit Tanwar (440439),,
sC9888C2AFE94D8 sC9888C2AFE94D8 (sC9888C2AFE94D8),Entitlement,Database Access Review,Peter Fictum (100254),sc9888c2afe94d8,Entitlement,"Server: A2PWPCISQL01, Database: Server Level Permission, DB Role: sysadmin, Status: Enabled","Server: A2PWPCISQL01, Database: Server Level Permission, DB Role: sysadmin, Status: Enabled",,Open,Peter Fictum (100254),Peter Fictum (100254),,
Vera Oshyna (427789),Entitlement,Database Access Review,Peter Fictum (100254),dc1\voshyna,Entitlement,"Server: P3PWBIGRPTSQL03, Database: Server Level Permission, DB Role: sysadmin, Status: Enabled, Via AD Group: Dev-web-eCommDB","Server: P3PWBIGRPTSQL03, Database: Server Level Permission, DB Role: sysadmin, Status: Enabled, Via AD Group: Dev-web-eCommDB",,Finished,Peter Fictum (100254),Hemanth Kumar Guntupalli (419032),"2/19/26, 12:06 AM",
goon_01j2ey6gfd49epgn7h92nmsvrv goon_01j2ey6gfd49epgn7h92nmsvrv (goon_01j2ey6gfd49epgn7h92nmsvrv),Entitlement,Database Access Review,Peter Fictum (100254),goon_01j2ey6gfd49epgn7h92nmsvrv,Entitlement,"Server: P3PWPSQL02, Database: gdMasterCatalog, DB Role: db_datawriter, Status: Enabled","Server: P3PWPSQL02, Database: gdMasterCatalog, DB Role: db_datawriter, Status: Enabled",Certification Items Revoked By Rachit Tanwar,Open,Peter Fictum (100254),Rachit Tanwar (440439),,
e8D61E915F63F4B e8D61E915F63F4B (e8D61E915F63F4B),Entitlement,Database Access Review,Peter Fictum (100254),e8d61e915f63f4b,Entitlement,"Server: A2PWDREVSQL02, Database: deferredRevenue_2020, DB Role: db_datawriter, Status: Enabled","Server: A2PWDREVSQL02, Database: deferredRevenue_2020, DB Role: db_datawriter, Status: Enabled",,Open,Peter Fictum (100254),Peter Fictum (100254),,
N1_q55F823628CCA4D N1_q55F823628CCA4D (N1_q55F823628CCA4D),Entitlement,Database Access Review,Peter Fictum (100254),n1_q55f823628cca4d,Entitlement,"Server: A2PWDREVSQL02, Database: deferredRevenue_2023, DB Role: db_datawriter, Status: Enabled","Server: A2PWDREVSQL02, Database: deferredRevenue_2023, DB Role: db_datawriter, Status: Enabled",,Open,Peter Fictum (100254),Peter Fictum (100254),,
dc1\msvc_q5k88m1dcb$ dc1\msvc_q5k88m1dcb$ (dc1\msvc_q5k88m1dcb$),Entitlement,Database Access Review,Peter Fictum (100254),dc1\msvc_q5k88m1dcb$,Entitlement,"Server: A2PWDREVSQL02, Database: deferredRevenue_2019, DB Role: db_datawriter, Status: Enabled","Server: A2PWDREVSQL02, Database: deferredRevenue_2019, DB Role: db_datawriter, Status: Enabled",Certification Items Revoked By Rachit Tanwar,Open,Peter Fictum (100254),Rachit Tanwar (440439),,
dc1\svcyzubtdtllnk62f dc1\svcyzubtdtllnk62f (dc1\svcyzubtdtllnk62f),Entitlement,Database Access Review,Peter Fictum (100254),dc1\svcyzubtdtllnk62f,Entitlement,"Server: P3PWACTSQL03, Database: Server Level Permission, DB Role: sysadmin, Status: Enabled","Server: P3PWACTSQL03, Database: Server Level Permission, DB Role: sysadmin, Status: Enabled",,Finished,Peter Fictum (100254),Peter Fictum (100254),"2/23/26, 5:05 PM",
e8D61E915F63F4B e8D61E915F63F4B (e8D61E915F63F4B),Entitlement,Database Access Review,Peter Fictum (100254),e8d61e915f63f4b,Entitlement,"Server: A2PWDREVSQL02, Database: deferredRevenue_2019, DB Role: db_datawriter, Status: Enabled","Server: A2PWDREVSQL02, Database: deferredRevenue_2019, DB Role: db_datawriter, Status: Enabled",,Open,Peter Fictum (100254),Peter Fictum (100254),,
g499A69A4AB5441 g499A69A4AB5441 (g499A69A4AB5441),Entitlement,Database Access Review,Peter Fictum (100254),g499a69a4ab5441,Entitlement,"Server: P3PWDREVSQL01, Database: deferredRevenue_xxxx, DB Role: db_owner, Status: Enabled","Server: P3PWDREVSQL01, Database: deferredRevenue_xxxx, DB Role: db_owner, Status: Enabled",,Open,Peter Fictum (100254),Peter Fictum (100254),,
N1_q55F823628CCA4D N1_q55F823628CCA4D (N1_q55F823628CCA4D),Entitlement,Database Access Review,Peter Fictum (100254),n1_q55f823628cca4d,Entitlement,"Server: P3PWDREVSQL01, Database: deferredRevenue_2011, DB Role: db_datawriter, Status: Enabled","Server: P3PWDREVSQL01, Database: deferredRevenue_2011, DB Role: db_datawriter, Status: Enabled",,Open,Peter Fictum (100254),Peter Fictum (100254),,
DC1\02d414pd4uaaA DC1\02d414pd4uaaA (DC1\02d414pd4uaaA),Entitlement,Database Access Review,Peter Fictum (100254),dc1\02d414pd4uaaa,Entitlement,"Server: A2PWACTSQL01, Database: GodaddyBilling, DB Role: db_owner, Status: Enabled","Server: A2PWACTSQL01, Database: GodaddyBilling, DB Role: db_owner, Status: Enabled",Refer to RITM2878181 for MSSQL Removal ticket.,Finished,Peter Fictum (100254),Brittany Randall (200303),"2/27/26, 9:03 PM",
g499A69A4AB5441 g499A69A4AB5441 (g499A69A4AB5441),Entitlement,Database Access Review,Peter Fictum (100254),g499a69a4ab5441,Entitlement,"Server: P3PWDREVSQL01, Database: deferredRevenue_2010, DB Role: db_owner, Status: Enabled","Server: P3PWDREVSQL01, Database: deferredRevenue_2010, DB Role: db_owner, Status: Enabled",,Open,Peter Fictum (100254),Peter Fictum (100254),,
goon_01hzg5v5ftkcf3bvc4gzrgwn9d goon_01hzg5v5ftkcf3bvc4gzrgwn9d (goon_01hzg5v5ftkcf3bvc4gzrgwn9d),Entitlement,Database Access Review,Peter Fictum (100254),goon_01hzg5v5ftkcf3bvc4gzrgwn9d,Entitlement,"Server: A2PWPSQL01, Database: gdInterCompanyReceipt, DB Role: db_datawriter, Status: Enabled","Server: A2PWPSQL01, Database: gdInterCompanyReceipt, DB Role: db_datawriter, Status: Enabled",Certification Items Revoked By Rachit Tanwar,Open,Peter Fictum (100254),Rachit Tanwar (440439),,
a8HN9Xm7HY6OWEa a8HN9Xm7HY6OWEa (a8HN9Xm7HY6OWEa),Entitlement,Database Access Review,Peter Fictum (100254),a8hn9xm7hy6owea,Entitlement,"Server: A2PWDREVSQL02, Database: deferredRevenue_2024, DB Role: db_datawriter, Status: Enabled","Server: A2PWDREVSQL02, Database: deferredRevenue_2024, DB Role: db_datawriter, Status: Enabled",,Open,Peter Fictum (100254),Peter Fictum (100254),,
N1_q55F823628CCA4D N1_q55F823628CCA4D (N1_q55F823628CCA4D),Entitlement,Database Access Review,Peter Fictum (100254),n1_q55f823628cca4d,Entitlement,"Server: A2PWDREVSQL02, Database: deferredRevenue_2018, DB Role: db_datawriter, Status: Enabled","Server: A2PWDREVSQL02, Database: deferredRevenue_2018, DB Role: db_datawriter, Status: Enabled",,Open,Peter Fictum (100254),Peter Fictum (100254),,
a8HN9Xm7HY6OWEa a8HN9Xm7HY6OWEa (a8HN9Xm7HY6OWEa),Entitlement,Database Access Review,Peter Fictum (100254),a8hn9xm7hy6owea,Entitlement,"Server: P3PWDREVSQL01, Database: deferredRevenue_2014, DB Role: db_datawriter, Status: Enabled","Server: P3PWDREVSQL01, Database: deferredRevenue_2014, DB Role: db_datawriter, Status: Enabled",,Open,Peter Fictum (100254),Peter Fictum (100254),,
goon_01j0trnjagv51zwg5bwdky8pan goon_01j0trnjagv51zwg5bwdky8pan (goon_01j0trnjagv51zwg5bwdky8pan),Entitlement,Database Access Review,Peter Fictum (100254),goon_01j0trnjagv51zwg5bwdky8pan,Entitlement,"Server: A2PWPSQL01, Database: GoDaddyCPL, DB Role: db_datawriter, Status: Enabled","Server: A2PWPSQL01, Database: GoDaddyCPL, DB Role: db_datawriter, Status: Enabled",Certification Items Revoked By Rachit Tanwar,Open,Peter Fictum (100254),Rachit Tanwar (440439),,
goon_01j1trt98wnqskxskyq7fek4wd goon_01j1trt98wnqskxskyq7fek4wd (goon_01j1trt98wnqskxskyq7fek4wd),Entitlement,Database Access Review,Peter Fictum (100254),goon_01j1trt98wnqskxskyq7fek4wd,Entitlement,"Server: P3PWPSQL02, Database: GoDaddy, DB Role: db_datawriter, Status: Enabled","Server: P3PWPSQL02, Database: GoDaddy, DB Role: db_datawriter, Status: Enabled",Certification Items Revoked By Rachit Tanwar,Open,Peter Fictum (100254),Rachit Tanwar (440439),,
dc1\edw_qa dc1\edw_qa (dc1\edw_qa),Entitlement,Database Access Review,Peter Fictum (100254),dc1\edw_qa,Entitlement,"Server: P3PWBIGRPTSQL04, Database: godaddyAccounting, DB Role: db_ddladmin, Status: Enabled","Server: P3PWBIGRPTSQL04, Database: godaddyAccounting, DB Role: db_ddladmin, Status: Enabled",,Finished,Peter Fictum (100254),Peter Fictum (100254),"2/27/26, 9:03 PM",
Ex9ajxlEd2Rsx4e Ex9ajxlEd2Rsx4e (Ex9ajxlEd2Rsx4e),Entitlement,Database Access Review,Peter Fictum (100254),ex9ajxled2rsx4e,Entitlement,"Server: A2PWDREVSQL02, Database: deferredRevenue_2019, DB Role: db_datawriter, Status: Enabled","Server: A2PWDREVSQL02, Database: deferredRevenue_2019, DB Role: db_datawriter, Status: Enabled",,Open,Peter Fictum (100254),Peter Fictum (100254),,
dc1\svcwxzkwrrrr8ifm8 dc1\svcwxzkwrrrr8ifm8 (dc1\svcwxzkwrrrr8ifm8),Entitlement,Database Access Review,Peter Fictum (100254),dc1\svcwxzkwrrrr8ifm8,Entitlement,"Server: P3PWRSKSQL04, Database: SQLcompliance, DB Role: db_owner, Status: Enabled","Server: P3PWRSKSQL04, Database: SQLcompliance, DB Role: db_owner, Status: Enabled",,Open,Peter Fictum (100254),Peter Fictum (100254),,
Ex9ajxlEd2Rsx4e Ex9ajxlEd2Rsx4e (Ex9ajxlEd2Rsx4e),Entitlement,Database Access Review,Peter Fictum (100254),ex9ajxled2rsx4e,Entitlement,"Server: P3PWDREVSQL01, Database: deferredRevenue_2011, DB Role: db_datawriter, Status: Enabled","Server: P3PWDREVSQL01, Database: deferredRevenue_2011, DB Role: db_datawriter, Status: Enabled",,Open,Peter Fictum (100254),Peter Fictum (100254),,
goon_01j1tr4zwaqk4asgstxy0mjn2k goon_01j1tr4zwaqk4asgstxy0mjn2k (goon_01j1tr4zwaqk4asgstxy0mjn2k),Entitlement,Database Access Review,Peter Fictum (100254),goon_01j1tr4zwaqk4asgstxy0mjn2k,Entitlement,"Server: P3PWPSQL02, Database: SSL, DB Role: db_datawriter, Status: Enabled","Server: P3PWPSQL02, Database: SSL, DB Role: db_datawriter, Status: Enabled",Certification Items Revoked By Rachit Tanwar,Open,Peter Fictum (100254),Rachit Tanwar (440439),,
Tianyi Guo (441705),Entitlement,Database Access Review,Peter Fictum (100254),dc1\tguo,Entitlement,"Server: P3PWPSQL02, Database: GoDaddy, DB Role: db_datawriter, Status: Enabled, Via AD Group: platapi","Server: P3PWPSQL02, Database: GoDaddy, DB Role: db_datawriter, Status: Enabled, Via AD Group: platapi",Certification Items Revoked By Rachit Tanwar,Finished,Peter Fictum (100254),Rachit Tanwar (440439),"2/23/26, 5:05 PM",
v6439CC82DF1541 v6439CC82DF1541 (v6439CC82DF1541),Entitlement,Database Access Review,Peter Fictum (100254),v6439cc82df1541,Entitlement,"Server: P3PWHYDRASQL02, Database: Server Level Permission, DB Role: sysadmin, Status: Enabled","Server: P3PWHYDRASQL02, Database: Server Level Permission, DB Role: sysadmin, Status: Enabled",,Open,Peter Fictum (100254),Peter Fictum (100254),,
N2_e9C7A90E3DB8448 N2_e9C7A90E3DB8448 (N2_e9C7A90E3DB8448),Entitlement,Database Access Review,Peter Fictum (100254),n2_e9c7a90e3db8448,Entitlement,"Server: A2PWDREVSQL02, Database: deferredRevenue_2024, DB Role: db_datawriter, Status: Enabled","Server: A2PWDREVSQL02, Database: deferredRevenue_2024, DB Role: db_datawriter, Status: Enabled",,Open,Peter Fictum (100254),Peter Fictum (100254),,
g499A69A4AB5441 g499A69A4AB5441 (g499A69A4AB5441),Entitlement,Database Access Review,Peter Fictum (100254),g499a69a4ab5441,Entitlement,"Server: P3PWDREVSQL01, Database: deferredRevenue_2018, DB Role: db_owner, Status: Enabled","Server: P3PWDREVSQL01, Database: deferredRevenue_2018, DB Role: db_owner, Status: Enabled",,Open,Peter Fictum (100254),Peter Fictum (100254),,
sCF19893A012066 sCF19893A012066 (sCF19893A012066),Entitlement,Database Access Review,Peter Fictum (100254),scf19893a012066,Entitlement,"Server: A2PWHYDRASQL01, Database: Server Level Permission, DB Role: sysadmin, Status: Enabled","Server: A2PWHYDRASQL01, Database: Server Level Permission, DB Role: sysadmin, Status: Enabled",,Open,Peter Fictum (100254),Peter Fictum (100254),,
DTNjRViyWcvwG1P DTNjRViyWcvwG1P (DTNjRViyWcvwG1P),Entitlement,Database Access Review,Peter Fictum (100254),dtnjrviywcvwg1p,Entitlement,"Server: P3PWPCISQL02, Database: Server Level Permission, DB Role: sysadmin, Status: Enabled","Server: P3PWPCISQL02, Database: Server Level Permission, DB Role: sysadmin, Status: Enabled",,Open,Peter Fictum (100254),Peter Fictum (100254),,
v6439CC82DF1541 v6439CC82DF1541 (v6439CC82DF1541),Entitlement,Database Access Review,Peter Fictum (100254),v6439cc82df1541,Entitlement,"Server: A2PWHYDRASQL01, Database: Server Level Permission, DB Role: sysadmin, Status: Enabled","Server: A2PWHYDRASQL01, Database: Server Level Permission, DB Role: sysadmin, Status: Enabled",,Open,Peter Fictum (100254),Peter Fictum (100254),,
e8D61E915F63F4B e8D61E915F63F4B (e8D61E915F63F4B),Entitlement,Database Access Review,Peter Fictum (100254),e8d61e915f63f4b,Entitlement,"Server: A2PWDREVSQL02, Database: deferredRevenue_2017, DB Role: db_datawriter, Status: Enabled","Server: A2PWDREVSQL02, Database: deferredRevenue_2017, DB Role: db_datawriter, Status: Enabled",,Open,Peter Fictum (100254),Peter Fictum (100254),,
omp90opki8u8nbg omp90opki8u8nbg (omp90opki8u8nbg),Entitlement,Database Access Review,Peter Fictum (100254),omp90opki8u8nbg,Entitlement,"Server: P3PWBIGRPTSQL04, Database: godaddyAccounting, DB Role: db_datawriter, Status: Enabled","Server: P3PWBIGRPTSQL04, Database: godaddyAccounting, DB Role: db_datawriter, Status: Enabled",,Finished,Peter Fictum (100254),Peter Fictum (100254),"2/27/26, 9:03 PM",
CHba4ITBZSjR0Aw CHba4ITBZSjR0Aw (CHba4ITBZSjR0Aw),Entitlement,Database Access Review,Peter Fictum (100254),chba4itbzsjr0aw,Entitlement,"Server: P3PWDREVSQL01, Database: deferredRevenue_2023, DB Role: db_datawriter, Status: Enabled","Server: P3PWDREVSQL01, Database: deferredRevenue_2023, DB Role: db_datawriter, Status: Enabled",,Open,Peter Fictum (100254),Peter Fictum (100254),,
a8HN9Xm7HY6OWEa a8HN9Xm7HY6OWEa (a8HN9Xm7HY6OWEa),Entitlement,Database Access Review,Peter Fictum (100254),a8hn9xm7hy6owea,Entitlement,"Server: A2PWDREVSQL02, Database: deferredRevenue_2008, DB Role: db_datawriter, Status: Enabled","Server: A2PWDREVSQL02, Database: deferredRevenue_2008, DB Role: db_datawriter, Status: Enabled",,Open,Peter Fictum (100254),Peter Fictum (100254),,
goon_01j1tr4zwaqk4asgstxy0mjn2k goon_01j1tr4zwaqk4asgstxy0mjn2k (goon_01j1tr4zwaqk4asgstxy0mjn2k),Entitlement,Database Access Review,Peter Fictum (100254),goon_01j1tr4zwaqk4asgstxy0mjn2k,Entitlement,"Server: A2PWPSQL01, Database: GoDaddyCPL, DB Role: db_datawriter, Status: Enabled","Server: A2PWPSQL01, Database: GoDaddyCPL, DB Role: db_datawriter, Status: Enabled",Certification Items Revoked By Rachit Tanwar,Open,Peter Fictum (100254),Rachit Tanwar (440439),,
dc1\msvc_q5k88m1dcb$ dc1\msvc_q5k88m1dcb$ (dc1\msvc_q5k88m1dcb$),Entitlement,Database Access Review,Peter Fictum (100254),dc1\msvc_q5k88m1dcb$,Entitlement,"Server: P3PWDREVSQL01, Database: deferredRevenue_2021, DB Role: db_datawriter, Status: Enabled","Server: P3PWDREVSQL01, Database: deferredRevenue_2021, DB Role: db_datawriter, Status: Enabled",Certification Items Revoked By Rachit Tanwar,Open,Peter Fictum (100254),Rachit Tanwar (440439),,
goon_03knekfnemnekf0283nf23n1nn goon_03knekfnemnekf0283nf23n1nn (goon_03knekfnemnekf0283nf23n1nn),Entitlement,Database Access Review,Peter Fictum (100254),goon_03knekfnemnekf0283nf23n1nn,Entitlement,"Server: A2PWPSQL01, Database: gdMasterCatalog, DB Role: db_datawriter, Status: Enabled","Server: A2PWPSQL01, Database: gdMasterCatalog, DB Role: db_datawriter, Status: Enabled",Certification Items Revoked By Rachit Tanwar,Open,Peter Fictum (100254),Rachit Tanwar (440439),,
e8D61E915F63F4B e8D61E915F63F4B (e8D61E915F63F4B),Entitlement,Database Access Review,Peter Fictum (100254),e8d61e915f63f4b,Entitlement,"Server: P3PWDREVSQL01, Database: deferredRevenue_2008, DB Role: db_datawriter, Status: Enabled","Server: P3PWDREVSQL01, Database: deferredRevenue_2008, DB Role: db_datawriter, Status: Enabled",,Open,Peter Fictum (100254),Peter Fictum (100254),,
Ex9ajxlEd2Rsx4e Ex9ajxlEd2Rsx4e (Ex9ajxlEd2Rsx4e),Entitlement,Database Access Review,Peter Fictum (100254),ex9ajxled2rsx4e,Entitlement,"Server: A2PWDREVSQL02, Database: deferredRevenue_2017, DB Role: db_datawriter, Status: Enabled","Server: A2PWDREVSQL02, Database: deferredRevenue_2017, DB Role: db_datawriter, Status: Enabled",,Open,Peter Fictum (100254),Peter Fictum (100254),,
r39EF07C3E73C42 r39EF07C3E73C42 (r39EF07C3E73C42),Entitlement,Database Access Review,Peter Fictum (100254),r39ef07c3e73c42,Entitlement,"Server: A2PWDREVSQL02, Database: deferredRevenue_2006, DB Role: db_datawriter, Status: Enabled","Server: A2PWDREVSQL02, Database: deferredRevenue_2006, DB Role: db_datawriter, Status: Enabled",,Open,Peter Fictum (100254),Peter Fictum (100254),,
goon_01j0trmc1cdex2zn5yff2em4d7 goon_01j0trmc1cdex2zn5yff2em4d7 (goon_01j0trmc1cdex2zn5yff2em4d7),Entitlement,Database Access Review,Peter Fictum (100254),goon_01j0trmc1cdex2zn5yff2em4d7,Entitlement,"Server: A2PWPSQL01, Database: GoDaddy, DB Role: db_datawriter, Status: Enabled","Server: A2PWPSQL01, Database: GoDaddy, DB Role: db_datawriter, Status: Enabled",Certification Items Revoked By Rachit Tanwar,Open,Peter Fictum (100254),Rachit Tanwar (440439),,
r39EF07C3E73C42 r39EF07C3E73C42 (r39EF07C3E73C42),Entitlement,Database Access Review,Peter Fictum (100254),r39ef07c3e73c42,Entitlement,"Server: P3PWDREVSQL01, Database: deferredRevenue_2007, DB Role: db_datawriter, Status: Enabled","Server: P3PWDREVSQL01, Database: deferredRevenue_2007, DB Role: db_datawriter, Status: Enabled",,Open,Peter Fictum (100254),Peter Fictum (100254),,
dc1\msvc_q5k88m1dcb$ dc1\msvc_q5k88m1dcb$ (dc1\msvc_q5k88m1dcb$),Entitlement,Database Access Review,Peter Fictum (100254),dc1\msvc_q5k88m1dcb$,Entitlement,"Server: A2PWDREVSQL02, Database: deferredRevenue_2021, DB Role: db_datawriter, Status: Enabled","Server: A2PWDREVSQL02, Database: deferredRevenue_2021, DB Role: db_datawriter, Status: Enabled",Certification Items Revoked By Rachit Tanwar,Open,Peter Fictum (100254),Rachit Tanwar (440439),,
an_etl_user an_etl_user (an_etl_user),Entitlement,Database Access Review,Peter Fictum (100254),an_etl_user,Entitlement,"Server: P3PWBIGRPTSQL03, Database: Server Level Permission, DB Role: bulkadmin, Status: Enabled","Server: P3PWBIGRPTSQL03, Database: Server Level Permission, DB Role: bulkadmin, Status: Enabled",Certification Items Revoked By Rachit Tanwar,Finished,Peter Fictum (100254),Rachit Tanwar (440439),"2/27/26, 9:03 PM",
Gregory Perschbacher (200307),Entitlement,Database Access Review,Peter Fictum (100254),dc1\gperschbacher,Entitlement,"Server: A2PWPSQL01, Database: godaddyBilling, DB Role: db_owner, Status: Enabled, Via AD Group: Dev-orion App","Server: A2PWPSQL01, Database: godaddyBilling, DB Role: db_owner, Status: Enabled, Via AD Group: Dev-orion App",,Finished,Peter Fictum (100254),Hemanth Kumar Guntupalli (419032),"2/23/26, 5:05 PM",
goon_01j1d6ks6wbrawe1gmpcthaqg1 goon_01j1d6ks6wbrawe1gmpcthaqg1 (goon_01j1d6ks6wbrawe1gmpcthaqg1),Entitlement,Database Access Review,Peter Fictum (100254),goon_01j1d6ks6wbrawe1gmpcthaqg1,Entitlement,"Server: P3PWPSQL02, Database: gdInterCompanyReceipt, DB Role: db_datawriter, Status: Enabled","Server: P3PWPSQL02, Database: gdInterCompanyReceipt, DB Role: db_datawriter, Status: Enabled",,Open,Peter Fictum (100254),Peter Fictum (100254),,
a8HN9Xm7HY6OWEa a8HN9Xm7HY6OWEa (a8HN9Xm7HY6OWEa),Entitlement,Database Access Review,Peter Fictum (100254),a8hn9xm7hy6owea,Entitlement,"Server: A2PWDREVSQL02, Database: deferredRevenue_2023, DB Role: db_datawriter, Status: Enabled","Server: A2PWDREVSQL02, Database: deferredRevenue_2023, DB Role: db_datawriter, Status: Enabled",,Open,Peter Fictum (100254),Peter Fictum (100254),,
LinkServer_User LinkServer_User (LinkServer_User),Entitlement,Database Access Review,Peter Fictum (100254),linkserver_user,Entitlement,"Server: P3PWBIGRPTSQL04, Database: Server Level Permission, DB Role: sysadmin, Status: Enabled","Server: P3PWBIGRPTSQL04, Database: Server Level Permission, DB Role: sysadmin, Status: Enabled",,Finished,Peter Fictum (100254),Peter Fictum (100254),"2/27/26, 9:03 PM",
Ex9ajxlEd2Rsx4e Ex9ajxlEd2Rsx4e (Ex9ajxlEd2Rsx4e),Entitlement,Database Access Review,Peter Fictum (100254),ex9ajxled2rsx4e,Entitlement,"Server: P3PWDREVSQL01, Database: deferredRevenue_2009, DB Role: db_datawriter, Status: Enabled","Server: P3PWDREVSQL01, Database: deferredRevenue_2009, DB Role: db_datawriter, Status: Enabled",,Open,Peter Fictum (100254),Peter Fictum (100254),,
an_etl_user an_etl_user (an_etl_user),Entitlement,Database Access Review,Peter Fictum (100254),an_etl_user,Entitlement,"Server: P3PWBIGRPTSQL04, Database: Server Level Permission, DB Role: bulkadmin, Status: Enabled","Server: P3PWBIGRPTSQL04, Database: Server Level Permission, DB Role: bulkadmin, Status: Enabled",Certification Items Revoked By Rachit Tanwar,Finished,Peter Fictum (100254),Rachit Tanwar (440439),"2/27/26, 9:03 PM",
dc1\msvc_q5k88m1dcb$ dc1\msvc_q5k88m1dcb$ (dc1\msvc_q5k88m1dcb$),Entitlement,Database Access Review,Peter Fictum (100254),dc1\msvc_q5k88m1dcb$,Entitlement,"Server: P3PWDREVSQL01, Database: deferredRevenue_2007, DB Role: db_datawriter, Status: Enabled","Server: P3PWDREVSQL01, Database: deferredRevenue_2007, DB Role: db_datawriter, Status: Enabled",Certification Items Revoked By Rachit Tanwar,Open,Peter Fictum (100254),Rachit Tanwar (440439),,
dc1\msvc_q5k88m1dcb$ dc1\msvc_q5k88m1dcb$ (dc1\msvc_q5k88m1dcb$),Entitlement,Database Access Review,Peter Fictum (100254),dc1\msvc_q5k88m1dcb$,Entitlement,"Server: P3PWDREVSQL01, Database: deferredRevenue_2024, DB Role: db_datawriter, Status: Enabled","Server: P3PWDREVSQL01, Database: deferredRevenue_2024, DB Role: db_datawriter, Status: Enabled",Certification Items Revoked By Rachit Tanwar,Open,Peter Fictum (100254),Rachit Tanwar (440439),,
goon_01j2ey6gfd49epgn7h92nmsvrv goon_01j2ey6gfd49epgn7h92nmsvrv (goon_01j2ey6gfd49epgn7h92nmsvrv),Entitlement,Database Access Review,Peter Fictum (100254),goon_01j2ey6gfd49epgn7h92nmsvrv,Entitlement,"Server: A2PWPSQL01, Database: GoDaddy, DB Role: db_datawriter, Status: Enabled","Server: A2PWPSQL01, Database: GoDaddy, DB Role: db_datawriter, Status: Enabled",Certification Items Revoked By Rachit Tanwar,Open,Peter Fictum (100254),Rachit Tanwar (440439),,
e8D61E915F63F4B e8D61E915F63F4B (e8D61E915F63F4B),Entitlement,Database Access Review,Peter Fictum (100254),e8d61e915f63f4b,Entitlement,"Server: P3PWDREVSQL01, Database: deferredRevenue_2006, DB Role: db_datawriter, Status: Enabled","Server: P3PWDREVSQL01, Database: deferredRevenue_2006, DB Role: db_datawriter, Status: Enabled",,Open,Peter Fictum (100254),Peter Fictum (100254),,
goon_01j1fpanf692rtz7k14a73mdpr goon_01j1fpanf692rtz7k14a73mdpr (goon_01j1fpanf692rtz7k14a73mdpr),Entitlement,Database Access Review,Peter Fictum (100254),goon_01j1fpanf692rtz7k14a73mdpr,Entitlement,"Server: P3PWPSQL02, Database: gdMasterPromo, DB Role: db_datawriter, Status: Enabled","Server: P3PWPSQL02, Database: gdMasterPromo, DB Role: db_datawriter, Status: Enabled",Certification Items Revoked By Rachit Tanwar,Open,Peter Fictum (100254),Rachit Tanwar (440439),,
r39EF07C3E73C42 r39EF07C3E73C42 (r39EF07C3E73C42),Entitlement,Database Access Review,Peter Fictum (100254),r39ef07c3e73c42,Entitlement,"Server: A2PWDREVSQL02, Database: deferredRevenue_2024, DB Role: db_datawriter, Status: Enabled","Server: A2PWDREVSQL02, Database: deferredRevenue_2024, DB Role: db_datawriter, Status: Enabled",,Open,Peter Fictum (100254),Peter Fictum (100254),,
goon_01j1trt98wnqskxskyq7fek4wd goon_01j1trt98wnqskxskyq7fek4wd (goon_01j1trt98wnqskxskyq7fek4wd),Entitlement,Database Access Review,Peter Fictum (100254),goon_01j1trt98wnqskxskyq7fek4wd,Entitlement,"Server: P3PWPSQL02, Database: gdMasterPromo, DB Role: db_datawriter, Status: Enabled","Server: P3PWPSQL02, Database: gdMasterPromo, DB Role: db_datawriter, Status: Enabled",Certification Items Revoked By Rachit Tanwar,Open,Peter Fictum (100254),Rachit Tanwar (440439),,
n05A4824586384F n05A4824586384F (n05A4824586384F),Entitlement,Database Access Review,Peter Fictum (100254),n05a4824586384f,Entitlement,"Server: P3PWHYDRASQL02, Database: Server Level Permission, DB Role: sysadmin, Status: Enabled","Server: P3PWHYDRASQL02, Database: Server Level Permission, DB Role: sysadmin, Status: Enabled",,Open,Peter Fictum (100254),Peter Fictum (100254),,
Vera Oshyna (427789),Entitlement,Database Access Review,Peter Fictum (100254),dc1\voshyna,Entitlement,"Server: A2PWPCISQL01, Database: Server Level Permission, DB Role: sysadmin, Status: Enabled, Via AD Group: Dev-Web-eCommDB","Server: A2PWPCISQL01, Database: Server Level Permission, DB Role: sysadmin, Status: Enabled, Via AD Group: Dev-Web-eCommDB",,Finished,Peter Fictum (100254),Hemanth Kumar Guntupalli (419032),"2/19/26, 12:06 AM",
g6f789iuhy676g6 g6f789iuhy676g6 (g6f789iuhy676g6),Entitlement,Database Access Review,Peter Fictum (100254),g6f789iuhy676g6,Entitlement,"Server: P3PWBIGRPTSQL04, Database: godaddyAccounting, DB Role: db_datawriter, Status: Enabled","Server: P3PWBIGRPTSQL04, Database: godaddyAccounting, DB Role: db_datawriter, Status: Enabled",,Finished,Peter Fictum (100254),Peter Fictum (100254),"2/27/26, 9:03 PM",
GPAdmin GPAdmin (GPAdmin),Entitlement,Database Access Review,Peter Fictum (100254),gpadmin,Entitlement,"Server: P3PWHYDRASQL02, Database: Server Level Permission, DB Role: sysadmin, Status: Enabled","Server: P3PWHYDRASQL02, Database: Server Level Permission, DB Role: sysadmin, Status: Enabled",,Open,Peter Fictum (100254),Peter Fictum (100254),,
dc1\msvc_dsw0wm918b$ dc1\msvc_dsw0wm918b$ (dc1\msvc_dsw0wm918b$),Entitlement,Database Access Review,Peter Fictum (100254),dc1\msvc_dsw0wm918b$,Entitlement,"Server: A2PWHYDRASQL01, Database: Server Level Permission, DB Role: securityadmin, Status: Enabled, Via AD Group: GAAP_SSO_Admin","Server: A2PWHYDRASQL01, Database: Server Level Permission, DB Role: securityadmin, Status: Enabled, Via AD Group: GAAP_SSO_Admin",Certification Items Revoked By Rachit Tanwar,Finished,Peter Fictum (100254),Rachit Tanwar (440439),"2/23/26, 5:05 PM",
N2_e9C7A90E3DB8448 N2_e9C7A90E3DB8448 (N2_e9C7A90E3DB8448),Entitlement,Database Access Review,Peter Fictum (100254),n2_e9c7a90e3db8448,Entitlement,"Server: A2PWDREVSQL02, Database: deferredRevenue_2012, DB Role: db_datawriter, Status: Enabled","Server: A2PWDREVSQL02, Database: deferredRevenue_2012, DB Role: db_datawriter, Status: Enabled",,Open,Peter Fictum (100254),Peter Fictum (100254),,
N1_q55F823628CCA4D N1_q55F823628CCA4D (N1_q55F823628CCA4D),Entitlement,Database Access Review,Peter Fictum (100254),n1_q55f823628cca4d,Entitlement,"Server: A2PWDREVSQL02, Database: deferredRevenue_2020, DB Role: db_datawriter, Status: Enabled","Server: A2PWDREVSQL02, Database: deferredRevenue_2020, DB Role: db_datawriter, Status: Enabled",,Open,Peter Fictum (100254),Peter Fictum (100254),,
dc1\msvc_q5k88m1dcb$ dc1\msvc_q5k88m1dcb$ (dc1\msvc_q5k88m1dcb$),Entitlement,Database Access Review,Peter Fictum (100254),dc1\msvc_q5k88m1dcb$,Entitlement,"Server: P3PWDREVSQL01, Database: deferredRevenue_2012, DB Role: db_datawriter, Status: Enabled","Server: P3PWDREVSQL01, Database: deferredRevenue_2012, DB Role: db_datawriter, Status: Enabled",Certification Items Revoked By Rachit Tanwar,Open,Peter Fictum (100254),Rachit Tanwar (440439),,
goon_01j2ey6gfd49epgn7h92nmsvrv goon_01j2ey6gfd49epgn7h92nmsvrv (goon_01j2ey6gfd49epgn7h92nmsvrv),Entitlement,Database Access Review,Peter Fictum (100254),goon_01j2ey6gfd49epgn7h92nmsvrv,Entitlement,"Server: P3PWPSQL02, Database: merchantAccounts, DB Role: db_datawriter, Status: Enabled","Server: P3PWPSQL02, Database: merchantAccounts, DB Role: db_datawriter, Status: Enabled",Certification Items Revoked By Rachit Tanwar,Open,Peter Fictum (100254),Rachit Tanwar (440439),,
CHba4ITBZSjR0Aw CHba4ITBZSjR0Aw (CHba4ITBZSjR0Aw),Entitlement,Database Access Review,Peter Fictum (100254),chba4itbzsjr0aw,Entitlement,"Server: A2PWDREVSQL02, Database: deferredRevenue_2021, DB Role: db_datawriter, Status: Enabled","Server: A2PWDREVSQL02, Database: deferredRevenue_2021, DB Role: db_datawriter, Status: Enabled",,Open,Peter Fictum (100254),Peter Fictum (100254),,
r39EF07C3E73C42 r39EF07C3E73C42 (r39EF07C3E73C42),Entitlement,Database Access Review,Peter Fictum (100254),r39ef07c3e73c42,Entitlement,"Server: A2PWDREVSQL02, Database: deferredRevenue_xxxx, DB Role: db_datawriter, Status: Enabled","Server: A2PWDREVSQL02, Database: deferredRevenue_xxxx, DB Role: db_datawriter, Status: Enabled",,Open,Peter Fictum (100254),Peter Fictum (100254),,
goon_01j1trtjmdjgs87htfpp485dbs goon_01j1trtjmdjgs87htfpp485dbs (goon_01j1trtjmdjgs87htfpp485dbs),Entitlement,Database Access Review,Peter Fictum (100254),goon_01j1trtjmdjgs87htfpp485dbs,Entitlement,"Server: A2PWPSQL01, Database: GoDaddyCPL, DB Role: db_datawriter, Status: Enabled","Server: A2PWPSQL01, Database: GoDaddyCPL, DB Role: db_datawriter, Status: Enabled",Certification Items Revoked By Rachit Tanwar,Open,Peter Fictum (100254),Rachit Tanwar (440439),,
e8D61E915F63F4B e8D61E915F63F4B (e8D61E915F63F4B),Entitlement,Database Access Review,Peter Fictum (100254),e8d61e915f63f4b,Entitlement,"Server: P3PWDREVSQL01, Database: deferredRevenue_2017, DB Role: db_datawriter, Status: Enabled","Server: P3PWDREVSQL01, Database: deferredRevenue_2017, DB Role: db_datawriter, Status: Enabled",,Open,Peter Fictum (100254),Peter Fictum (100254),,
N2_e9C7A90E3DB8448 N2_e9C7A90E3DB8448 (N2_e9C7A90E3DB8448),Entitlement,Database Access Review,Peter Fictum (100254),n2_e9c7a90e3db8448,Entitlement,"Server: A2PWDREVSQL02, Database: deferredRevenue_xxxx, DB Role: db_datawriter, Status: Enabled","Server: A2PWDREVSQL02, Database: deferredRevenue_xxxx, DB Role: db_datawriter, Status: Enabled",,Open,Peter Fictum (100254),Peter Fictum (100254),,
Jacob Brooks (403672),Entitlement,Database Access Review,Peter Fictum (100254),dc1\jbrooks2,Entitlement,"Server: A2PWPSQL01, Database: GoDaddy, DB Role: db_ddladmin, Status: Enabled, Via AD Group: platapi","Server: A2PWPSQL01, Database: GoDaddy, DB Role: db_ddladmin, Status: Enabled, Via AD Group: platapi",Certification Items Revoked By Rachit Tanwar,Finished,Peter Fictum (100254),Rachit Tanwar (440439),"2/23/26, 5:05 PM",
g499A69A4AB5441 g499A69A4AB5441 (g499A69A4AB5441),Entitlement,Database Access Review,Peter Fictum (100254),g499a69a4ab5441,Entitlement,"Server: P3PWDREVSQL01, Database: deferredRevenue_2020, DB Role: db_owner, Status: Enabled","Server: P3PWDREVSQL01, Database: deferredRevenue_2020, DB Role: db_owner, Status: Enabled",,Open,Peter Fictum (100254),Peter Fictum (100254),,
g499A69A4AB5441 g499A69A4AB5441 (g499A69A4AB5441),Entitlement,Database Access Review,Peter Fictum (100254),g499a69a4ab5441,Entitlement,"Server: P3PWDREVSQL01, Database: deferredRevenue_2021, DB Role: db_owner, Status: Enabled","Server: P3PWDREVSQL01, Database: deferredRevenue_2021, DB Role: db_owner, Status: Enabled",,Open,Peter Fictum (100254),Peter Fictum (100254),,
Qiong Wu (412584),Entitlement,Database Access Review,Peter Fictum (100254),dc1\qwu,Entitlement,"Server: A2PWDREVSQL02, Database: deferredRevenue_2023, DB Role: db_owner, Status: Enabled","Server: A2PWDREVSQL02, Database: deferredRevenue_2023, DB Role: db_owner, Status: Enabled",,Open,Peter Fictum (100254),Bryan Focht (202136),,
g499A69A4AB5441 g499A69A4AB5441 (g499A69A4AB5441),Entitlement,Database Access Review,Peter Fictum (100254),g499a69a4ab5441,Entitlement,"Server: A2PWDREVSQL02, Database: deferredRevenue_2015, DB Role: db_owner, Status: Enabled","Server: A2PWDREVSQL02, Database: deferredRevenue_2015, DB Role: db_owner, Status: Enabled",,Open,Peter Fictum (100254),Peter Fictum (100254),,
nMo0jUb56543Csa nMo0jUb56543Csa (nMo0jUb56543Csa),Entitlement,Database Access Review,Peter Fictum (100254),nmo0jub56543csa,Entitlement,"Server: P3PWPSQL02, Database: gdMasterPromo, DB Role: db_datawriter, Status: Enabled","Server: P3PWPSQL02, Database: gdMasterPromo, DB Role: db_datawriter, Status: Enabled",Certification Items Revoked By Rachit Tanwar,Open,Peter Fictum (100254),Rachit Tanwar (440439),,
goon_01hzg5v5ftkcf3bvc4gzrgwn9d goon_01hzg5v5ftkcf3bvc4gzrgwn9d (goon_01hzg5v5ftkcf3bvc4gzrgwn9d),Entitlement,Database Access Review,Peter Fictum (100254),goon_01hzg5v5ftkcf3bvc4gzrgwn9d,Entitlement,"Server: P3PWPSQL02, Database: merchantAccounts, DB Role: db_datawriter, Status: Enabled","Server: P3PWPSQL02, Database: merchantAccounts, DB Role: db_datawriter, Status: Enabled",Certification Items Revoked By Rachit Tanwar,Open,Peter Fictum (100254),Rachit Tanwar (440439),,
Michael Lederer (420137),Entitlement,Database Access Review,Peter Fictum (100254),dc1\mlederer1,Entitlement,"Server: P3PWBIGRPTSQL03, Database: Server Level Permission, DB Role: sysadmin, Status: Enabled","Server: P3PWBIGRPTSQL03, Database: Server Level Permission, DB Role: sysadmin, Status: Enabled",Certification Items Revoked By Rachit Tanwar,Finished,Peter Fictum (100254),Rachit Tanwar (440439),"2/27/26, 9:03 PM",
Ex9ajxlEd2Rsx4e Ex9ajxlEd2Rsx4e (Ex9ajxlEd2Rsx4e),Entitlement,Database Access Review,Peter Fictum (100254),ex9ajxled2rsx4e,Entitlement,"Server: P3PWDREVSQL01, Database: deferredRevenue_2017, DB Role: db_datawriter, Status: Enabled","Server: P3PWDREVSQL01, Database: deferredRevenue_2017, DB Role: db_datawriter, Status: Enabled",,Open,Peter Fictum (100254),Peter Fictum (100254),,
goon_01j1d6ks6wbrawe1gmpcthaqg1 goon_01j1d6ks6wbrawe1gmpcthaqg1 (goon_01j1d6ks6wbrawe1gmpcthaqg1),Entitlement,Database Access Review,Peter Fictum (100254),goon_01j1d6ks6wbrawe1gmpcthaqg1,Entitlement,"Server: A2PWPSQL01, Database: gdInterCompanyReceipt, DB Role: db_datawriter, Status: Enabled","Server: A2PWPSQL01, Database: gdInterCompanyReceipt, DB Role: db_datawriter, Status: Enabled",,Open,Peter Fictum (100254),Peter Fictum (100254),,
e8D61E915F63F4B e8D61E915F63F4B (e8D61E915F63F4B),Entitlement,Database Access Review,Peter Fictum (100254),e8d61e915f63f4b,Entitlement,"Server: P3PWDREVSQL01, Database: deferredRevenue_xxxx, DB Role: db_datawriter, Status: Enabled","Server: P3PWDREVSQL01, Database: deferredRevenue_xxxx, DB Role: db_datawriter, Status: Enabled",,Open,Peter Fictum (100254),Peter Fictum (100254),,
n72A854B8C0D74D n72A854B8C0D74D (n72A854B8C0D74D),Entitlement,Database Access Review,Peter Fictum (100254),n72a854b8c0d74d,Entitlement,"Server: A2PWHYDRASQL01, Database: Server Level Permission, DB Role: sysadmin, Status: Enabled","Server: A2PWHYDRASQL01, Database: Server Level Permission, DB Role: sysadmin, Status: Enabled",,Finished,Peter Fictum (100254),Peter Fictum (100254),"2/19/26, 10:23 AM",
Ex9ajxlEd2Rsx4e Ex9ajxlEd2Rsx4e (Ex9ajxlEd2Rsx4e),Entitlement,Database Access Review,Peter Fictum (100254),ex9ajxled2rsx4e,Entitlement,"Server: A2PWDREVSQL02, Database: deferredRevenue_2008, DB Role: db_datawriter, Status: Enabled","Server: A2PWDREVSQL02, Database: deferredRevenue_2008, DB Role: db_datawriter, Status: Enabled",,Open,Peter Fictum (100254),Peter Fictum (100254),,
e8D61E915F63F4B e8D61E915F63F4B (e8D61E915F63F4B),Entitlement,Database Access Review,Peter Fictum (100254),e8d61e915f63f4b,Entitlement,"Server: A2PWDREVSQL02, Database: deferredRevenue_2007, DB Role: db_datawriter, Status: Enabled","Server: A2PWDREVSQL02, Database: deferredRevenue_2007, DB Role: db_datawriter, Status: Enabled",,Open,Peter Fictum (100254),Peter Fictum (100254),,
goon_01j1trtjmdjgs87htfpp485dbs goon_01j1trtjmdjgs87htfpp485dbs (goon_01j1trtjmdjgs87htfpp485dbs),Entitlement,Database Access Review,Peter Fictum (100254),goon_01j1trtjmdjgs87htfpp485dbs,Entitlement,"Server: P3PWPSQL02, Database: GoDaddy, DB Role: db_datawriter, Status: Enabled","Server: P3PWPSQL02, Database: GoDaddy, DB Role: db_datawriter, Status: Enabled",Certification Items Revoked By Rachit Tanwar,Open,Peter Fictum (100254),Rachit Tanwar (440439),,
dc1\msvc_q5k88m1dcb$ dc1\msvc_q5k88m1dcb$ (dc1\msvc_q5k88m1dcb$),Entitlement,Database Access Review,Peter Fictum (100254),dc1\msvc_q5k88m1dcb$,Entitlement,"Server: P3PWDREVSQL01, Database: deferredRevenue_2013, DB Role: db_datawriter, Status: Enabled","Server: P3PWDREVSQL01, Database: deferredRevenue_2013, DB Role: db_datawriter, Status: Enabled",Certification Items Revoked By Rachit Tanwar,Open,Peter Fictum (100254),Rachit Tanwar (440439),,
CHba4ITBZSjR0Aw CHba4ITBZSjR0Aw (CHba4ITBZSjR0Aw),Entitlement,Database Access Review,Peter Fictum (100254),chba4itbzsjr0aw,Entitlement,"Server: A2PWDREVSQL02, Database: deferredRevenue_2012, DB Role: db_datawriter, Status: Enabled","Server: A2PWDREVSQL02, Database: deferredRevenue_2012, DB Role: db_datawriter, Status: Enabled",,Open,Peter Fictum (100254),Peter Fictum (100254),,
goon_01j1trtjmdjgs87htfpp485dbs goon_01j1trtjmdjgs87htfpp485dbs (goon_01j1trtjmdjgs87htfpp485dbs),Entitlement,Database Access Review,Peter Fictum (100254),goon_01j1trtjmdjgs87htfpp485dbs,Entitlement,"Server: A2PWPSQL01, Database: merchantAccounts, DB Role: db_datawriter, Status: Enabled","Server: A2PWPSQL01, Database: merchantAccounts, DB Role: db_datawriter, Status: Enabled",Certification Items Revoked By Rachit Tanwar,Open,Peter Fictum (100254),Rachit Tanwar (440439),,
Qiong Wu (412584),Entitlement,Database Access Review,Peter Fictum (100254),dc1\qwu,Entitlement,"Server: P3PWDREVSQL01, Database: deferredRevenue_2025, DB Role: db_owner, Status: Enabled","Server: P3PWDREVSQL01, Database: deferredRevenue_2025, DB Role: db_owner, Status: Enabled",,Open,Peter Fictum (100254),Bryan Focht (202136),,
dc1\msvc_q5k88m1dcb$ dc1\msvc_q5k88m1dcb$ (dc1\msvc_q5k88m1dcb$),Entitlement,Database Access Review,Peter Fictum (100254),dc1\msvc_q5k88m1dcb$,Entitlement,"Server: A2PWPSQL01, Database: godaddyBilling, DB Role: db_datawriter, Status: Enabled","Server: A2PWPSQL01, Database: godaddyBilling, DB Role: db_datawriter, Status: Enabled",Certification Items Revoked By Rachit Tanwar,Open,Peter Fictum (100254),Rachit Tanwar (440439),,
dc1\edw_qa dc1\edw_qa (dc1\edw_qa),Entitlement,Database Access Review,Peter Fictum (100254),dc1\edw_qa,Entitlement,"Server: P3PWBIGRPTSQL03, Database: godaddyAccounting, DB Role: db_ddladmin, Status: Enabled","Server: P3PWBIGRPTSQL03, Database: godaddyAccounting, DB Role: db_ddladmin, Status: Enabled",,Finished,Peter Fictum (100254),Peter Fictum (100254),"2/27/26, 9:03 PM",
goon_01j0trmc1cdex2zn5yff2em4d7 goon_01j0trmc1cdex2zn5yff2em4d7 (goon_01j0trmc1cdex2zn5yff2em4d7),Entitlement,Database Access Review,Peter Fictum (100254),goon_01j0trmc1cdex2zn5yff2em4d7,Entitlement,"Server: P3PWPSQL02, Database: SSL, DB Role: db_datawriter, Status: Enabled","Server: P3PWPSQL02, Database: SSL, DB Role: db_datawriter, Status: Enabled",Certification Items Revoked By Rachit Tanwar,Open,Peter Fictum (100254),Rachit Tanwar (440439),,
DTNjRViyWcvwG1P DTNjRViyWcvwG1P (DTNjRViyWcvwG1P),Entitlement,Database Access Review,Peter Fictum (100254),dtnjrviywcvwg1p,Entitlement,"Server: A2PWPCISQL01, Database: Server Level Permission, DB Role: sysadmin, Status: Enabled","Server: A2PWPCISQL01, Database: Server Level Permission, DB Role: sysadmin, Status: Enabled",,Open,Peter Fictum (100254),Peter Fictum (100254),,
r39EF07C3E73C42 r39EF07C3E73C42 (r39EF07C3E73C42),Entitlement,Database Access Review,Peter Fictum (100254),r39ef07c3e73c42,Entitlement,"Server: A2PWDREVSQL02, Database: deferredRevenue_2017, DB Role: db_datawriter, Status: Enabled","Server: A2PWDREVSQL02, Database: deferredRevenue_2017, DB Role: db_datawriter, Status: Enabled",,Open,Peter Fictum (100254),Peter Fictum (100254),,
r39EF07C3E73C42 r39EF07C3E73C42 (r39EF07C3E73C42),Entitlement,Database Access Review,Peter Fictum (100254),r39ef07c3e73c42,Entitlement,"Server: A2PWDREVSQL02, Database: deferredRevenue_2008, DB Role: db_datawriter, Status: Enabled","Server: A2PWDREVSQL02, Database: deferredRevenue_2008, DB Role: db_datawriter, Status: Enabled",,Open,Peter Fictum (100254),Peter Fictum (100254),,
r39EF07C3E73C42 r39EF07C3E73C42 (r39EF07C3E73C42),Entitlement,Database Access Review,Peter Fictum (100254),r39ef07c3e73c42,Entitlement,"Server: A2PWDREVSQL02, Database: deferredRevenue_2019, DB Role: db_datawriter, Status: Enabled","Server: A2PWDREVSQL02, Database: deferredRevenue_2019, DB Role: db_datawriter, Status: Enabled",,Open,Peter Fictum (100254),Peter Fictum (100254),,
CHba4ITBZSjR0Aw CHba4ITBZSjR0Aw (CHba4ITBZSjR0Aw),Entitlement,Database Access Review,Peter Fictum (100254),chba4itbzsjr0aw,Entitlement,"Server: P3PWDREVSQL01, Database: deferredRevenue_2014, DB Role: db_datawriter, Status: Enabled","Server: P3PWDREVSQL01, Database: deferredRevenue_2014, DB Role: db_datawriter, Status: Enabled",,Open,Peter Fictum (100254),Peter Fictum (100254),,
goon_01j0trnjagv51zwg5bwdky8pan goon_01j0trnjagv51zwg5bwdky8pan (goon_01j0trnjagv51zwg5bwdky8pan),Entitlement,Database Access Review,Peter Fictum (100254),goon_01j0trnjagv51zwg5bwdky8pan,Entitlement,"Server: P3PWPSQL02, Database: godaddyBilling, DB Role: db_datawriter, Status: Enabled","Server: P3PWPSQL02, Database: godaddyBilling, DB Role: db_datawriter, Status: Enabled",Certification Items Revoked By Rachit Tanwar,Open,Peter Fictum (100254),Rachit Tanwar (440439),,
N2_e9C7A90E3DB8448 N2_e9C7A90E3DB8448 (N2_e9C7A90E3DB8448),Entitlement,Database Access Review,Peter Fictum (100254),n2_e9c7a90e3db8448,Entitlement,"Server: P3PWDREVSQL01, Database: deferredRevenue_2018, DB Role: db_datawriter, Status: Enabled","Server: P3PWDREVSQL01, Database: deferredRevenue_2018, DB Role: db_datawriter, Status: Enabled",,Open,Peter Fictum (100254),Peter Fictum (100254),,
CHba4ITBZSjR0Aw CHba4ITBZSjR0Aw (CHba4ITBZSjR0Aw),Entitlement,Database Access Review,Peter Fictum (100254),chba4itbzsjr0aw,Entitlement,"Server: A2PWDREVSQL02, Database: deferredRevenue_xxxx, DB Role: db_datawriter, Status: Enabled","Server: A2PWDREVSQL02, Database: deferredRevenue_xxxx, DB Role: db_datawriter, Status: Enabled",,Open,Peter Fictum (100254),Peter Fictum (100254),,
goon_01j0trnjagv51zwg5bwdky8pan goon_01j0trnjagv51zwg5bwdky8pan (goon_01j0trnjagv51zwg5bwdky8pan),Entitlement,Database Access Review,Peter Fictum (100254),goon_01j0trnjagv51zwg5bwdky8pan,Entitlement,"Server: P3PWPSQL02, Database: gdMasterPromo, DB Role: db_datawriter, Status: Enabled","Server: P3PWPSQL02, Database: gdMasterPromo, DB Role: db_datawriter, Status: Enabled",Certification Items Revoked By Rachit Tanwar,Open,Peter Fictum (100254),Rachit Tanwar (440439),,
r39EF07C3E73C42 r39EF07C3E73C42 (r39EF07C3E73C42),Entitlement,Database Access Review,Peter Fictum (100254),r39ef07c3e73c42,Entitlement,"Server: P3PWDREVSQL01, Database: deferredRevenue_2023, DB Role: db_datawriter, Status: Enabled","Server: P3PWDREVSQL01, Database: deferredRevenue_2023, DB Role: db_datawriter, Status: Enabled",,Open,Peter Fictum (100254),Peter Fictum (100254),,
Sumit Kumar Jha (443454),Entitlement,Database Access Review,Peter Fictum (100254),dc1\sjha1,Entitlement,"Server: P3PWBIGRPTSQL03, Database: godaddyAccounting, DB Role: db_securityadmin, Status: Enabled, Via AD Group: ENG-TechRisk","Server: P3PWBIGRPTSQL03, Database: godaddyAccounting, DB Role: db_securityadmin, Status: Enabled, Via AD Group: ENG-TechRisk",,Finished,Peter Fictum (100254),Akshay Grover (416163),"2/23/26, 5:05 PM",
CHba4ITBZSjR0Aw CHba4ITBZSjR0Aw (CHba4ITBZSjR0Aw),Entitlement,Database Access Review,Peter Fictum (100254),chba4itbzsjr0aw,Entitlement,"Server: P3PWDREVSQL01, Database: deferredRevenue_2024, DB Role: db_datawriter, Status: Enabled","Server: P3PWDREVSQL01, Database: deferredRevenue_2024, DB Role: db_datawriter, Status: Enabled",,Open,Peter Fictum (100254),Peter Fictum (100254),,
e8D61E915F63F4B e8D61E915F63F4B (e8D61E915F63F4B),Entitlement,Database Access Review,Peter Fictum (100254),e8d61e915f63f4b,Entitlement,"Server: P3PWDREVSQL01, Database: deferredRevenue_2022, DB Role: db_datawriter, Status: Enabled","Server: P3PWDREVSQL01, Database: deferredRevenue_2022, DB Role: db_datawriter, Status: Enabled",,Open,Peter Fictum (100254),Peter Fictum (100254),,
goon_01j1tr4k2av6ns00594p32xfsw goon_01j1tr4k2av6ns00594p32xfsw (goon_01j1tr4k2av6ns00594p32xfsw),Entitlement,Database Access Review,Peter Fictum (100254),goon_01j1tr4k2av6ns00594p32xfsw,Entitlement,"Server: A2PWPSQL01, Database: godaddyBilling, DB Role: db_datawriter, Status: Enabled","Server: A2PWPSQL01, Database: godaddyBilling, DB Role: db_datawriter, Status: Enabled",Certification Items Revoked By Rachit Tanwar,Open,Peter Fictum (100254),Rachit Tanwar (440439),,
DC1\02d414pd4uaaA DC1\02d414pd4uaaA (DC1\02d414pd4uaaA),Entitlement,Database Access Review,Peter Fictum (100254),dc1\02d414pd4uaaa,Entitlement,"Server: A2PWACTSQL01, Database: acctProjects, DB Role: db_owner, Status: Enabled","Server: A2PWACTSQL01, Database: acctProjects, DB Role: db_owner, Status: Enabled",Refer to RITM2878181 for MSSQL Removal ticket.,Finished,Peter Fictum (100254),Brittany Randall (200303),"2/27/26, 9:03 PM",
N1_q55F823628CCA4D N1_q55F823628CCA4D (N1_q55F823628CCA4D),Entitlement,Database Access Review,Peter Fictum (100254),n1_q55f823628cca4d,Entitlement,"Server: A2PWDREVSQL02, Database: deferredRevenue_2025, DB Role: db_datawriter, Status: Enabled","Server: A2PWDREVSQL02, Database: deferredRevenue_2025, DB Role: db_datawriter, Status: Enabled",,Open,Peter Fictum (100254),Peter Fictum (100254),,
e8D61E915F63F4B e8D61E915F63F4B (e8D61E915F63F4B),Entitlement,Database Access Review,Peter Fictum (100254),e8d61e915f63f4b,Entitlement,"Server: A2PWDREVSQL02, Database: deferredRevenue, DB Role: db_datawriter, Status: Enabled","Server: A2PWDREVSQL02, Database: deferredRevenue, DB Role: db_datawriter, Status: Enabled",,Open,Peter Fictum (100254),Peter Fictum (100254),,
Kashish Dhawan (439978),Entitlement,Database Access Review,Peter Fictum (100254),dc1\kdhawan,Entitlement,"Server: P3PWPSQL02, Database: GoDaddy, DB Role: db_ddladmin, Status: Enabled","Server: P3PWPSQL02, Database: GoDaddy, DB Role: db_ddladmin, Status: Enabled",Certification Items Revoked By Rachit Tanwar,Open,Peter Fictum (100254),Rachit Tanwar (440439),,
f492115D86A5C4D f492115D86A5C4D (f492115D86A5C4D),Entitlement,Database Access Review,Peter Fictum (100254),f492115d86a5c4d,Entitlement,"Server: P3PWHYDRASQL02, Database: Server Level Permission, DB Role: sysadmin, Status: Enabled","Server: P3PWHYDRASQL02, Database: Server Level Permission, DB Role: sysadmin, Status: Enabled",,Open,Peter Fictum (100254),Peter Fictum (100254),,
RLApp RLApp (RLApp),Entitlement,Database Access Review,Peter Fictum (100254),rlapp,Entitlement,"Server: P3PWHYDRASQL02, Database: Server Level Permission, DB Role: sysadmin, Status: Enabled","Server: P3PWHYDRASQL02, Database: Server Level Permission, DB Role: sysadmin, Status: Enabled",,Open,Peter Fictum (100254),Peter Fictum (100254),,
Hans Engelbrecht (200621),Entitlement,Database Access Review,Peter Fictum (100254),dc1\hengelbrecht,Entitlement,"Server: P3PWBIGRPTSQL03, Database: msdb, DB Role: db_ssisadmin, Status: Enabled","Server: P3PWBIGRPTSQL03, Database: msdb, DB Role: db_ssisadmin, Status: Enabled",Certification Items Revoked By Rachit Tanwar,Finished,Peter Fictum (100254),Rachit Tanwar (440439),"2/27/26, 9:03 PM",
goon_01j1tr4k2av6ns00594p32xfsw goon_01j1tr4k2av6ns00594p32xfsw (goon_01j1tr4k2av6ns00594p32xfsw),Entitlement,Database Access Review,Peter Fictum (100254),goon_01j1tr4k2av6ns00594p32xfsw,Entitlement,"Server: A2PWPSQL01, Database: SSL, DB Role: db_datawriter, Status: Enabled","Server: A2PWPSQL01, Database: SSL, DB Role: db_datawriter, Status: Enabled",Certification Items Revoked By Rachit Tanwar,Open,Peter Fictum (100254),Rachit Tanwar (440439),,
nMo0jUb56543Csa nMo0jUb56543Csa (nMo0jUb56543Csa),Entitlement,Database Access Review,Peter Fictum (100254),nmo0jub56543csa,Entitlement,"Server: A2PWPSQL01, Database: merchantAccounts, DB Role: db_datawriter, Status: Enabled","Server: A2PWPSQL01, Database: merchantAccounts, DB Role: db_datawriter, Status: Enabled",Certification Items Revoked By Rachit Tanwar,Open,Peter Fictum (100254),Rachit Tanwar (440439),,
goon_01j1tr4zwaqk4asgstxy0mjn2k goon_01j1tr4zwaqk4asgstxy0mjn2k (goon_01j1tr4zwaqk4asgstxy0mjn2k),Entitlement,Database Access Review,Peter Fictum (100254),goon_01j1tr4zwaqk4asgstxy0mjn2k,Entitlement,"Server: A2PWPSQL01, Database: gdMasterCatalog, DB Role: db_datawriter, Status: Enabled","Server: A2PWPSQL01, Database: gdMasterCatalog, DB Role: db_datawriter, Status: Enabled",Certification Items Revoked By Rachit Tanwar,Open,Peter Fictum (100254),Rachit Tanwar (440439),,
f492115D86A5C4D f492115D86A5C4D (f492115D86A5C4D),Entitlement,Database Access Review,Peter Fictum (100254),f492115d86a5c4d,Entitlement,"Server: A2PWHYDRASQL01, Database: Server Level Permission, DB Role: sysadmin, Status: Enabled","Server: A2PWHYDRASQL01, Database: Server Level Permission, DB Role: sysadmin, Status: Enabled",,Open,Peter Fictum (100254),Peter Fictum (100254),,
dc1\msvc_q5k88m1dcb$ dc1\msvc_q5k88m1dcb$ (dc1\msvc_q5k88m1dcb$),Entitlement,Database Access Review,Peter Fictum (100254),dc1\msvc_q5k88m1dcb$,Entitlement,"Server: A2PWDREVSQL02, Database: deferredRevenue_xxxx, DB Role: db_datawriter, Status: Enabled","Server: A2PWDREVSQL02, Database: deferredRevenue_xxxx, DB Role: db_datawriter, Status: Enabled",Certification Items Revoked By Rachit Tanwar,Open,Peter Fictum (100254),Rachit Tanwar (440439),,
nMo0jUb56543Csa nMo0jUb56543Csa (nMo0jUb56543Csa),Entitlement,Database Access Review,Peter Fictum (100254),nmo0jub56543csa,Entitlement,"Server: A2PWPSQL01, Database: godaddyBilling, DB Role: db_datawriter, Status: Enabled","Server: A2PWPSQL01, Database: godaddyBilling, DB Role: db_datawriter, Status: Enabled",Certification Items Revoked By Rachit Tanwar,Open,Peter Fictum (100254),Rachit Tanwar (440439),,
LinkServer_User LinkServer_User (LinkServer_User),Entitlement,Database Access Review,Peter Fictum (100254),linkserver_user,Entitlement,"Server: A2PWPCISQL01, Database: Server Level Permission, DB Role: sysadmin, Status: Enabled","Server: A2PWPCISQL01, Database: Server Level Permission, DB Role: sysadmin, Status: Enabled",,Open,Peter Fictum (100254),Peter Fictum (100254),,
goon_01j0trmc1cdex2zn5yff2em4d7 goon_01j0trmc1cdex2zn5yff2em4d7 (goon_01j0trmc1cdex2zn5yff2em4d7),Entitlement,Database Access Review,Peter Fictum (100254),goon_01j0trmc1cdex2zn5yff2em4d7,Entitlement,"Server: A2PWPSQL01, Database: gdMasterPromo, DB Role: db_datawriter, Status: Enabled","Server: A2PWPSQL01, Database: gdMasterPromo, DB Role: db_datawriter, Status: Enabled",Certification Items Revoked By Rachit Tanwar,Open,Peter Fictum (100254),Rachit Tanwar (440439),,
sagesetup sagesetup (sagesetup),Entitlement,Database Access Review,Peter Fictum (100254),sagesetup,Entitlement,"Server: A2PWHYDRASQL01, Database: Server Level Permission, DB Role: sysadmin, Status: Enabled","Server: A2PWHYDRASQL01, Database: Server Level Permission, DB Role: sysadmin, Status: Enabled",,Open,Peter Fictum (100254),Peter Fictum (100254),,
cTA66mePGXU8OYX cTA66mePGXU8OYX (cTA66mePGXU8OYX),Entitlement,Database Access Review,Peter Fictum (100254),cta66mepgxu8oyx,Entitlement,"Server: A2PWPCISQL01, Database: Server Level Permission, DB Role: sysadmin, Status: Enabled","Server: A2PWPCISQL01, Database: Server Level Permission, DB Role: sysadmin, Status: Enabled",,Open,Peter Fictum (100254),Peter Fictum (100254),,
dc1\msvc_q5k88m1dcb$ dc1\msvc_q5k88m1dcb$ (dc1\msvc_q5k88m1dcb$),Entitlement,Database Access Review,Peter Fictum (100254),dc1\msvc_q5k88m1dcb$,Entitlement,"Server: A2PWDREVSQL02, Database: deferredRevenue_2016, DB Role: db_datawriter, Status: Enabled","Server: A2PWDREVSQL02, Database: deferredRevenue_2016, DB Role: db_datawriter, Status: Enabled",Certification Items Revoked By Rachit Tanwar,Open,Peter Fictum (100254),Rachit Tanwar (440439),,
goon_01j1tr4zwaqk4asgstxy0mjn2k goon_01j1tr4zwaqk4asgstxy0mjn2k (goon_01j1tr4zwaqk4asgstxy0mjn2k),Entitlement,Database Access Review,Peter Fictum (100254),goon_01j1tr4zwaqk4asgstxy0mjn2k,Entitlement,"Server: A2PWPSQL01, Database: SSL, DB Role: db_datawriter, Status: Enabled","Server: A2PWPSQL01, Database: SSL, DB Role: db_datawriter, Status: Enabled",Certification Items Revoked By Rachit Tanwar,Open,Peter Fictum (100254),Rachit Tanwar (440439),,
dc1\msvc_jne9ijrnmm$ dc1\msvc_jne9ijrnmm$ (dc1\msvc_jne9ijrnmm$),Entitlement,Database Access Review,Peter Fictum (100254),dc1\msvc_jne9ijrnmm$,Entitlement,"Server: A2PWPSQL01, Database: GoDaddy, DB Role: db_datawriter, Status: Enabled","Server: A2PWPSQL01, Database: GoDaddy, DB Role: db_datawriter, Status: Enabled",,Open,Peter Fictum (100254),Peter Fictum (100254),,
zY0gime2FxOc8y9 zY0gime2FxOc8y9 (zY0gime2FxOc8y9),Entitlement,Database Access Review,Peter Fictum (100254),zy0gime2fxoc8y9,Entitlement,"Server: A2PWPCISQL01, Database: Server Level Permission, DB Role: sysadmin, Status: Enabled","Server: A2PWPCISQL01, Database: Server Level Permission, DB Role: sysadmin, Status: Enabled",,Open,Peter Fictum (100254),Peter Fictum (100254),,
goon_01j1tq5p8ey1vw4r5v2d3wx4cr goon_01j1tq5p8ey1vw4r5v2d3wx4cr (goon_01j1tq5p8ey1vw4r5v2d3wx4cr),Entitlement,Database Access Review,Peter Fictum (100254),goon_01j1tq5p8ey1vw4r5v2d3wx4cr,Entitlement,"Server: A2PWPSQL01, Database: godaddyBilling, DB Role: db_datawriter, Status: Enabled","Server: A2PWPSQL01, Database: godaddyBilling, DB Role: db_datawriter, Status: Enabled",Certification Items Revoked By Rachit Tanwar,Open,Peter Fictum (100254),Rachit Tanwar (440439),,
n939E96AF97AC4C n939E96AF97AC4C (n939E96AF97AC4C),Entitlement,Database Access Review,Peter Fictum (100254),n939e96af97ac4c,Entitlement,"Server: P3PWDREVSQL01, Database: accountingDeferredRevenue, DB Role: db_owner, Status: Enabled","Server: P3PWDREVSQL01, Database: accountingDeferredRevenue, DB Role: db_owner, Status: Enabled",,Open,Peter Fictum (100254),Peter Fictum (100254),,
YVUY4h77CBhID15 YVUY4h77CBhID15 (YVUY4h77CBhID15),Entitlement,Database Access Review,Peter Fictum (100254),yvuy4h77cbhid15,Entitlement,"Server: A2PWDREVSQL02, Database: eCommAccounting, DB Role: db_datawriter, Status: Enabled","Server: A2PWDREVSQL02, Database: eCommAccounting, DB Role: db_datawriter, Status: Enabled",,Open,Peter Fictum (100254),Peter Fictum (100254),,
LinkServer_User LinkServer_User (LinkServer_User),Entitlement,Database Access Review,Peter Fictum (100254),linkserver_user,Entitlement,"Server: P3PWFKSQL02, Database: Server Level Permission, DB Role: sysadmin, Status: Enabled","Server: P3PWFKSQL02, Database: Server Level Permission, DB Role: sysadmin, Status: Enabled",,Open,Peter Fictum (100254),Peter Fictum (100254),,
goon_01j1tq5qz035qxrd2h2vyyweza goon_01j1tq5qz035qxrd2h2vyyweza (goon_01j1tq5qz035qxrd2h2vyyweza),Entitlement,Database Access Review,Peter Fictum (100254),goon_01j1tq5qz035qxrd2h2vyyweza,Entitlement,"Server: P3PWPSQL02, Database: godaddyCPL, DB Role: db_datawriter, Status: Enabled","Server: P3PWPSQL02, Database: godaddyCPL, DB Role: db_datawriter, Status: Enabled",Certification Items Revoked By Rachit Tanwar,Open,Peter Fictum (100254),Rachit Tanwar (440439),,
DU9CVDzXhCmdXJj DU9CVDzXhCmdXJj (DU9CVDzXhCmdXJj),Entitlement,Database Access Review,Peter Fictum (100254),du9cvdzxhcmdxjj,Entitlement,"Server: A2PWPCISQL01, Database: Server Level Permission, DB Role: sysadmin, Status: Enabled","Server: A2PWPCISQL01, Database: Server Level Permission, DB Role: sysadmin, Status: Enabled",,Open,Peter Fictum (100254),Peter Fictum (100254),,
dc1\msvc_zk0kjlavk8$ dc1\msvc_zk0kjlavk8$ (dc1\msvc_zk0kjlavk8$),Entitlement,Database Access Review,Peter Fictum (100254),dc1\msvc_zk0kjlavk8$,Entitlement,"Server: A2PWPSQL01, Database: godaddyBilling, DB Role: db_datawriter, Status: Enabled","Server: A2PWPSQL01, Database: godaddyBilling, DB Role: db_datawriter, Status: Enabled",Certification Items Revoked By Rachit Tanwar,Open,Peter Fictum (100254),Rachit Tanwar (440439),,
CHba4ITBZSjR0Aw CHba4ITBZSjR0Aw (CHba4ITBZSjR0Aw),Entitlement,Database Access Review,Peter Fictum (100254),chba4itbzsjr0aw,Entitlement,"Server: P3PWDREVSQL01, Database: deferredRevenue_2021, DB Role: db_datawriter, Status: Enabled","Server: P3PWDREVSQL01, Database: deferredRevenue_2021, DB Role: db_datawriter, Status: Enabled",,Open,Peter Fictum (100254),Peter Fictum (100254),,
Rahul Maurya (421405),Entitlement,Database Access Review,Peter Fictum (100254),dc1\rmaurya,Entitlement,"Server: P3PWPCISQL02, Database: goDaddyBasket, DB Role: db_datawriter, Status: Enabled","Server: P3PWPCISQL02, Database: goDaddyBasket, DB Role: db_datawriter, Status: Enabled",Certification Items Revoked By Rachit Tanwar,Open,Peter Fictum (100254),Rachit Tanwar (440439),,
Vera Oshyna (427789),Entitlement,Database Access Review,Peter Fictum (100254),dc1\voshyna,Entitlement,"Server: P3PWBIGRPTSQL04, Database: Server Level Permission, DB Role: sysadmin, Status: Enabled, Via AD Group: Dev-web-eCommDB","Server: P3PWBIGRPTSQL04, Database: Server Level Permission, DB Role: sysadmin, Status: Enabled, Via AD Group: Dev-web-eCommDB",,Finished,Peter Fictum (100254),Hemanth Kumar Guntupalli (419032),"2/19/26, 12:06 AM",
g499A69A4AB5441 g499A69A4AB5441 (g499A69A4AB5441),Entitlement,Database Access Review,Peter Fictum (100254),g499a69a4ab5441,Entitlement,"Server: P3PWDREVSQL01, Database: deferredRevenue_2015, DB Role: db_owner, Status: Enabled","Server: P3PWDREVSQL01, Database: deferredRevenue_2015, DB Role: db_owner, Status: Enabled",,Open,Peter Fictum (100254),Peter Fictum (100254),,
gD5395C31EB8348 gD5395C31EB8348 (gD5395C31EB8348),Entitlement,Database Access Review,Peter Fictum (100254),gd5395c31eb8348,Entitlement,"Server: P3PWBIGRPTSQL04, Database: Server Level Permission, DB Role: sysadmin, Status: Enabled","Server: P3PWBIGRPTSQL04, Database: Server Level Permission, DB Role: sysadmin, Status: Enabled",,Finished,Peter Fictum (100254),Peter Fictum (100254),"2/27/26, 9:03 PM",
a8HN9Xm7HY6OWEa a8HN9Xm7HY6OWEa (a8HN9Xm7HY6OWEa),Entitlement,Database Access Review,Peter Fictum (100254),a8hn9xm7hy6owea,Entitlement,"Server: A2PWDREVSQL02, Database: deferredRevenue_2021, DB Role: db_datawriter, Status: Enabled","Server: A2PWDREVSQL02, Database: deferredRevenue_2021, DB Role: db_datawriter, Status: Enabled",,Open,Peter Fictum (100254),Peter Fictum (100254),,
Ex9ajxlEd2Rsx4e Ex9ajxlEd2Rsx4e (Ex9ajxlEd2Rsx4e),Entitlement,Database Access Review,Peter Fictum (100254),ex9ajxled2rsx4e,Entitlement,"Server: A2PWDREVSQL02, Database: deferredRevenue_2007, DB Role: db_datawriter, Status: Enabled","Server: A2PWDREVSQL02, Database: deferredRevenue_2007, DB Role: db_datawriter, Status: Enabled",,Open,Peter Fictum (100254),Peter Fictum (100254),,
a8HN9Xm7HY6OWEa a8HN9Xm7HY6OWEa (a8HN9Xm7HY6OWEa),Entitlement,Database Access Review,Peter Fictum (100254),a8hn9xm7hy6owea,Entitlement,"Server: P3PWDREVSQL01, Database: deferredRevenue_2005, DB Role: db_datawriter, Status: Enabled","Server: P3PWDREVSQL01, Database: deferredRevenue_2005, DB Role: db_datawriter, Status: Enabled",,Open,Peter Fictum (100254),Peter Fictum (100254),,
DC1\03d051zq1y9A DC1\03d051zq1y9A (DC1\03d051zq1y9A),Entitlement,Database Access Review,Peter Fictum (100254),dc1\03d051zq1y9a,Entitlement,"Server: P3PWFKSQL02, Database: Server Level Permission, DB Role: sysadmin, Status: Enabled","Server: P3PWFKSQL02, Database: Server Level Permission, DB Role: sysadmin, Status: Enabled",,Open,Peter Fictum (100254),Peter Fictum (100254),,
goon_01j0trnjagv51zwg5bwdky8pan goon_01j0trnjagv51zwg5bwdky8pan (goon_01j0trnjagv51zwg5bwdky8pan),Entitlement,Database Access Review,Peter Fictum (100254),goon_01j0trnjagv51zwg5bwdky8pan,Entitlement,"Server: A2PWPSQL01, Database: godaddyBilling, DB Role: db_datawriter, Status: Enabled","Server: A2PWPSQL01, Database: godaddyBilling, DB Role: db_datawriter, Status: Enabled",Certification Items Revoked By Rachit Tanwar,Open,Peter Fictum (100254),Rachit Tanwar (440439),,
N2_e9C7A90E3DB8448 N2_e9C7A90E3DB8448 (N2_e9C7A90E3DB8448),Entitlement,Database Access Review,Peter Fictum (100254),n2_e9c7a90e3db8448,Entitlement,"Server: P3PWDREVSQL01, Database: deferredRevenue, DB Role: db_datawriter, Status: Enabled","Server: P3PWDREVSQL01, Database: deferredRevenue, DB Role: db_datawriter, Status: Enabled",,Open,Peter Fictum (100254),Peter Fictum (100254),,
Gregory Perschbacher (200307),Entitlement,Database Access Review,Peter Fictum (100254),dc1\gperschbacher,Entitlement,"Server: A2PWPSQL01, Database: GoDaddy, DB Role: db_owner, Status: Enabled, Via AD Group: Dev-orion App","Server: A2PWPSQL01, Database: GoDaddy, DB Role: db_owner, Status: Enabled, Via AD Group: Dev-orion App",,Finished,Peter Fictum (100254),Hemanth Kumar Guntupalli (419032),"2/23/26, 5:05 PM",
N1_q55F823628CCA4D N1_q55F823628CCA4D (N1_q55F823628CCA4D),Entitlement,Database Access Review,Peter Fictum (100254),n1_q55f823628cca4d,Entitlement,"Server: P3PWDREVSQL01, Database: deferredRevenue, DB Role: db_datawriter, Status: Enabled","Server: P3PWDREVSQL01, Database: deferredRevenue, DB Role: db_datawriter, Status: Enabled",,Open,Peter Fictum (100254),Peter Fictum (100254),,
r39EF07C3E73C42 r39EF07C3E73C42 (r39EF07C3E73C42),Entitlement,Database Access Review,Peter Fictum (100254),r39ef07c3e73c42,Entitlement,"Server: P3PWDREVSQL01, Database: deferredRevenue_2018, DB Role: db_datawriter, Status: Enabled","Server: P3PWDREVSQL01, Database: deferredRevenue_2018, DB Role: db_datawriter, Status: Enabled",,Open,Peter Fictum (100254),Peter Fictum (100254),,
g499A69A4AB5441 g499A69A4AB5441 (g499A69A4AB5441),Entitlement,Database Access Review,Peter Fictum (100254),g499a69a4ab5441,Entitlement,"Server: P3PWDREVSQL01, Database: deferredRevenue_2024, DB Role: db_owner, Status: Enabled","Server: P3PWDREVSQL01, Database: deferredRevenue_2024, DB Role: db_owner, Status: Enabled",,Open,Peter Fictum (100254),Peter Fictum (100254),,
pFCBB8D23DB1343 pFCBB8D23DB1343 (pFCBB8D23DB1343),Entitlement,Database Access Review,Peter Fictum (100254),pfcbb8d23db1343,Entitlement,"Server: A2PWPCISQL01, Database: Server Level Permission, DB Role: sysadmin, Status: Enabled","Server: A2PWPCISQL01, Database: Server Level Permission, DB Role: sysadmin, Status: Enabled",,Open,Peter Fictum (100254),Peter Fictum (100254),,
n1_qw0n3045pls21ni n1_qw0n3045pls21ni (n1_qw0n3045pls21ni),Entitlement,Database Access Review,Peter Fictum (100254),n1_qw0n3045pls21ni,Entitlement,"Server: P3PWBIGRPTSQL03, Database: godaddyAccounting, DB Role: db_datawriter, Status: Enabled","Server: P3PWBIGRPTSQL03, Database: godaddyAccounting, DB Role: db_datawriter, Status: Enabled",,Finished,Peter Fictum (100254),Peter Fictum (100254),"2/27/26, 9:03 PM",
goon_01j1fpanf692rtz7k14a73mdpr goon_01j1fpanf692rtz7k14a73mdpr (goon_01j1fpanf692rtz7k14a73mdpr),Entitlement,Database Access Review,Peter Fictum (100254),goon_01j1fpanf692rtz7k14a73mdpr,Entitlement,"Server: A2PWPSQL01, Database: gdInterCompanyReceipt, DB Role: db_datawriter, Status: Enabled","Server: A2PWPSQL01, Database: gdInterCompanyReceipt, DB Role: db_datawriter, Status: Enabled",Certification Items Revoked By Rachit Tanwar,Open,Peter Fictum (100254),Rachit Tanwar (440439),,
dc1\svcah7yfmy95qm7e2 dc1\svcah7yfmy95qm7e2 (dc1\svcah7yfmy95qm7e2),Entitlement,Database Access Review,Peter Fictum (100254),dc1\svcah7yfmy95qm7e2,Entitlement,"Server: A2PWPSQL01, Database: GoDaddy, DB Role: db_datawriter, Status: Enabled","Server: A2PWPSQL01, Database: GoDaddy, DB Role: db_datawriter, Status: Enabled",,Open,Peter Fictum (100254),Peter Fictum (100254),,
r39EF07C3E73C42 r39EF07C3E73C42 (r39EF07C3E73C42),Entitlement,Database Access Review,Peter Fictum (100254),r39ef07c3e73c42,Entitlement,"Server: P3PWDREVSQL01, Database: deferredRevenue_2025, DB Role: db_datawriter, Status: Enabled","Server: P3PWDREVSQL01, Database: deferredRevenue_2025, DB Role: db_datawriter, Status: Enabled",,Open,Peter Fictum (100254),Peter Fictum (100254),,
dc1\eng-techrisk dc1\eng-techrisk (dc1\eng-techrisk),Entitlement,Database Access Review,Peter Fictum (100254),dc1\eng-techrisk,Entitlement,"Server: P3PWBIGRPTSQL03, Database: godaddyAccounting, DB Role: db_securityadmin, Status: Enabled","Server: P3PWBIGRPTSQL03, Database: godaddyAccounting, DB Role: db_securityadmin, Status: Enabled","Group no longer requires this database permissions, however, note that access was authorized up until removal. RITM2876904 submitted to remove access.",Finished,Peter Fictum (100254),Brittany Randall (200303),"2/27/26, 9:03 PM",
goon_01j0v4sm3snbfdmfxsqcntkpnm goon_01j0v4sm3snbfdmfxsqcntkpnm (goon_01j0v4sm3snbfdmfxsqcntkpnm),Entitlement,Database Access Review,Peter Fictum (100254),goon_01j0v4sm3snbfdmfxsqcntkpnm,Entitlement,"Server: A2PWPSQL01, Database: merchantAccounts, DB Role: db_datawriter, Status: Enabled","Server: A2PWPSQL01, Database: merchantAccounts, DB Role: db_datawriter, Status: Enabled",,Open,Peter Fictum (100254),Nandakumar Babu (208300),,
e8D61E915F63F4B e8D61E915F63F4B (e8D61E915F63F4B),Entitlement,Database Access Review,Peter Fictum (100254),e8d61e915f63f4b,Entitlement,"Server: A2PWDREVSQL02, Database: deferredRevenue_2010, DB Role: db_datawriter, Status: Enabled","Server: A2PWDREVSQL02, Database: deferredRevenue_2010, DB Role: db_datawriter, Status: Enabled",,Open,Peter Fictum (100254),Peter Fictum (100254),,
r39EF07C3E73C42 r39EF07C3E73C42 (r39EF07C3E73C42),Entitlement,Database Access Review,Peter Fictum (100254),r39ef07c3e73c42,Entitlement,"Server: A2PWDREVSQL02, Database: deferredRevenue_2025, DB Role: db_datawriter, Status: Enabled","Server: A2PWDREVSQL02, Database: deferredRevenue_2025, DB Role: db_datawriter, Status: Enabled",,Open,Peter Fictum (100254),Peter Fictum (100254),,
a8HN9Xm7HY6OWEa a8HN9Xm7HY6OWEa (a8HN9Xm7HY6OWEa),Entitlement,Database Access Review,Peter Fictum (100254),a8hn9xm7hy6owea,Entitlement,"Server: P3PWDREVSQL01, Database: deferredRevenue_2006, DB Role: db_datawriter, Status: Enabled","Server: P3PWDREVSQL01, Database: deferredRevenue_2006, DB Role: db_datawriter, Status: Enabled",,Open,Peter Fictum (100254),Peter Fictum (100254),,
e8D61E915F63F4B e8D61E915F63F4B (e8D61E915F63F4B),Entitlement,Database Access Review,Peter Fictum (100254),e8d61e915f63f4b,Entitlement,"Server: A2PWDREVSQL02, Database: deferredRevenue_2018, DB Role: db_datawriter, Status: Enabled","Server: A2PWDREVSQL02, Database: deferredRevenue_2018, DB Role: db_datawriter, Status: Enabled",,Open,Peter Fictum (100254),Peter Fictum (100254),,
goon_01j1tr4k2av6ns00594p32xfsw goon_01j1tr4k2av6ns00594p32xfsw (goon_01j1tr4k2av6ns00594p32xfsw),Entitlement,Database Access Review,Peter Fictum (100254),goon_01j1tr4k2av6ns00594p32xfsw,Entitlement,"Server: P3PWPSQL02, Database: godaddyCPL, DB Role: db_datawriter, Status: Enabled","Server: P3PWPSQL02, Database: godaddyCPL, DB Role: db_datawriter, Status: Enabled",Certification Items Revoked By Rachit Tanwar,Open,Peter Fictum (100254),Rachit Tanwar (440439),,
N1_q55F823628CCA4D N1_q55F823628CCA4D (N1_q55F823628CCA4D),Entitlement,Database Access Review,Peter Fictum (100254),n1_q55f823628cca4d,Entitlement,"Server: A2PWDREVSQL02, Database: deferredRevenue_2010, DB Role: db_datawriter, Status: Enabled","Server: A2PWDREVSQL02, Database: deferredRevenue_2010, DB Role: db_datawriter, Status: Enabled",,Open,Peter Fictum (100254),Peter Fictum (100254),,
g499A69A4AB5441 g499A69A4AB5441 (g499A69A4AB5441),Entitlement,Database Access Review,Peter Fictum (100254),g499a69a4ab5441,Entitlement,"Server: A2PWDREVSQL02, Database: deferredRevenue_2007, DB Role: db_owner, Status: Enabled","Server: A2PWDREVSQL02, Database: deferredRevenue_2007, DB Role: db_owner, Status: Enabled",,Open,Peter Fictum (100254),Peter Fictum (100254),,
goon_01j1d6ks6wbrawe1gmpcthaqg1 goon_01j1d6ks6wbrawe1gmpcthaqg1 (goon_01j1d6ks6wbrawe1gmpcthaqg1),Entitlement,Database Access Review,Peter Fictum (100254),goon_01j1d6ks6wbrawe1gmpcthaqg1,Entitlement,"Server: P3PWPSQL02, Database: godaddyCPL, DB Role: db_datawriter, Status: Enabled","Server: P3PWPSQL02, Database: godaddyCPL, DB Role: db_datawriter, Status: Enabled",,Open,Peter Fictum (100254),Peter Fictum (100254),,
CHba4ITBZSjR0Aw CHba4ITBZSjR0Aw (CHba4ITBZSjR0Aw),Entitlement,Database Access Review,Peter Fictum (100254),chba4itbzsjr0aw,Entitlement,"Server: P3PWDREVSQL01, Database: deferredRevenue_2019, DB Role: db_datawriter, Status: Enabled","Server: P3PWDREVSQL01, Database: deferredRevenue_2019, DB Role: db_datawriter, Status: Enabled",,Open,Peter Fictum (100254),Peter Fictum (100254),,
goon_03knekfnemnekf0283nf23n1nn goon_03knekfnemnekf0283nf23n1nn (goon_03knekfnemnekf0283nf23n1nn),Entitlement,Database Access Review,Peter Fictum (100254),goon_03knekfnemnekf0283nf23n1nn,Entitlement,"Server: P3PWPSQL02, Database: gdMasterPromo, DB Role: db_datawriter, Status: Enabled","Server: P3PWPSQL02, Database: gdMasterPromo, DB Role: db_datawriter, Status: Enabled",Certification Items Revoked By Rachit Tanwar,Open,Peter Fictum (100254),Rachit Tanwar (440439),,
dc1\msvc_q5k88m1dcb$ dc1\msvc_q5k88m1dcb$ (dc1\msvc_q5k88m1dcb$),Entitlement,Database Access Review,Peter Fictum (100254),dc1\msvc_q5k88m1dcb$,Entitlement,"Server: P3PWDREVSQL01, Database: deferredRevenue_2009, DB Role: db_datawriter, Status: Enabled","Server: P3PWDREVSQL01, Database: deferredRevenue_2009, DB Role: db_datawriter, Status: Enabled",Certification Items Revoked By Rachit Tanwar,Open,Peter Fictum (100254),Rachit Tanwar (440439),,
g499A69A4AB5441 g499A69A4AB5441 (g499A69A4AB5441),Entitlement,Database Access Review,Peter Fictum (100254),g499a69a4ab5441,Entitlement,"Server: P3PWDREVSQL01, Database: deferredRevenue_2009, DB Role: db_owner, Status: Enabled","Server: P3PWDREVSQL01, Database: deferredRevenue_2009, DB Role: db_owner, Status: Enabled",,Open,Peter Fictum (100254),Peter Fictum (100254),,
Gregory Perschbacher (200307),Entitlement,Database Access Review,Peter Fictum (100254),dc1\gperschbacher,Entitlement,"Server: A2PWPSQL01, Database: gdMasterCatalog, DB Role: db_owner, Status: Enabled, Via AD Group: Dev-orion App","Server: A2PWPSQL01, Database: gdMasterCatalog, DB Role: db_owner, Status: Enabled, Via AD Group: Dev-orion App",,Finished,Peter Fictum (100254),Hemanth Kumar Guntupalli (419032),"2/23/26, 5:05 PM",
GoDaddyCustomer GoDaddyCustomer (GoDaddyCustomer),Entitlement,Database Access Review,Peter Fictum (100254),godaddycustomer,Entitlement,"Server: A2PWFKSQL01, Database: Server Level Permission, DB Role: sysadmin, Status: Enabled","Server: A2PWFKSQL01, Database: Server Level Permission, DB Role: sysadmin, Status: Enabled",,Open,Peter Fictum (100254),Peter Fictum (100254),,
goon_01j1d6ks6wbrawe1gmpcthaqg1 goon_01j1d6ks6wbrawe1gmpcthaqg1 (goon_01j1d6ks6wbrawe1gmpcthaqg1),Entitlement,Database Access Review,Peter Fictum (100254),goon_01j1d6ks6wbrawe1gmpcthaqg1,Entitlement,"Server: P3PWPSQL02, Database: merchantAccounts, DB Role: db_datawriter, Status: Enabled","Server: P3PWPSQL02, Database: merchantAccounts, DB Role: db_datawriter, Status: Enabled",,Open,Peter Fictum (100254),Peter Fictum (100254),,
goon_01j0trmc1cdex2zn5yff2em4d7 goon_01j0trmc1cdex2zn5yff2em4d7 (goon_01j0trmc1cdex2zn5yff2em4d7),Entitlement,Database Access Review,Peter Fictum (100254),goon_01j0trmc1cdex2zn5yff2em4d7,Entitlement,"Server: P3PWPSQL02, Database: gdMasterCatalog, DB Role: db_datawriter, Status: Enabled","Server: P3PWPSQL02, Database: gdMasterCatalog, DB Role: db_datawriter, Status: Enabled",Certification Items Revoked By Rachit Tanwar,Open,Peter Fictum (100254),Rachit Tanwar (440439),,
dc1\msvc_q5k88m1dcb$ dc1\msvc_q5k88m1dcb$ (dc1\msvc_q5k88m1dcb$),Entitlement,Database Access Review,Peter Fictum (100254),dc1\msvc_q5k88m1dcb$,Entitlement,"Server: P3PWDREVSQL01, Database: deferredRevenue_2005, DB Role: db_datawriter, Status: Enabled","Server: P3PWDREVSQL01, Database: deferredRevenue_2005, DB Role: db_datawriter, Status: Enabled",Certification Items Revoked By Rachit Tanwar,Open,Peter Fictum (100254),Rachit Tanwar (440439),,
Rahul Maurya (421405),Entitlement,Database Access Review,Peter Fictum (100254),dc1\rmaurya,Entitlement,"Server: P3PWPSQL02, Database: GoDaddy, DB Role: db_datawriter, Status: Enabled","Server: P3PWPSQL02, Database: GoDaddy, DB Role: db_datawriter, Status: Enabled",Certification Items Revoked By Rachit Tanwar,Open,Peter Fictum (100254),Rachit Tanwar (440439),,
s926DBD5A09AD67 s926DBD5A09AD67 (s926DBD5A09AD67),Entitlement,Database Access Review,Peter Fictum (100254),s926dbd5a09ad67,Entitlement,"Server: P3PWHYDRASQL02, Database: Server Level Permission, DB Role: sysadmin, Status: Enabled","Server: P3PWHYDRASQL02, Database: Server Level Permission, DB Role: sysadmin, Status: Enabled",,Open,Peter Fictum (100254),Peter Fictum (100254),,
Ex9ajxlEd2Rsx4e Ex9ajxlEd2Rsx4e (Ex9ajxlEd2Rsx4e),Entitlement,Database Access Review,Peter Fictum (100254),ex9ajxled2rsx4e,Entitlement,"Server: P3PWDREVSQL01, Database: deferredRevenue_2008, DB Role: db_datawriter, Status: Enabled","Server: P3PWDREVSQL01, Database: deferredRevenue_2008, DB Role: db_datawriter, Status: Enabled",,Open,Peter Fictum (100254),Peter Fictum (100254),,
dTPhkV8KXiZS8fU dTPhkV8KXiZS8fU (dTPhkV8KXiZS8fU),Entitlement,Database Access Review,Peter Fictum (100254),dtphkv8kxizs8fu,Entitlement,"Server: P3PWPCISQL02, Database: goDaddyBasket, DB Role: db_datawriter, Status: Enabled","Server: P3PWPCISQL02, Database: goDaddyBasket, DB Role: db_datawriter, Status: Enabled",,Open,Peter Fictum (100254),Peter Fictum (100254),,
N2_e9C7A90E3DB8448 N2_e9C7A90E3DB8448 (N2_e9C7A90E3DB8448),Entitlement,Database Access Review,Peter Fictum (100254),n2_e9c7a90e3db8448,Entitlement,"Server: A2PWDREVSQL02, Database: deferredRevenue_2015, DB Role: db_datawriter, Status: Enabled","Server: A2PWDREVSQL02, Database: deferredRevenue_2015, DB Role: db_datawriter, Status: Enabled",,Open,Peter Fictum (100254),Peter Fictum (100254),,
ytyb676vbklm8uh ytyb676vbklm8uh (ytyb676vbklm8uh),Entitlement,Database Access Review,Peter Fictum (100254),ytyb676vbklm8uh,Entitlement,"Server: P3PWBIGRPTSQL04, Database: godaddyAccounting, DB Role: db_datawriter, Status: Enabled","Server: P3PWBIGRPTSQL04, Database: godaddyAccounting, DB Role: db_datawriter, Status: Enabled",,Finished,Peter Fictum (100254),Peter Fictum (100254),"2/27/26, 9:03 PM",
goon_01j1tq5qz035qxrd2h2vyyweza goon_01j1tq5qz035qxrd2h2vyyweza (goon_01j1tq5qz035qxrd2h2vyyweza),Entitlement,Database Access Review,Peter Fictum (100254),goon_01j1tq5qz035qxrd2h2vyyweza,Entitlement,"Server: A2PWPSQL01, Database: GoDaddy, DB Role: db_datawriter, Status: Enabled","Server: A2PWPSQL01, Database: GoDaddy, DB Role: db_datawriter, Status: Enabled",Certification Items Revoked By Rachit Tanwar,Open,Peter Fictum (100254),Rachit Tanwar (440439),,
a8HN9Xm7HY6OWEa a8HN9Xm7HY6OWEa (a8HN9Xm7HY6OWEa),Entitlement,Database Access Review,Peter Fictum (100254),a8hn9xm7hy6owea,Entitlement,"Server: A2PWDREVSQL02, Database: deferredRevenue_2013, DB Role: db_datawriter, Status: Enabled","Server: A2PWDREVSQL02, Database: deferredRevenue_2013, DB Role: db_datawriter, Status: Enabled",,Open,Peter Fictum (100254),Peter Fictum (100254),,
r39EF07C3E73C42 r39EF07C3E73C42 (r39EF07C3E73C42),Entitlement,Database Access Review,Peter Fictum (100254),r39ef07c3e73c42,Entitlement,"Server: A2PWDREVSQL02, Database: deferredRevenue_2020, DB Role: db_datawriter, Status: Enabled","Server: A2PWDREVSQL02, Database: deferredRevenue_2020, DB Role: db_datawriter, Status: Enabled",,Open,Peter Fictum (100254),Peter Fictum (100254),,
goon_01j1tq5qz035qxrd2h2vyyweza goon_01j1tq5qz035qxrd2h2vyyweza (goon_01j1tq5qz035qxrd2h2vyyweza),Entitlement,Database Access Review,Peter Fictum (100254),goon_01j1tq5qz035qxrd2h2vyyweza,Entitlement,"Server: A2PWPSQL01, Database: gdInterCompanyReceipt, DB Role: db_datawriter, Status: Enabled","Server: A2PWPSQL01, Database: gdInterCompanyReceipt, DB Role: db_datawriter, Status: Enabled",Certification Items Revoked By Rachit Tanwar,Open,Peter Fictum (100254),Rachit Tanwar (440439),,
abbyyservice abbyyservice (abbyyservice),Entitlement,Database Access Review,Peter Fictum (100254),abbyyservice,Entitlement,"Server: A2PWHYDRASQL01, Database: Server Level Permission, DB Role: sysadmin, Status: Enabled","Server: A2PWHYDRASQL01, Database: Server Level Permission, DB Role: sysadmin, Status: Enabled",,Open,Peter Fictum (100254),Peter Fictum (100254),,
goon_01hzg5v5ftkcf3bvc4gzrgwn9d goon_01hzg5v5ftkcf3bvc4gzrgwn9d (goon_01hzg5v5ftkcf3bvc4gzrgwn9d),Entitlement,Database Access Review,Peter Fictum (100254),goon_01hzg5v5ftkcf3bvc4gzrgwn9d,Entitlement,"Server: P3PWPSQL02, Database: gdInterCompanyReceipt, DB Role: db_datawriter, Status: Enabled","Server: P3PWPSQL02, Database: gdInterCompanyReceipt, DB Role: db_datawriter, Status: Enabled",Certification Items Revoked By Rachit Tanwar,Open,Peter Fictum (100254),Rachit Tanwar (440439),,
Michael Davis (414334),Entitlement,Database Access Review,Peter Fictum (100254),dc1\mdavis3,Entitlement,"Server: A2PWPSQL01, Database: GoDaddy, DB Role: db_owner, Status: Enabled","Server: A2PWPSQL01, Database: GoDaddy, DB Role: db_owner, Status: Enabled",Certification Items Revoked By Rachit Tanwar,Open,Peter Fictum (100254),Rachit Tanwar (440439),,
goon_01hzg5v5ftkcf3bvc4gzrgwn9d goon_01hzg5v5ftkcf3bvc4gzrgwn9d (goon_01hzg5v5ftkcf3bvc4gzrgwn9d),Entitlement,Database Access Review,Peter Fictum (100254),goon_01hzg5v5ftkcf3bvc4gzrgwn9d,Entitlement,"Server: P3PWPSQL02, Database: godaddyBilling, DB Role: db_datawriter, Status: Enabled","Server: P3PWPSQL02, Database: godaddyBilling, DB Role: db_datawriter, Status: Enabled",Certification Items Revoked By Rachit Tanwar,Open,Peter Fictum (100254),Rachit Tanwar (440439),,
N2_e9C7A90E3DB8448 N2_e9C7A90E3DB8448 (N2_e9C7A90E3DB8448),Entitlement,Database Access Review,Peter Fictum (100254),n2_e9c7a90e3db8448,Entitlement,"Server: A2PWDREVSQL02, Database: deferredRevenue_2005, DB Role: db_datawriter, Status: Enabled","Server: A2PWDREVSQL02, Database: deferredRevenue_2005, DB Role: db_datawriter, Status: Enabled",,Open,Peter Fictum (100254),Peter Fictum (100254),,
a8HN9Xm7HY6OWEa a8HN9Xm7HY6OWEa (a8HN9Xm7HY6OWEa),Entitlement,Database Access Review,Peter Fictum (100254),a8hn9xm7hy6owea,Entitlement,"Server: P3PWDREVSQL01, Database: deferredRevenue_2016, DB Role: db_datawriter, Status: Enabled","Server: P3PWDREVSQL01, Database: deferredRevenue_2016, DB Role: db_datawriter, Status: Enabled",,Open,Peter Fictum (100254),Peter Fictum (100254),,
goon_01j1tq5qz035qxrd2h2vyyweza goon_01j1tq5qz035qxrd2h2vyyweza (goon_01j1tq5qz035qxrd2h2vyyweza),Entitlement,Database Access Review,Peter Fictum (100254),goon_01j1tq5qz035qxrd2h2vyyweza,Entitlement,"Server: A2PWPSQL01, Database: SSL, DB Role: db_datawriter, Status: Enabled","Server: A2PWPSQL01, Database: SSL, DB Role: db_datawriter, Status: Enabled",Certification Items Revoked By Rachit Tanwar,Open,Peter Fictum (100254),Rachit Tanwar (440439),,
a8HN9Xm7HY6OWEa a8HN9Xm7HY6OWEa (a8HN9Xm7HY6OWEa),Entitlement,Database Access Review,Peter Fictum (100254),a8hn9xm7hy6owea,Entitlement,"Server: A2PWDREVSQL02, Database: deferredRevenue_2025, DB Role: db_datawriter, Status: Enabled","Server: A2PWDREVSQL02, Database: deferredRevenue_2025, DB Role: db_datawriter, Status: Enabled",,Open,Peter Fictum (100254),Peter Fictum (100254),,
goon_01j1tr4zwaqk4asgstxy0mjn2k goon_01j1tr4zwaqk4asgstxy0mjn2k (goon_01j1tr4zwaqk4asgstxy0mjn2k),Entitlement,Database Access Review,Peter Fictum (100254),goon_01j1tr4zwaqk4asgstxy0mjn2k,Entitlement,"Server: P3PWPSQL02, Database: gdMasterPromo, DB Role: db_datawriter, Status: Enabled","Server: P3PWPSQL02, Database: gdMasterPromo, DB Role: db_datawriter, Status: Enabled",Certification Items Revoked By Rachit Tanwar,Open,Peter Fictum (100254),Rachit Tanwar (440439),,
d0f0cb22520904e d0f0cb22520904e (d0f0cb22520904e),Entitlement,Database Access Review,Peter Fictum (100254),d0f0cb22520904e,Entitlement,"Server: P3PWBIGRPTSQL03, Database: godaddyAccounting, DB Role: db_datawriter, Status: Enabled","Server: P3PWBIGRPTSQL03, Database: godaddyAccounting, DB Role: db_datawriter, Status: Enabled",,Finished,Peter Fictum (100254),Peter Fictum (100254),"2/27/26, 9:03 PM",
goon_01j1tr4k2av6ns00594p32xfsw goon_01j1tr4k2av6ns00594p32xfsw (goon_01j1tr4k2av6ns00594p32xfsw),Entitlement,Database Access Review,Peter Fictum (100254),goon_01j1tr4k2av6ns00594p32xfsw,Entitlement,"Server: P3PWPSQL02, Database: merchantAccounts, DB Role: db_datawriter, Status: Enabled","Server: P3PWPSQL02, Database: merchantAccounts, DB Role: db_datawriter, Status: Enabled",Certification Items Revoked By Rachit Tanwar,Open,Peter Fictum (100254),Rachit Tanwar (440439),,
s926DBD5A09AD67 s926DBD5A09AD67 (s926DBD5A09AD67),Entitlement,Database Access Review,Peter Fictum (100254),s926dbd5a09ad67,Entitlement,"Server: A2PWHYDRASQL01, Database: Server Level Permission, DB Role: sysadmin, Status: Enabled","Server: A2PWHYDRASQL01, Database: Server Level Permission, DB Role: sysadmin, Status: Enabled",,Open,Peter Fictum (100254),Peter Fictum (100254),,
g499A69A4AB5441 g499A69A4AB5441 (g499A69A4AB5441),Entitlement,Database Access Review,Peter Fictum (100254),g499a69a4ab5441,Entitlement,"Server: A2PWDREVSQL02, Database: deferredRevenue, DB Role: db_owner, Status: Enabled","Server: A2PWDREVSQL02, Database: deferredRevenue, DB Role: db_owner, Status: Enabled",,Open,Peter Fictum (100254),Peter Fictum (100254),,
n939E96AF97AC4C n939E96AF97AC4C (n939E96AF97AC4C),Entitlement,Database Access Review,Peter Fictum (100254),n939e96af97ac4c,Entitlement,"Server: P3PWDREVSQL01, Database: accountingWarehouse, DB Role: db_owner, Status: Enabled","Server: P3PWDREVSQL01, Database: accountingWarehouse, DB Role: db_owner, Status: Enabled",,Open,Peter Fictum (100254),Peter Fictum (100254),,
goon_01j1d6ks6wbrawe1gmpcthaqg1 goon_01j1d6ks6wbrawe1gmpcthaqg1 (goon_01j1d6ks6wbrawe1gmpcthaqg1),Entitlement,Database Access Review,Peter Fictum (100254),goon_01j1d6ks6wbrawe1gmpcthaqg1,Entitlement,"Server: A2PWPSQL01, Database: GoDaddyCPL, DB Role: db_datawriter, Status: Enabled","Server: A2PWPSQL01, Database: GoDaddyCPL, DB Role: db_datawriter, Status: Enabled",,Open,Peter Fictum (100254),Peter Fictum (100254),,
a8HN9Xm7HY6OWEa a8HN9Xm7HY6OWEa (a8HN9Xm7HY6OWEa),Entitlement,Database Access Review,Peter Fictum (100254),a8hn9xm7hy6owea,Entitlement,"Server: P3PWDREVSQL01, Database: deferredRevenue_2023, DB Role: db_datawriter, Status: Enabled","Server: P3PWDREVSQL01, Database: deferredRevenue_2023, DB Role: db_datawriter, Status: Enabled",,Open,Peter Fictum (100254),Peter Fictum (100254),,
goon_01j1tq5p8ey1vw4r5v2d3wx4cr goon_01j1tq5p8ey1vw4r5v2d3wx4cr (goon_01j1tq5p8ey1vw4r5v2d3wx4cr),Entitlement,Database Access Review,Peter Fictum (100254),goon_01j1tq5p8ey1vw4r5v2d3wx4cr,Entitlement,"Server: A2PWPSQL01, Database: merchantAccounts, DB Role: db_datawriter, Status: Enabled","Server: A2PWPSQL01, Database: merchantAccounts, DB Role: db_datawriter, Status: Enabled",Certification Items Revoked By Rachit Tanwar,Open,Peter Fictum (100254),Rachit Tanwar (440439),,
n939E96AF97AC4C n939E96AF97AC4C (n939E96AF97AC4C),Entitlement,Database Access Review,Peter Fictum (100254),n939e96af97ac4c,Entitlement,"Server: A2PWDREVSQL02, Database: accountingDeferredRevenue, DB Role: db_owner, Status: Enabled","Server: A2PWDREVSQL02, Database: accountingDeferredRevenue, DB Role: db_owner, Status: Enabled",,Open,Peter Fictum (100254),Peter Fictum (100254),,
g499A69A4AB5441 g499A69A4AB5441 (g499A69A4AB5441),Entitlement,Database Access Review,Peter Fictum (100254),g499a69a4ab5441,Entitlement,"Server: P3PWDREVSQL01, Database: deferredRevenue, DB Role: db_owner, Status: Enabled","Server: P3PWDREVSQL01, Database: deferredRevenue, DB Role: db_owner, Status: Enabled",,Open,Peter Fictum (100254),Peter Fictum (100254),,
goon_01j2ey6gfd49epgn7h92nmsvrv goon_01j2ey6gfd49epgn7h92nmsvrv (goon_01j2ey6gfd49epgn7h92nmsvrv),Entitlement,Database Access Review,Peter Fictum (100254),goon_01j2ey6gfd49epgn7h92nmsvrv,Entitlement,"Server: A2PWPSQL01, Database: merchantAccounts, DB Role: db_datawriter, Status: Enabled","Server: A2PWPSQL01, Database: merchantAccounts, DB Role: db_datawriter, Status: Enabled",Certification Items Revoked By Rachit Tanwar,Open,Peter Fictum (100254),Rachit Tanwar (440439),,
DC1\Dev-Web-eCommDB DC1\Dev-Web-eCommDB (DC1\Dev-Web-eCommDB),Entitlement,Database Access Review,Peter Fictum (100254),dc1\dev-web-ecommdb,Entitlement,"Server: A2PWFKSQL01, Database: Server Level Permission, DB Role: sysadmin, Status: Enabled","Server: A2PWFKSQL01, Database: Server Level Permission, DB Role: sysadmin, Status: Enabled",Just read-only access to these boxes should be sufficient for the group,Open,Peter Fictum (100254),Dmitry Bayev (421012),,
Ex9ajxlEd2Rsx4e Ex9ajxlEd2Rsx4e (Ex9ajxlEd2Rsx4e),Entitlement,Database Access Review,Peter Fictum (100254),ex9ajxled2rsx4e,Entitlement,"Server: A2PWDREVSQL02, Database: deferredRevenue_2009, DB Role: db_datawriter, Status: Enabled","Server: A2PWDREVSQL02, Database: deferredRevenue_2009, DB Role: db_datawriter, Status: Enabled",,Open,Peter Fictum (100254),Peter Fictum (100254),,
N2_e9C7A90E3DB8448 N2_e9C7A90E3DB8448 (N2_e9C7A90E3DB8448),Entitlement,Database Access Review,Peter Fictum (100254),n2_e9c7a90e3db8448,Entitlement,"Server: P3PWDREVSQL01, Database: deferredRevenue_2014, DB Role: db_datawriter, Status: Enabled","Server: P3PWDREVSQL01, Database: deferredRevenue_2014, DB Role: db_datawriter, Status: Enabled",,Open,Peter Fictum (100254),Peter Fictum (100254),,
Rashmi Jha (406929),Entitlement,Database Access Review,Peter Fictum (100254),dc1\rjha2,Entitlement,"Server: P3PWBIGRPTSQL04, Database: Server Level Permission, DB Role: sysadmin, Status: Enabled","Server: P3PWBIGRPTSQL04, Database: Server Level Permission, DB Role: sysadmin, Status: Enabled",Certification Items Revoked By Rachit Tanwar,Finished,Peter Fictum (100254),Rachit Tanwar (440439),"2/27/26, 9:03 PM",
dc1\msvc_q5k88m1dcb$ dc1\msvc_q5k88m1dcb$ (dc1\msvc_q5k88m1dcb$),Entitlement,Database Access Review,Peter Fictum (100254),dc1\msvc_q5k88m1dcb$,Entitlement,"Server: A2PWDREVSQL02, Database: deferredRevenue, DB Role: db_datawriter, Status: Enabled","Server: A2PWDREVSQL02, Database: deferredRevenue, DB Role: db_datawriter, Status: Enabled",Certification Items Revoked By Rachit Tanwar,Open,Peter Fictum (100254),Rachit Tanwar (440439),,
a8HN9Xm7HY6OWEa a8HN9Xm7HY6OWEa (a8HN9Xm7HY6OWEa),Entitlement,Database Access Review,Peter Fictum (100254),a8hn9xm7hy6owea,Entitlement,"Server: A2PWDREVSQL02, Database: deferredRevenue_xxxx, DB Role: db_datawriter, Status: Enabled","Server: A2PWDREVSQL02, Database: deferredRevenue_xxxx, DB Role: db_datawriter, Status: Enabled",,Open,Peter Fictum (100254),Peter Fictum (100254),,
Qiong Wu (412584),Entitlement,Database Access Review,Peter Fictum (100254),dc1\qwu,Entitlement,"Server: P3PWDREVSQL01, Database: godaddyBilling, DB Role: db_owner, Status: Enabled","Server: P3PWDREVSQL01, Database: godaddyBilling, DB Role: db_owner, Status: Enabled",,Open,Peter Fictum (100254),Bryan Focht (202136),,
g499A69A4AB5441 g499A69A4AB5441 (g499A69A4AB5441),Entitlement,Database Access Review,Peter Fictum (100254),g499a69a4ab5441,Entitlement,"Server: P3PWDREVSQL01, Database: accountingWarehouse, DB Role: db_owner, Status: Enabled","Server: P3PWDREVSQL01, Database: accountingWarehouse, DB Role: db_owner, Status: Enabled",,Open,Peter Fictum (100254),Peter Fictum (100254),,
k2AAA25AFC66B40 k2AAA25AFC66B40 (k2AAA25AFC66B40),Entitlement,Database Access Review,Peter Fictum (100254),k2aaa25afc66b40,Entitlement,"Server: A2PWPCISQL01, Database: goDaddyBasket, DB Role: db_datawriter, Status: Enabled","Server: A2PWPCISQL01, Database: goDaddyBasket, DB Role: db_datawriter, Status: Enabled",,Open,Peter Fictum (100254),Peter Fictum (100254),,
dc1\msvc_q5k88m1dcb$ dc1\msvc_q5k88m1dcb$ (dc1\msvc_q5k88m1dcb$),Entitlement,Database Access Review,Peter Fictum (100254),dc1\msvc_q5k88m1dcb$,Entitlement,"Server: A2PWDREVSQL02, Database: deferredRevenue_2009, DB Role: db_datawriter, Status: Enabled","Server: A2PWDREVSQL02, Database: deferredRevenue_2009, DB Role: db_datawriter, Status: Enabled",Certification Items Revoked By Rachit Tanwar,Open,Peter Fictum (100254),Rachit Tanwar (440439),,
cu2lRf00WRwuCRP cu2lRf00WRwuCRP (cu2lRf00WRwuCRP),Entitlement,Database Access Review,Peter Fictum (100254),cu2lrf00wrwucrp,Entitlement,"Server: A2PWPCISQL01, Database: Server Level Permission, DB Role: sysadmin, Status: Enabled","Server: A2PWPCISQL01, Database: Server Level Permission, DB Role: sysadmin, Status: Enabled",,Open,Peter Fictum (100254),Peter Fictum (100254),,
CHba4ITBZSjR0Aw CHba4ITBZSjR0Aw (CHba4ITBZSjR0Aw),Entitlement,Database Access Review,Peter Fictum (100254),chba4itbzsjr0aw,Entitlement,"Server: P3PWDREVSQL01, Database: deferredRevenue_2022, DB Role: db_datawriter, Status: Enabled","Server: P3PWDREVSQL01, Database: deferredRevenue_2022, DB Role: db_datawriter, Status: Enabled",,Open,Peter Fictum (100254),Peter Fictum (100254),,
N2_e9C7A90E3DB8448 N2_e9C7A90E3DB8448 (N2_e9C7A90E3DB8448),Entitlement,Database Access Review,Peter Fictum (100254),n2_e9c7a90e3db8448,Entitlement,"Server: A2PWDREVSQL02, Database: deferredRevenue_2016, DB Role: db_datawriter, Status: Enabled","Server: A2PWDREVSQL02, Database: deferredRevenue_2016, DB Role: db_datawriter, Status: Enabled",,Open,Peter Fictum (100254),Peter Fictum (100254),,
CHba4ITBZSjR0Aw CHba4ITBZSjR0Aw (CHba4ITBZSjR0Aw),Entitlement,Database Access Review,Peter Fictum (100254),chba4itbzsjr0aw,Entitlement,"Server: A2PWDREVSQL02, Database: deferredRevenue_2022, DB Role: db_datawriter, Status: Enabled","Server: A2PWDREVSQL02, Database: deferredRevenue_2022, DB Role: db_datawriter, Status: Enabled",,Open,Peter Fictum (100254),Peter Fictum (100254),,
N1_q55F823628CCA4D N1_q55F823628CCA4D (N1_q55F823628CCA4D),Entitlement,Database Access Review,Peter Fictum (100254),n1_q55f823628cca4d,Entitlement,"Server: A2PWDREVSQL02, Database: deferredRevenue_2009, DB Role: db_datawriter, Status: Enabled","Server: A2PWDREVSQL02, Database: deferredRevenue_2009, DB Role: db_datawriter, Status: Enabled",,Open,Peter Fictum (100254),Peter Fictum (100254),,
N2_e9C7A90E3DB8448 N2_e9C7A90E3DB8448 (N2_e9C7A90E3DB8448),Entitlement,Database Access Review,Peter Fictum (100254),n2_e9c7a90e3db8448,Entitlement,"Server: P3PWDREVSQL01, Database: deferredRevenue_2012, DB Role: db_datawriter, Status: Enabled","Server: P3PWDREVSQL01, Database: deferredRevenue_2012, DB Role: db_datawriter, Status: Enabled",,Open,Peter Fictum (100254),Peter Fictum (100254),,
e81973E55D7BC44 e81973E55D7BC44 (e81973E55D7BC44),Entitlement,Database Access Review,Peter Fictum (100254),e81973e55d7bc44,Entitlement,"Server: P3PWPCISQL02, Database: Server Level Permission, DB Role: sysadmin, Status: Enabled","Server: P3PWPCISQL02, Database: Server Level Permission, DB Role: sysadmin, Status: Enabled",,Open,Peter Fictum (100254),Peter Fictum (100254),,
sF2C9AFFCEA6243 sF2C9AFFCEA6243 (sF2C9AFFCEA6243),Entitlement,Database Access Review,Peter Fictum (100254),sf2c9affcea6243,Entitlement,"Server: A2PWPCISQL01, Database: Server Level Permission, DB Role: sysadmin, Status: Enabled","Server: A2PWPCISQL01, Database: Server Level Permission, DB Role: sysadmin, Status: Enabled",,Open,Peter Fictum (100254),Peter Fictum (100254),,
Ex9ajxlEd2Rsx4e Ex9ajxlEd2Rsx4e (Ex9ajxlEd2Rsx4e),Entitlement,Database Access Review,Peter Fictum (100254),ex9ajxled2rsx4e,Entitlement,"Server: P3PWDREVSQL01, Database: deferredRevenue_2007, DB Role: db_datawriter, Status: Enabled","Server: P3PWDREVSQL01, Database: deferredRevenue_2007, DB Role: db_datawriter, Status: Enabled",,Open,Peter Fictum (100254),Peter Fictum (100254),,
cBC3BAA4818C147 cBC3BAA4818C147 (cBC3BAA4818C147),Entitlement,Database Access Review,Peter Fictum (100254),cbc3baa4818c147,Entitlement,"Server: A2PWFKSQL01, Database: Server Level Permission, DB Role: sysadmin, Status: Enabled","Server: A2PWFKSQL01, Database: Server Level Permission, DB Role: sysadmin, Status: Enabled",,Open,Peter Fictum (100254),Peter Fictum (100254),,
CU40SjzJGXAvGb2 CU40SjzJGXAvGb2 (CU40SjzJGXAvGb2),Entitlement,Database Access Review,Peter Fictum (100254),cu40sjzjgxavgb2,Entitlement,"Server: A2PWPCISQL01, Database: Server Level Permission, DB Role: sysadmin, Status: Enabled","Server: A2PWPCISQL01, Database: Server Level Permission, DB Role: sysadmin, Status: Enabled",,Open,Peter Fictum (100254),Peter Fictum (100254),,
a8HN9Xm7HY6OWEa a8HN9Xm7HY6OWEa (a8HN9Xm7HY6OWEa),Entitlement,Database Access Review,Peter Fictum (100254),a8hn9xm7hy6owea,Entitlement,"Server: P3PWDREVSQL01, Database: deferredRevenue_2013, DB Role: db_datawriter, Status: Enabled","Server: P3PWDREVSQL01, Database: deferredRevenue_2013, DB Role: db_datawriter, Status: Enabled",,Open,Peter Fictum (100254),Peter Fictum (100254),,
dc1\msvc_dsw0wm918b$ dc1\msvc_dsw0wm918b$ (dc1\msvc_dsw0wm918b$),Entitlement,Database Access Review,Peter Fictum (100254),dc1\msvc_dsw0wm918b$,Entitlement,"Server: P3PWHYDRASQL02, Database: Server Level Permission, DB Role: securityadmin, Status: Enabled, Via AD Group: GAAP_SSO_Admin","Server: P3PWHYDRASQL02, Database: Server Level Permission, DB Role: securityadmin, Status: Enabled, Via AD Group: GAAP_SSO_Admin",Certification Items Revoked By Rachit Tanwar,Finished,Peter Fictum (100254),Rachit Tanwar (440439),"2/23/26, 5:05 PM",
Vera Oshyna (427789),Entitlement,Database Access Review,Peter Fictum (100254),dc1\voshyna,Entitlement,"Server: A2PWFKSQL01, Database: Server Level Permission, DB Role: sysadmin, Status: Enabled, Via AD Group: Dev-Web-eCommDB","Server: A2PWFKSQL01, Database: Server Level Permission, DB Role: sysadmin, Status: Enabled, Via AD Group: Dev-Web-eCommDB",,Finished,Peter Fictum (100254),Hemanth Kumar Guntupalli (419032),"2/19/26, 12:06 AM",
CHba4ITBZSjR0Aw CHba4ITBZSjR0Aw (CHba4ITBZSjR0Aw),Entitlement,Database Access Review,Peter Fictum (100254),chba4itbzsjr0aw,Entitlement,"Server: P3PWDREVSQL01, Database: deferredRevenue, DB Role: db_datawriter, Status: Enabled","Server: P3PWDREVSQL01, Database: deferredRevenue, DB Role: db_datawriter, Status: Enabled",,Open,Peter Fictum (100254),Peter Fictum (100254),,
goon_01j1trtjmdjgs87htfpp485dbs goon_01j1trtjmdjgs87htfpp485dbs (goon_01j1trtjmdjgs87htfpp485dbs),Entitlement,Database Access Review,Peter Fictum (100254),goon_01j1trtjmdjgs87htfpp485dbs,Entitlement,"Server: P3PWPSQL02, Database: merchantAccounts, DB Role: db_datawriter, Status: Enabled","Server: P3PWPSQL02, Database: merchantAccounts, DB Role: db_datawriter, Status: Enabled",Certification Items Revoked By Rachit Tanwar,Open,Peter Fictum (100254),Rachit Tanwar (440439),,
a8HN9Xm7HY6OWEa a8HN9Xm7HY6OWEa (a8HN9Xm7HY6OWEa),Entitlement,Database Access Review,Peter Fictum (100254),a8hn9xm7hy6owea,Entitlement,"Server: P3PWDREVSQL01, Database: deferredRevenue_2008, DB Role: db_datawriter, Status: Enabled","Server: P3PWDREVSQL01, Database: deferredRevenue_2008, DB Role: db_datawriter, Status: Enabled",,Open,Peter Fictum (100254),Peter Fictum (100254),,
goon_01j0trnjagv51zwg5bwdky8pan goon_01j0trnjagv51zwg5bwdky8pan (goon_01j0trnjagv51zwg5bwdky8pan),Entitlement,Database Access Review,Peter Fictum (100254),goon_01j0trnjagv51zwg5bwdky8pan,Entitlement,"Server: A2PWPSQL01, Database: gdInterCompanyReceipt, DB Role: db_datawriter, Status: Enabled","Server: A2PWPSQL01, Database: gdInterCompanyReceipt, DB Role: db_datawriter, Status: Enabled",Certification Items Revoked By Rachit Tanwar,Open,Peter Fictum (100254),Rachit Tanwar (440439),,
Qiong Wu (412584),Entitlement,Database Access Review,Peter Fictum (100254),dc1\qwu,Entitlement,"Server: A2PWDREVSQL02, Database: deferredRevenue, DB Role: db_owner, Status: Enabled","Server: A2PWDREVSQL02, Database: deferredRevenue, DB Role: db_owner, Status: Enabled",,Open,Peter Fictum (100254),Bryan Focht (202136),,
Ex9ajxlEd2Rsx4e Ex9ajxlEd2Rsx4e (Ex9ajxlEd2Rsx4e),Entitlement,Database Access Review,Peter Fictum (100254),ex9ajxled2rsx4e,Entitlement,"Server: A2PWDREVSQL02, Database: deferredRevenue_2015, DB Role: db_datawriter, Status: Enabled","Server: A2PWDREVSQL02, Database: deferredRevenue_2015, DB Role: db_datawriter, Status: Enabled",,Open,Peter Fictum (100254),Peter Fictum (100254),,
a8HN9Xm7HY6OWEa a8HN9Xm7HY6OWEa (a8HN9Xm7HY6OWEa),Entitlement,Database Access Review,Peter Fictum (100254),a8hn9xm7hy6owea,Entitlement,"Server: P3PWDREVSQL01, Database: deferredRevenue_2007, DB Role: db_datawriter, Status: Enabled","Server: P3PWDREVSQL01, Database: deferredRevenue_2007, DB Role: db_datawriter, Status: Enabled",,Open,Peter Fictum (100254),Peter Fictum (100254),,
N2_e9C7A90E3DB8448 N2_e9C7A90E3DB8448 (N2_e9C7A90E3DB8448),Entitlement,Database Access Review,Peter Fictum (100254),n2_e9c7a90e3db8448,Entitlement,"Server: A2PWDREVSQL02, Database: deferredRevenue_2008, DB Role: db_datawriter, Status: Enabled","Server: A2PWDREVSQL02, Database: deferredRevenue_2008, DB Role: db_datawriter, Status: Enabled",,Open,Peter Fictum (100254),Peter Fictum (100254),,
g499A69A4AB5441 g499A69A4AB5441 (g499A69A4AB5441),Entitlement,Database Access Review,Peter Fictum (100254),g499a69a4ab5441,Entitlement,"Server: A2PWDREVSQL02, Database: deferredRevenue_2016, DB Role: db_owner, Status: Enabled","Server: A2PWDREVSQL02, Database: deferredRevenue_2016, DB Role: db_owner, Status: Enabled",,Open,Peter Fictum (100254),Peter Fictum (100254),,
N2_e378D42D623B049 N2_e378D42D623B049 (N2_e378D42D623B049),Entitlement,Database Access Review,Peter Fictum (100254),n2_e378d42d623b049,Entitlement,"Server: A2PWDREVSQL02, Database: eCommAccounting, DB Role: db_datawriter, Status: Enabled","Server: A2PWDREVSQL02, Database: eCommAccounting, DB Role: db_datawriter, Status: Enabled",,Open,Peter Fictum (100254),Peter Fictum (100254),,
N2_e9C7A90E3DB8448 N2_e9C7A90E3DB8448 (N2_e9C7A90E3DB8448),Entitlement,Database Access Review,Peter Fictum (100254),n2_e9c7a90e3db8448,Entitlement,"Server: A2PWDREVSQL02, Database: deferredRevenue_2010, DB Role: db_datawriter, Status: Enabled","Server: A2PWDREVSQL02, Database: deferredRevenue_2010, DB Role: db_datawriter, Status: Enabled",,Open,Peter Fictum (100254),Peter Fictum (100254),,
e8D61E915F63F4B e8D61E915F63F4B (e8D61E915F63F4B),Entitlement,Database Access Review,Peter Fictum (100254),e8d61e915f63f4b,Entitlement,"Server: A2PWDREVSQL02, Database: deferredRevenue_2021, DB Role: db_datawriter, Status: Enabled","Server: A2PWDREVSQL02, Database: deferredRevenue_2021, DB Role: db_datawriter, Status: Enabled",,Open,Peter Fictum (100254),Peter Fictum (100254),,
YVUY4h77CBhID15 YVUY4h77CBhID15 (YVUY4h77CBhID15),Entitlement,Database Access Review,Peter Fictum (100254),yvuy4h77cbhid15,Entitlement,"Server: P3PWDREVSQL01, Database: eCommAccounting, DB Role: db_datawriter, Status: Enabled","Server: P3PWDREVSQL01, Database: eCommAccounting, DB Role: db_datawriter, Status: Enabled",,Open,Peter Fictum (100254),Peter Fictum (100254),,
goon_01j0trmc1cdex2zn5yff2em4d7 goon_01j0trmc1cdex2zn5yff2em4d7 (goon_01j0trmc1cdex2zn5yff2em4d7),Entitlement,Database Access Review,Peter Fictum (100254),goon_01j0trmc1cdex2zn5yff2em4d7,Entitlement,"Server: P3PWPSQL02, Database: gdMasterPromo, DB Role: db_datawriter, Status: Enabled","Server: P3PWPSQL02, Database: gdMasterPromo, DB Role: db_datawriter, Status: Enabled",Certification Items Revoked By Rachit Tanwar,Open,Peter Fictum (100254),Rachit Tanwar (440439),,
dc1\svci54gokgblo69ui dc1\svci54gokgblo69ui (dc1\svci54gokgblo69ui),Entitlement,Database Access Review,Peter Fictum (100254),dc1\svci54gokgblo69ui,Entitlement,"Server: P3PWACTSQL03, Database: Server Level Permission, DB Role: sysadmin, Status: Enabled","Server: P3PWACTSQL03, Database: Server Level Permission, DB Role: sysadmin, Status: Enabled",,Finished,Peter Fictum (100254),Peter Fictum (100254),"2/27/26, 9:03 PM",
a8HN9Xm7HY6OWEa a8HN9Xm7HY6OWEa (a8HN9Xm7HY6OWEa),Entitlement,Database Access Review,Peter Fictum (100254),a8hn9xm7hy6owea,Entitlement,"Server: A2PWDREVSQL02, Database: deferredRevenue_2012, DB Role: db_datawriter, Status: Enabled","Server: A2PWDREVSQL02, Database: deferredRevenue_2012, DB Role: db_datawriter, Status: Enabled",,Open,Peter Fictum (100254),Peter Fictum (100254),,
goon_01j1tr4k2av6ns00594p32xfsw goon_01j1tr4k2av6ns00594p32xfsw (goon_01j1tr4k2av6ns00594p32xfsw),Entitlement,Database Access Review,Peter Fictum (100254),goon_01j1tr4k2av6ns00594p32xfsw,Entitlement,"Server: P3PWPSQL02, Database: gdInterCompanyReceipt, DB Role: db_datawriter, Status: Enabled","Server: P3PWPSQL02, Database: gdInterCompanyReceipt, DB Role: db_datawriter, Status: Enabled",Certification Items Revoked By Rachit Tanwar,Open,Peter Fictum (100254),Rachit Tanwar (440439),,
e8D61E915F63F4B e8D61E915F63F4B (e8D61E915F63F4B),Entitlement,Database Access Review,Peter Fictum (100254),e8d61e915f63f4b,Entitlement,"Server: A2PWDREVSQL02, Database: deferredRevenue_xxxx, DB Role: db_datawriter, Status: Enabled","Server: A2PWDREVSQL02, Database: deferredRevenue_xxxx, DB Role: db_datawriter, Status: Enabled",,Open,Peter Fictum (100254),Peter Fictum (100254),,
Qiong Wu (412584),Entitlement,Database Access Review,Peter Fictum (100254),dc1\qwu,Entitlement,"Server: A2PWDREVSQL02, Database: deferredRevenue_2024, DB Role: db_owner, Status: Enabled","Server: A2PWDREVSQL02, Database: deferredRevenue_2024, DB Role: db_owner, Status: Enabled",,Open,Peter Fictum (100254),Bryan Focht (202136),,
Tianyi Guo (441705),Entitlement,Database Access Review,Peter Fictum (100254),dc1\tguo,Entitlement,"Server: A2PWFKSQL01, Database: fortKnox, DB Role: db_owner, Status: Enabled, Via AD Group: platapi","Server: A2PWFKSQL01, Database: fortKnox, DB Role: db_owner, Status: Enabled, Via AD Group: platapi",Certification Items Revoked By Rachit Tanwar,Finished,Peter Fictum (100254),Rachit Tanwar (440439),"2/23/26, 5:05 PM",
CHba4ITBZSjR0Aw CHba4ITBZSjR0Aw (CHba4ITBZSjR0Aw),Entitlement,Database Access Review,Peter Fictum (100254),chba4itbzsjr0aw,Entitlement,"Server: A2PWDREVSQL02, Database: deferredRevenue_2011, DB Role: db_datawriter, Status: Enabled","Server: A2PWDREVSQL02, Database: deferredRevenue_2011, DB Role: db_datawriter, Status: Enabled",,Open,Peter Fictum (100254),Peter Fictum (100254),,
a8HN9Xm7HY6OWEa a8HN9Xm7HY6OWEa (a8HN9Xm7HY6OWEa),Entitlement,Database Access Review,Peter Fictum (100254),a8hn9xm7hy6owea,Entitlement,"Server: A2PWDREVSQL02, Database: deferredRevenue_2014, DB Role: db_datawriter, Status: Enabled","Server: A2PWDREVSQL02, Database: deferredRevenue_2014, DB Role: db_datawriter, Status: Enabled",,Open,Peter Fictum (100254),Peter Fictum (100254),,
dc1\msvc_q5k88m1dcb$ dc1\msvc_q5k88m1dcb$ (dc1\msvc_q5k88m1dcb$),Entitlement,Database Access Review,Peter Fictum (100254),dc1\msvc_q5k88m1dcb$,Entitlement,"Server: P3PWDREVSQL01, Database: deferredRevenue_2011, DB Role: db_datawriter, Status: Enabled","Server: P3PWDREVSQL01, Database: deferredRevenue_2011, DB Role: db_datawriter, Status: Enabled",Certification Items Revoked By Rachit Tanwar,Open,Peter Fictum (100254),Rachit Tanwar (440439),,
Jacob Brooks (403672),Entitlement,Database Access Review,Peter Fictum (100254),dc1\jbrooks2,Entitlement,"Server: P3PWFKSQL02, Database: fortKnox, DB Role: db_datawriter, Status: Enabled, Via AD Group: platapi","Server: P3PWFKSQL02, Database: fortKnox, DB Role: db_datawriter, Status: Enabled, Via AD Group: platapi",Certification Items Revoked By Rachit Tanwar,Finished,Peter Fictum (100254),Rachit Tanwar (440439),"2/23/26, 5:05 PM",
Tianyi Guo (441705),Entitlement,Database Access Review,Peter Fictum (100254),dc1\tguo,Entitlement,"Server: P3PWFKSQL02, Database: fortKnox, DB Role: db_datawriter, Status: Enabled, Via AD Group: platapi","Server: P3PWFKSQL02, Database: fortKnox, DB Role: db_datawriter, Status: Enabled, Via AD Group: platapi",Certification Items Revoked By Rachit Tanwar,Finished,Peter Fictum (100254),Rachit Tanwar (440439),"2/23/26, 5:05 PM",
N1_q55F823628CCA4D N1_q55F823628CCA4D (N1_q55F823628CCA4D),Entitlement,Database Access Review,Peter Fictum (100254),n1_q55f823628cca4d,Entitlement,"Server: P3PWDREVSQL01, Database: deferredRevenue_2020, DB Role: db_datawriter, Status: Enabled","Server: P3PWDREVSQL01, Database: deferredRevenue_2020, DB Role: db_datawriter, Status: Enabled",,Open,Peter Fictum (100254),Peter Fictum (100254),,
zY0gime2FxOc8y9 zY0gime2FxOc8y9 (zY0gime2FxOc8y9),Entitlement,Database Access Review,Peter Fictum (100254),zy0gime2fxoc8y9,Entitlement,"Server: P3PWPCISQL02, Database: Server Level Permission, DB Role: sysadmin, Status: Enabled","Server: P3PWPCISQL02, Database: Server Level Permission, DB Role: sysadmin, Status: Enabled",,Open,Peter Fictum (100254),Peter Fictum (100254),,
e8D61E915F63F4B e8D61E915F63F4B (e8D61E915F63F4B),Entitlement,Database Access Review,Peter Fictum (100254),e8d61e915f63f4b,Entitlement,"Server: P3PWDREVSQL01, Database: deferredRevenue_2019, DB Role: db_datawriter, Status: Enabled","Server: P3PWDREVSQL01, Database: deferredRevenue_2019, DB Role: db_datawriter, Status: Enabled",,Open,Peter Fictum (100254),Peter Fictum (100254),,
nio98fnESFnfRS4 nio98fnESFnfRS4 (nio98fnESFnfRS4),Entitlement,Database Access Review,Peter Fictum (100254),nio98fnesfnfrs4,Entitlement,"Server: P3PWBIGRPTSQL04, Database: Server Level Permission, DB Role: sysadmin, Status: Enabled","Server: P3PWBIGRPTSQL04, Database: Server Level Permission, DB Role: sysadmin, Status: Enabled",,Finished,Peter Fictum (100254),Peter Fictum (100254),"2/27/26, 9:03 PM",
dc1\eng-techrisk dc1\eng-techrisk (dc1\eng-techrisk),Entitlement,Database Access Review,Peter Fictum (100254),dc1\eng-techrisk,Entitlement,"Server: P3PWBIGRPTSQL04, Database: godaddyAccounting, DB Role: db_securityadmin, Status: Enabled","Server: P3PWBIGRPTSQL04, Database: godaddyAccounting, DB Role: db_securityadmin, Status: Enabled","Group no longer requires this database permissions, however, note that access was authorized up until removal. RITM2876904 submitted to remove access.",Finished,Peter Fictum (100254),Brittany Randall (200303),"2/27/26, 9:03 PM",
e8D61E915F63F4B e8D61E915F63F4B (e8D61E915F63F4B),Entitlement,Database Access Review,Peter Fictum (100254),e8d61e915f63f4b,Entitlement,"Server: A2PWDREVSQL02, Database: deferredRevenue_2022, DB Role: db_datawriter, Status: Enabled","Server: A2PWDREVSQL02, Database: deferredRevenue_2022, DB Role: db_datawriter, Status: Enabled",,Open,Peter Fictum (100254),Peter Fictum (100254),,
k44F91794CE7A4C k44F91794CE7A4C (k44F91794CE7A4C),Entitlement,Database Access Review,Peter Fictum (100254),k44f91794ce7a4c,Entitlement,"Server: P3PWBIGRPTSQL04, Database: Server Level Permission, DB Role: sysadmin, Status: Enabled","Server: P3PWBIGRPTSQL04, Database: Server Level Permission, DB Role: sysadmin, Status: Enabled",,Finished,Peter Fictum (100254),Peter Fictum (100254),"2/27/26, 9:03 PM",
N2_e9C7A90E3DB8448 N2_e9C7A90E3DB8448 (N2_e9C7A90E3DB8448),Entitlement,Database Access Review,Peter Fictum (100254),n2_e9c7a90e3db8448,Entitlement,"Server: P3PWDREVSQL01, Database: deferredRevenue_2008, DB Role: db_datawriter, Status: Enabled","Server: P3PWDREVSQL01, Database: deferredRevenue_2008, DB Role: db_datawriter, Status: Enabled",,Open,Peter Fictum (100254),Peter Fictum (100254),,
Rahul Maurya (421405),Entitlement,Database Access Review,Peter Fictum (100254),dc1\rmaurya,Entitlement,"Server: P3PWPSQL02, Database: gdDelayedPayment, DB Role: db_owner, Status: Enabled","Server: P3PWPSQL02, Database: gdDelayedPayment, DB Role: db_owner, Status: Enabled",Certification Items Revoked By Rachit Tanwar,Open,Peter Fictum (100254),Rachit Tanwar (440439),,
e8D61E915F63F4B e8D61E915F63F4B (e8D61E915F63F4B),Entitlement,Database Access Review,Peter Fictum (100254),e8d61e915f63f4b,Entitlement,"Server: P3PWDREVSQL01, Database: deferredRevenue_2021, DB Role: db_datawriter, Status: Enabled","Server: P3PWDREVSQL01, Database: deferredRevenue_2021, DB Role: db_datawriter, Status: Enabled",,Open,Peter Fictum (100254),Peter Fictum (100254),,
goon_01j2ey6gfd49epgn7h92nmsvrv goon_01j2ey6gfd49epgn7h92nmsvrv (goon_01j2ey6gfd49epgn7h92nmsvrv),Entitlement,Database Access Review,Peter Fictum (100254),goon_01j2ey6gfd49epgn7h92nmsvrv,Entitlement,"Server: A2PWPSQL01, Database: SSL, DB Role: db_datawriter, Status: Enabled","Server: A2PWPSQL01, Database: SSL, DB Role: db_datawriter, Status: Enabled",Certification Items Revoked By Rachit Tanwar,Open,Peter Fictum (100254),Rachit Tanwar (440439),,
dc1\msvc_q5k88m1dcb$ dc1\msvc_q5k88m1dcb$ (dc1\msvc_q5k88m1dcb$),Entitlement,Database Access Review,Peter Fictum (100254),dc1\msvc_q5k88m1dcb$,Entitlement,"Server: P3PWDREVSQL01, Database: deferredRevenue_2017, DB Role: db_datawriter, Status: Enabled","Server: P3PWDREVSQL01, Database: deferredRevenue_2017, DB Role: db_datawriter, Status: Enabled",Certification Items Revoked By Rachit Tanwar,Open,Peter Fictum (100254),Rachit Tanwar (440439),,
f3AE2765F486D4B f3AE2765F486D4B (f3AE2765F486D4B),Entitlement,Database Access Review,Peter Fictum (100254),f3ae2765f486d4b,Entitlement,"Server: A2PWHYDRASQL01, Database: apWebSvc, DB Role: db_datawriter, Status: Enabled","Server: A2PWHYDRASQL01, Database: apWebSvc, DB Role: db_datawriter, Status: Enabled",,Open,Peter Fictum (100254),Peter Fictum (100254),,
e8D61E915F63F4B e8D61E915F63F4B (e8D61E915F63F4B),Entitlement,Database Access Review,Peter Fictum (100254),e8d61e915f63f4b,Entitlement,"Server: P3PWDREVSQL01, Database: deferredRevenue_2010, DB Role: db_datawriter, Status: Enabled","Server: P3PWDREVSQL01, Database: deferredRevenue_2010, DB Role: db_datawriter, Status: Enabled",,Open,Peter Fictum (100254),Peter Fictum (100254),,
r39EF07C3E73C42 r39EF07C3E73C42 (r39EF07C3E73C42),Entitlement,Database Access Review,Peter Fictum (100254),r39ef07c3e73c42,Entitlement,"Server: A2PWDREVSQL02, Database: deferredRevenue_2022, DB Role: db_datawriter, Status: Enabled","Server: A2PWDREVSQL02, Database: deferredRevenue_2022, DB Role: db_datawriter, Status: Enabled",,Open,Peter Fictum (100254),Peter Fictum (100254),,
dc1\0260a547d89cecm dc1\0260a547d89cecm (dc1\0260a547d89cecm),Entitlement,Database Access Review,Peter Fictum (100254),dc1\0260a547d89cecm,Entitlement,"Server: A2PWHYDRASQL01, Database: WorkdayConversion, DB Role: db_datawriter, Status: Enabled","Server: A2PWHYDRASQL01, Database: WorkdayConversion, DB Role: db_datawriter, Status: Enabled","Refer to RITM2878172, RITM2878174 for MSSQL Removal Tickets",Open,Peter Fictum (100254),Brittany Randall (200303),,
e8D61E915F63F4B e8D61E915F63F4B (e8D61E915F63F4B),Entitlement,Database Access Review,Peter Fictum (100254),e8d61e915f63f4b,Entitlement,"Server: P3PWDREVSQL01, Database: deferredRevenue_2012, DB Role: db_datawriter, Status: Enabled","Server: P3PWDREVSQL01, Database: deferredRevenue_2012, DB Role: db_datawriter, Status: Enabled",,Open,Peter Fictum (100254),Peter Fictum (100254),,
goon_01j1tq5p8ey1vw4r5v2d3wx4cr goon_01j1tq5p8ey1vw4r5v2d3wx4cr (goon_01j1tq5p8ey1vw4r5v2d3wx4cr),Entitlement,Database Access Review,Peter Fictum (100254),goon_01j1tq5p8ey1vw4r5v2d3wx4cr,Entitlement,"Server: P3PWPSQL02, Database: SSL, DB Role: db_datawriter, Status: Enabled","Server: P3PWPSQL02, Database: SSL, DB Role: db_datawriter, Status: Enabled",Certification Items Revoked By Rachit Tanwar,Open,Peter Fictum (100254),Rachit Tanwar (440439),,
e8D61E915F63F4B e8D61E915F63F4B (e8D61E915F63F4B),Entitlement,Database Access Review,Peter Fictum (100254),e8d61e915f63f4b,Entitlement,"Server: P3PWDREVSQL01, Database: deferredRevenue_2009, DB Role: db_datawriter, Status: Enabled","Server: P3PWDREVSQL01, Database: deferredRevenue_2009, DB Role: db_datawriter, Status: Enabled",,Open,Peter Fictum (100254),Peter Fictum (100254),,
goon_01j1tq5p8ey1vw4r5v2d3wx4cr goon_01j1tq5p8ey1vw4r5v2d3wx4cr (goon_01j1tq5p8ey1vw4r5v2d3wx4cr),Entitlement,Database Access Review,Peter Fictum (100254),goon_01j1tq5p8ey1vw4r5v2d3wx4cr,Entitlement,"Server: A2PWPSQL01, Database: gdMasterCatalog, DB Role: db_datawriter, Status: Enabled","Server: A2PWPSQL01, Database: gdMasterCatalog, DB Role: db_datawriter, Status: Enabled",Certification Items Revoked By Rachit Tanwar,Open,Peter Fictum (100254),Rachit Tanwar (440439),,
g499A69A4AB5441 g499A69A4AB5441 (g499A69A4AB5441),Entitlement,Database Access Review,Peter Fictum (100254),g499a69a4ab5441,Entitlement,"Server: A2PWDREVSQL02, Database: deferredRevenue_2013, DB Role: db_owner, Status: Enabled","Server: A2PWDREVSQL02, Database: deferredRevenue_2013, DB Role: db_owner, Status: Enabled",,Open,Peter Fictum (100254),Peter Fictum (100254),,
f0uZ6ZVyDG0O1OC f0uZ6ZVyDG0O1OC (f0uZ6ZVyDG0O1OC),Entitlement,Database Access Review,Peter Fictum (100254),f0uz6zvydg0o1oc,Entitlement,"Server: P3PWPCISQL02, Database: goDaddyBasket, DB Role: db_datawriter, Status: Enabled","Server: P3PWPCISQL02, Database: goDaddyBasket, DB Role: db_datawriter, Status: Enabled",,Open,Peter Fictum (100254),Peter Fictum (100254),,
goon_01hzg5v5ftkcf3bvc4gzrgwn9d goon_01hzg5v5ftkcf3bvc4gzrgwn9d (goon_01hzg5v5ftkcf3bvc4gzrgwn9d),Entitlement,Database Access Review,Peter Fictum (100254),goon_01hzg5v5ftkcf3bvc4gzrgwn9d,Entitlement,"Server: P3PWPSQL02, Database: GoDaddy, DB Role: db_datawriter, Status: Enabled","Server: P3PWPSQL02, Database: GoDaddy, DB Role: db_datawriter, Status: Enabled",Certification Items Revoked By Rachit Tanwar,Open,Peter Fictum (100254),Rachit Tanwar (440439),,
oDD15A7AED8D148 oDD15A7AED8D148 (oDD15A7AED8D148),Entitlement,Database Access Review,Peter Fictum (100254),odd15a7aed8d148,Entitlement,"Server: P3PWPCISQL02, Database: Server Level Permission, DB Role: sysadmin, Status: Enabled","Server: P3PWPCISQL02, Database: Server Level Permission, DB Role: sysadmin, Status: Enabled",,Open,Peter Fictum (100254),Peter Fictum (100254),,
goon_01j0trmc1cdex2zn5yff2em4d7 goon_01j0trmc1cdex2zn5yff2em4d7 (goon_01j0trmc1cdex2zn5yff2em4d7),Entitlement,Database Access Review,Peter Fictum (100254),goon_01j0trmc1cdex2zn5yff2em4d7,Entitlement,"Server: P3PWPSQL02, Database: GoDaddy, DB Role: db_datawriter, Status: Enabled","Server: P3PWPSQL02, Database: GoDaddy, DB Role: db_datawriter, Status: Enabled",Certification Items Revoked By Rachit Tanwar,Open,Peter Fictum (100254),Rachit Tanwar (440439),,
goon_01j1d6ks6wbrawe1gmpcthaqg1 goon_01j1d6ks6wbrawe1gmpcthaqg1 (goon_01j1d6ks6wbrawe1gmpcthaqg1),Entitlement,Database Access Review,Peter Fictum (100254),goon_01j1d6ks6wbrawe1gmpcthaqg1,Entitlement,"Server: P3PWPSQL02, Database: godaddyBilling, DB Role: db_datawriter, Status: Enabled","Server: P3PWPSQL02, Database: godaddyBilling, DB Role: db_datawriter, Status: Enabled",,Open,Peter Fictum (100254),Peter Fictum (100254),,
goon_01j1fpanf692rtz7k14a73mdpr goon_01j1fpanf692rtz7k14a73mdpr (goon_01j1fpanf692rtz7k14a73mdpr),Entitlement,Database Access Review,Peter Fictum (100254),goon_01j1fpanf692rtz7k14a73mdpr,Entitlement,"Server: P3PWPSQL02, Database: godaddyCPL, DB Role: db_datawriter, Status: Enabled","Server: P3PWPSQL02, Database: godaddyCPL, DB Role: db_datawriter, Status: Enabled",Certification Items Revoked By Rachit Tanwar,Open,Peter Fictum (100254),Rachit Tanwar (440439),,
nMo0jUb56543Csa nMo0jUb56543Csa (nMo0jUb56543Csa),Entitlement,Database Access Review,Peter Fictum (100254),nmo0jub56543csa,Entitlement,"Server: P3PWPSQL02, Database: merchantAccounts, DB Role: db_datawriter, Status: Enabled","Server: P3PWPSQL02, Database: merchantAccounts, DB Role: db_datawriter, Status: Enabled",Certification Items Revoked By Rachit Tanwar,Open,Peter Fictum (100254),Rachit Tanwar (440439),,
kD2603DA7BAC743 kD2603DA7BAC743 (kD2603DA7BAC743),Entitlement,Database Access Review,Peter Fictum (100254),kd2603da7bac743,Entitlement,"Server: A2PWPCISQL01, Database: Server Level Permission, DB Role: sysadmin, Status: Enabled","Server: A2PWPCISQL01, Database: Server Level Permission, DB Role: sysadmin, Status: Enabled",,Open,Peter Fictum (100254),Peter Fictum (100254),,
goon_01j0v4sm3snbfdmfxsqcntkpnm goon_01j0v4sm3snbfdmfxsqcntkpnm (goon_01j0v4sm3snbfdmfxsqcntkpnm),Entitlement,Database Access Review,Peter Fictum (100254),goon_01j0v4sm3snbfdmfxsqcntkpnm,Entitlement,"Server: A2PWPSQL01, Database: gdMasterPromo, DB Role: db_datawriter, Status: Enabled","Server: A2PWPSQL01, Database: gdMasterPromo, DB Role: db_datawriter, Status: Enabled",,Open,Peter Fictum (100254),Nandakumar Babu (208300),,
LinkServer_User LinkServer_User (LinkServer_User),Entitlement,Database Access Review,Peter Fictum (100254),linkserver_user,Entitlement,"Server: A2PWFKSQL01, Database: Server Level Permission, DB Role: sysadmin, Status: Enabled","Server: A2PWFKSQL01, Database: Server Level Permission, DB Role: sysadmin, Status: Enabled",,Open,Peter Fictum (100254),Peter Fictum (100254),,
g499A69A4AB5441 g499A69A4AB5441 (g499A69A4AB5441),Entitlement,Database Access Review,Peter Fictum (100254),g499a69a4ab5441,Entitlement,"Server: A2PWDREVSQL02, Database: deferredRevenue_2006, DB Role: db_owner, Status: Enabled","Server: A2PWDREVSQL02, Database: deferredRevenue_2006, DB Role: db_owner, Status: Enabled",,Open,Peter Fictum (100254),Peter Fictum (100254),,
a8HN9Xm7HY6OWEa a8HN9Xm7HY6OWEa (a8HN9Xm7HY6OWEa),Entitlement,Database Access Review,Peter Fictum (100254),a8hn9xm7hy6owea,Entitlement,"Server: P3PWDREVSQL01, Database: deferredRevenue_2015, DB Role: db_datawriter, Status: Enabled","Server: P3PWDREVSQL01, Database: deferredRevenue_2015, DB Role: db_datawriter, Status: Enabled",,Open,Peter Fictum (100254),Peter Fictum (100254),,
dc1\msvc_q5k88m1dcb$ dc1\msvc_q5k88m1dcb$ (dc1\msvc_q5k88m1dcb$),Entitlement,Database Access Review,Peter Fictum (100254),dc1\msvc_q5k88m1dcb$,Entitlement,"Server: P3PWPSQL02, Database: godaddyBilling, DB Role: db_datawriter, Status: Enabled","Server: P3PWPSQL02, Database: godaddyBilling, DB Role: db_datawriter, Status: Enabled",Certification Items Revoked By Rachit Tanwar,Open,Peter Fictum (100254),Rachit Tanwar (440439),,
CHba4ITBZSjR0Aw CHba4ITBZSjR0Aw (CHba4ITBZSjR0Aw),Entitlement,Database Access Review,Peter Fictum (100254),chba4itbzsjr0aw,Entitlement,"Server: A2PWDREVSQL02, Database: deferredRevenue_2010, DB Role: db_datawriter, Status: Enabled","Server: A2PWDREVSQL02, Database: deferredRevenue_2010, DB Role: db_datawriter, Status: Enabled",,Open,Peter Fictum (100254),Peter Fictum (100254),,
Qiong Wu (412584),Entitlement,Database Access Review,Peter Fictum (100254),dc1\qwu,Entitlement,"Server: A2PWDREVSQL02, Database: deferredRevenue_2022, DB Role: db_owner, Status: Enabled","Server: A2PWDREVSQL02, Database: deferredRevenue_2022, DB Role: db_owner, Status: Enabled",,Open,Peter Fictum (100254),Bryan Focht (202136),,
CHba4ITBZSjR0Aw CHba4ITBZSjR0Aw (CHba4ITBZSjR0Aw),Entitlement,Database Access Review,Peter Fictum (100254),chba4itbzsjr0aw,Entitlement,"Server: P3PWDREVSQL01, Database: deferredRevenue_2013, DB Role: db_datawriter, Status: Enabled","Server: P3PWDREVSQL01, Database: deferredRevenue_2013, DB Role: db_datawriter, Status: Enabled",,Open,Peter Fictum (100254),Peter Fictum (100254),,
goon_01j1tr4k2av6ns00594p32xfsw goon_01j1tr4k2av6ns00594p32xfsw (goon_01j1tr4k2av6ns00594p32xfsw),Entitlement,Database Access Review,Peter Fictum (100254),goon_01j1tr4k2av6ns00594p32xfsw,Entitlement,"Server: A2PWPSQL01, Database: merchantAccounts, DB Role: db_datawriter, Status: Enabled","Server: A2PWPSQL01, Database: merchantAccounts, DB Role: db_datawriter, Status: Enabled",Certification Items Revoked By Rachit Tanwar,Open,Peter Fictum (100254),Rachit Tanwar (440439),,
e505a4c58aba379e76939c8ed1f71832 e505a4c58aba379e76939c8ed1f71832 (e505a4c58aba379e76939c8ed1f71832),Entitlement,Database Access Review,Peter Fictum (100254),e505a4c58aba379e76939c8ed1f71832,Entitlement,"Server: A2PWPSQL01, Database: GoDaddy, DB Role: db_datawriter, Status: Enabled","Server: A2PWPSQL01, Database: GoDaddy, DB Role: db_datawriter, Status: Enabled",Certification Items Revoked By Rachit Tanwar,Open,Peter Fictum (100254),Rachit Tanwar (440439),,
dc1\msvc_q5k88m1dcb$ dc1\msvc_q5k88m1dcb$ (dc1\msvc_q5k88m1dcb$),Entitlement,Database Access Review,Peter Fictum (100254),dc1\msvc_q5k88m1dcb$,Entitlement,"Server: A2PWDREVSQL02, Database: deferredRevenue_2020, DB Role: db_datawriter, Status: Enabled","Server: A2PWDREVSQL02, Database: deferredRevenue_2020, DB Role: db_datawriter, Status: Enabled",Certification Items Revoked By Rachit Tanwar,Open,Peter Fictum (100254),Rachit Tanwar (440439),,
N2_e9C7A90E3DB8448 N2_e9C7A90E3DB8448 (N2_e9C7A90E3DB8448),Entitlement,Database Access Review,Peter Fictum (100254),n2_e9c7a90e3db8448,Entitlement,"Server: A2PWDREVSQL02, Database: deferredRevenue_2018, DB Role: db_datawriter, Status: Enabled","Server: A2PWDREVSQL02, Database: deferredRevenue_2018, DB Role: db_datawriter, Status: Enabled",,Open,Peter Fictum (100254),Peter Fictum (100254),,
s66F06DA8D027EB s66F06DA8D027EB (s66F06DA8D027EB),Entitlement,Database Access Review,Peter Fictum (100254),s66f06da8d027eb,Entitlement,"Server: P3PWBIGRPTSQL03, Database: Server Level Permission, DB Role: sysadmin, Status: Enabled","Server: P3PWBIGRPTSQL03, Database: Server Level Permission, DB Role: sysadmin, Status: Enabled",,Finished,Peter Fictum (100254),Peter Fictum (100254),"2/27/26, 9:03 PM",
goon_01j0trmc1cdex2zn5yff2em4d7 goon_01j0trmc1cdex2zn5yff2em4d7 (goon_01j0trmc1cdex2zn5yff2em4d7),Entitlement,Database Access Review,Peter Fictum (100254),goon_01j0trmc1cdex2zn5yff2em4d7,Entitlement,"Server: A2PWPSQL01, Database: godaddyBilling, DB Role: db_datawriter, Status: Enabled","Server: A2PWPSQL01, Database: godaddyBilling, DB Role: db_datawriter, Status: Enabled",Certification Items Revoked By Rachit Tanwar,Open,Peter Fictum (100254),Rachit Tanwar (440439),,
a8HN9Xm7HY6OWEa a8HN9Xm7HY6OWEa (a8HN9Xm7HY6OWEa),Entitlement,Database Access Review,Peter Fictum (100254),a8hn9xm7hy6owea,Entitlement,"Server: A2PWDREVSQL02, Database: deferredRevenue_2022, DB Role: db_datawriter, Status: Enabled","Server: A2PWDREVSQL02, Database: deferredRevenue_2022, DB Role: db_datawriter, Status: Enabled",,Open,Peter Fictum (100254),Peter Fictum (100254),,
a8HN9Xm7HY6OWEa a8HN9Xm7HY6OWEa (a8HN9Xm7HY6OWEa),Entitlement,Database Access Review,Peter Fictum (100254),a8hn9xm7hy6owea,Entitlement,"Server: P3PWDREVSQL01, Database: deferredRevenue_2021, DB Role: db_datawriter, Status: Enabled","Server: P3PWDREVSQL01, Database: deferredRevenue_2021, DB Role: db_datawriter, Status: Enabled",,Open,Peter Fictum (100254),Peter Fictum (100254),,
Vera Oshyna (427789),Entitlement,Database Access Review,Peter Fictum (100254),dc1\voshyna,Entitlement,"Server: P3PWPSQL02, Database: Server Level Permission, DB Role: sysadmin, Status: Enabled, Via AD Group: Dev-Web-eCommDB","Server: P3PWPSQL02, Database: Server Level Permission, DB Role: sysadmin, Status: Enabled, Via AD Group: Dev-Web-eCommDB",,Finished,Peter Fictum (100254),Hemanth Kumar Guntupalli (419032),"2/19/26, 12:06 AM",
goon_01j2ey6gfd49epgn7h92nmsvrv goon_01j2ey6gfd49epgn7h92nmsvrv (goon_01j2ey6gfd49epgn7h92nmsvrv),Entitlement,Database Access Review,Peter Fictum (100254),goon_01j2ey6gfd49epgn7h92nmsvrv,Entitlement,"Server: A2PWPSQL01, Database: gdMasterCatalog, DB Role: db_datawriter, Status: Enabled","Server: A2PWPSQL01, Database: gdMasterCatalog, DB Role: db_datawriter, Status: Enabled",Certification Items Revoked By Rachit Tanwar,Open,Peter Fictum (100254),Rachit Tanwar (440439),,
a8HN9Xm7HY6OWEa a8HN9Xm7HY6OWEa (a8HN9Xm7HY6OWEa),Entitlement,Database Access Review,Peter Fictum (100254),a8hn9xm7hy6owea,Entitlement,"Server: A2PWDREVSQL02, Database: deferredRevenue_2017, DB Role: db_datawriter, Status: Enabled","Server: A2PWDREVSQL02, Database: deferredRevenue_2017, DB Role: db_datawriter, Status: Enabled",,Open,Peter Fictum (100254),Peter Fictum (100254),,
goon_01j1tr4zwaqk4asgstxy0mjn2k goon_01j1tr4zwaqk4asgstxy0mjn2k (goon_01j1tr4zwaqk4asgstxy0mjn2k),Entitlement,Database Access Review,Peter Fictum (100254),goon_01j1tr4zwaqk4asgstxy0mjn2k,Entitlement,"Server: A2PWPSQL01, Database: GoDaddy, DB Role: db_datawriter, Status: Enabled","Server: A2PWPSQL01, Database: GoDaddy, DB Role: db_datawriter, Status: Enabled",Certification Items Revoked By Rachit Tanwar,Open,Peter Fictum (100254),Rachit Tanwar (440439),,
goon_01j1tq5qz035qxrd2h2vyyweza goon_01j1tq5qz035qxrd2h2vyyweza (goon_01j1tq5qz035qxrd2h2vyyweza),Entitlement,Database Access Review,Peter Fictum (100254),goon_01j1tq5qz035qxrd2h2vyyweza,Entitlement,"Server: A2PWPSQL01, Database: gdMasterCatalog, DB Role: db_datawriter, Status: Enabled","Server: A2PWPSQL01, Database: gdMasterCatalog, DB Role: db_datawriter, Status: Enabled",Certification Items Revoked By Rachit Tanwar,Open,Peter Fictum (100254),Rachit Tanwar (440439),,
dc1\msvc_q5k88m1dcb$ dc1\msvc_q5k88m1dcb$ (dc1\msvc_q5k88m1dcb$),Entitlement,Database Access Review,Peter Fictum (100254),dc1\msvc_q5k88m1dcb$,Entitlement,"Server: A2PWDREVSQL02, Database: deferredRevenue_2013, DB Role: db_datawriter, Status: Enabled","Server: A2PWDREVSQL02, Database: deferredRevenue_2013, DB Role: db_datawriter, Status: Enabled",Certification Items Revoked By Rachit Tanwar,Open,Peter Fictum (100254),Rachit Tanwar (440439),,
goon_01j0trmc1cdex2zn5yff2em4d7 goon_01j0trmc1cdex2zn5yff2em4d7 (goon_01j0trmc1cdex2zn5yff2em4d7),Entitlement,Database Access Review,Peter Fictum (100254),goon_01j0trmc1cdex2zn5yff2em4d7,Entitlement,"Server: A2PWPSQL01, Database: merchantAccounts, DB Role: db_datawriter, Status: Enabled","Server: A2PWPSQL01, Database: merchantAccounts, DB Role: db_datawriter, Status: Enabled",Certification Items Revoked By Rachit Tanwar,Open,Peter Fictum (100254),Rachit Tanwar (440439),,
Rahul Maurya (421405),Entitlement,Database Access Review,Peter Fictum (100254),dc1\rmaurya,Entitlement,"Server: A2PWPSQL01, Database: gdDelayedPayment, DB Role: db_owner, Status: Enabled","Server: A2PWPSQL01, Database: gdDelayedPayment, DB Role: db_owner, Status: Enabled",Certification Items Revoked By Rachit Tanwar,Open,Peter Fictum (100254),Rachit Tanwar (440439),,
a8HN9Xm7HY6OWEa a8HN9Xm7HY6OWEa (a8HN9Xm7HY6OWEa),Entitlement,Database Access Review,Peter Fictum (100254),a8hn9xm7hy6owea,Entitlement,"Server: A2PWDREVSQL02, Database: deferredRevenue_2010, DB Role: db_datawriter, Status: Enabled","Server: A2PWDREVSQL02, Database: deferredRevenue_2010, DB Role: db_datawriter, Status: Enabled",,Open,Peter Fictum (100254),Peter Fictum (100254),,
Qiong Wu (412584),Entitlement,Database Access Review,Peter Fictum (100254),dc1\qwu,Entitlement,"Server: P3PWDREVSQL01, Database: eCommAccounting, DB Role: db_owner, Status: Enabled","Server: P3PWDREVSQL01, Database: eCommAccounting, DB Role: db_owner, Status: Enabled",,Open,Peter Fictum (100254),Bryan Focht (202136),,
N1_q55F823628CCA4D N1_q55F823628CCA4D (N1_q55F823628CCA4D),Entitlement,Database Access Review,Peter Fictum (100254),n1_q55f823628cca4d,Entitlement,"Server: P3PWDREVSQL01, Database: deferredRevenue_2022, DB Role: db_datawriter, Status: Enabled","Server: P3PWDREVSQL01, Database: deferredRevenue_2022, DB Role: db_datawriter, Status: Enabled",,Open,Peter Fictum (100254),Peter Fictum (100254),,
xA35CEE06247F44 xA35CEE06247F44 (xA35CEE06247F44),Entitlement,Database Access Review,Peter Fictum (100254),xa35cee06247f44,Entitlement,"Server: A2PWDREVSQL02, Database: gdMasterCatalog, DB Role: db_owner, Status: Enabled","Server: A2PWDREVSQL02, Database: gdMasterCatalog, DB Role: db_owner, Status: Enabled",,Open,Peter Fictum (100254),Peter Fictum (100254),,
y9475B04EF79642 y9475B04EF79642 (y9475B04EF79642),Entitlement,Database Access Review,Peter Fictum (100254),y9475b04ef79642,Entitlement,"Server: P3PWBIGRPTSQL04, Database: Server Level Permission, DB Role: sysadmin, Status: Enabled","Server: P3PWBIGRPTSQL04, Database: Server Level Permission, DB Role: sysadmin, Status: Enabled",,Finished,Peter Fictum (100254),Peter Fictum (100254),"2/27/26, 9:03 PM",
goon_01j0v4sm3snbfdmfxsqcntkpnm goon_01j0v4sm3snbfdmfxsqcntkpnm (goon_01j0v4sm3snbfdmfxsqcntkpnm),Entitlement,Database Access Review,Peter Fictum (100254),goon_01j0v4sm3snbfdmfxsqcntkpnm,Entitlement,"Server: P3PWPSQL02, Database: godaddyCPL, DB Role: db_datawriter, Status: Enabled","Server: P3PWPSQL02, Database: godaddyCPL, DB Role: db_datawriter, Status: Enabled",,Open,Peter Fictum (100254),Nandakumar Babu (208300),,
r39EF07C3E73C42 r39EF07C3E73C42 (r39EF07C3E73C42),Entitlement,Database Access Review,Peter Fictum (100254),r39ef07c3e73c42,Entitlement,"Server: P3PWDREVSQL01, Database: deferredRevenue_2014, DB Role: db_datawriter, Status: Enabled","Server: P3PWDREVSQL01, Database: deferredRevenue_2014, DB Role: db_datawriter, Status: Enabled",,Open,Peter Fictum (100254),Peter Fictum (100254),,
N1_q55F823628CCA4D N1_q55F823628CCA4D (N1_q55F823628CCA4D),Entitlement,Database Access Review,Peter Fictum (100254),n1_q55f823628cca4d,Entitlement,"Server: P3PWDREVSQL01, Database: deferredRevenue_2024, DB Role: db_datawriter, Status: Enabled","Server: P3PWDREVSQL01, Database: deferredRevenue_2024, DB Role: db_datawriter, Status: Enabled",,Open,Peter Fictum (100254),Peter Fictum (100254),,
N2_e9C7A90E3DB8448 N2_e9C7A90E3DB8448 (N2_e9C7A90E3DB8448),Entitlement,Database Access Review,Peter Fictum (100254),n2_e9c7a90e3db8448,Entitlement,"Server: P3PWDREVSQL01, Database: deferredRevenue_2020, DB Role: db_datawriter, Status: Enabled","Server: P3PWDREVSQL01, Database: deferredRevenue_2020, DB Role: db_datawriter, Status: Enabled",,Open,Peter Fictum (100254),Peter Fictum (100254),,
Ex9ajxlEd2Rsx4e Ex9ajxlEd2Rsx4e (Ex9ajxlEd2Rsx4e),Entitlement,Database Access Review,Peter Fictum (100254),ex9ajxled2rsx4e,Entitlement,"Server: P3PWDREVSQL01, Database: deferredRevenue_2022, DB Role: db_datawriter, Status: Enabled","Server: P3PWDREVSQL01, Database: deferredRevenue_2022, DB Role: db_datawriter, Status: Enabled",,Open,Peter Fictum (100254),Peter Fictum (100254),,
goon_01j2ey6gfd49epgn7h92nmsvrv goon_01j2ey6gfd49epgn7h92nmsvrv (goon_01j2ey6gfd49epgn7h92nmsvrv),Entitlement,Database Access Review,Peter Fictum (100254),goon_01j2ey6gfd49epgn7h92nmsvrv,Entitlement,"Server: P3PWPSQL02, Database: godaddyCPL, DB Role: db_datawriter, Status: Enabled","Server: P3PWPSQL02, Database: godaddyCPL, DB Role: db_datawriter, Status: Enabled",Certification Items Revoked By Rachit Tanwar,Open,Peter Fictum (100254),Rachit Tanwar (440439),,
e8E4EAA9DDCD04F e8E4EAA9DDCD04F (e8E4EAA9DDCD04F),Entitlement,Database Access Review,Peter Fictum (100254),e8e4eaa9ddcd04f,Entitlement,"Server: A2PWPCISQL01, Database: Server Level Permission, DB Role: sysadmin, Status: Enabled","Server: A2PWPCISQL01, Database: Server Level Permission, DB Role: sysadmin, Status: Enabled",,Open,Peter Fictum (100254),Peter Fictum (100254),,
goon_01j1d6ks6wbrawe1gmpcthaqg1 goon_01j1d6ks6wbrawe1gmpcthaqg1 (goon_01j1d6ks6wbrawe1gmpcthaqg1),Entitlement,Database Access Review,Peter Fictum (100254),goon_01j1d6ks6wbrawe1gmpcthaqg1,Entitlement,"Server: A2PWPSQL01, Database: gdMasterCatalog, DB Role: db_datawriter, Status: Enabled","Server: A2PWPSQL01, Database: gdMasterCatalog, DB Role: db_datawriter, Status: Enabled",,Open,Peter Fictum (100254),Peter Fictum (100254),,
Ex9ajxlEd2Rsx4e Ex9ajxlEd2Rsx4e (Ex9ajxlEd2Rsx4e),Entitlement,Database Access Review,Peter Fictum (100254),ex9ajxled2rsx4e,Entitlement,"Server: A2PWDREVSQL02, Database: deferredRevenue_xxxx, DB Role: db_datawriter, Status: Enabled","Server: A2PWDREVSQL02, Database: deferredRevenue_xxxx, DB Role: db_datawriter, Status: Enabled",,Open,Peter Fictum (100254),Peter Fictum (100254),,
a8HN9Xm7HY6OWEa a8HN9Xm7HY6OWEa (a8HN9Xm7HY6OWEa),Entitlement,Database Access Review,Peter Fictum (100254),a8hn9xm7hy6owea,Entitlement,"Server: P3PWDREVSQL01, Database: deferredRevenue_2019, DB Role: db_datawriter, Status: Enabled","Server: P3PWDREVSQL01, Database: deferredRevenue_2019, DB Role: db_datawriter, Status: Enabled",,Open,Peter Fictum (100254),Peter Fictum (100254),,
Qiong Wu (412584),Entitlement,Database Access Review,Peter Fictum (100254),dc1\qwu,Entitlement,"Server: P3PWDREVSQL01, Database: deferredRevenue_2022, DB Role: db_owner, Status: Enabled","Server: P3PWDREVSQL01, Database: deferredRevenue_2022, DB Role: db_owner, Status: Enabled",,Open,Peter Fictum (100254),Bryan Focht (202136),,
dc1\msvc_jne9ijrnmm$ dc1\msvc_jne9ijrnmm$ (dc1\msvc_jne9ijrnmm$),Entitlement,Database Access Review,Peter Fictum (100254),dc1\msvc_jne9ijrnmm$,Entitlement,"Server: P3PWPSQL02, Database: GoDaddy, DB Role: db_datawriter, Status: Enabled","Server: P3PWPSQL02, Database: GoDaddy, DB Role: db_datawriter, Status: Enabled",,Open,Peter Fictum (100254),Peter Fictum (100254),,
goon_01j1tr4zwaqk4asgstxy0mjn2k goon_01j1tr4zwaqk4asgstxy0mjn2k (goon_01j1tr4zwaqk4asgstxy0mjn2k),Entitlement,Database Access Review,Peter Fictum (100254),goon_01j1tr4zwaqk4asgstxy0mjn2k,Entitlement,"Server: A2PWPSQL01, Database: merchantAccounts, DB Role: db_datawriter, Status: Enabled","Server: A2PWPSQL01, Database: merchantAccounts, DB Role: db_datawriter, Status: Enabled",Certification Items Revoked By Rachit Tanwar,Open,Peter Fictum (100254),Rachit Tanwar (440439),,
goon_03knekfnemnekf0283nf23n1nn goon_03knekfnemnekf0283nf23n1nn (goon_03knekfnemnekf0283nf23n1nn),Entitlement,Database Access Review,Peter Fictum (100254),goon_03knekfnemnekf0283nf23n1nn,Entitlement,"Server: P3PWPSQL02, Database: GoDaddy, DB Role: db_datawriter, Status: Enabled","Server: P3PWPSQL02, Database: GoDaddy, DB Role: db_datawriter, Status: Enabled",Certification Items Revoked By Rachit Tanwar,Open,Peter Fictum (100254),Rachit Tanwar (440439),,
goon_01j1tr4zwaqk4asgstxy0mjn2k goon_01j1tr4zwaqk4asgstxy0mjn2k (goon_01j1tr4zwaqk4asgstxy0mjn2k),Entitlement,Database Access Review,Peter Fictum (100254),goon_01j1tr4zwaqk4asgstxy0mjn2k,Entitlement,"Server: P3PWPSQL02, Database: GoDaddy, DB Role: db_datawriter, Status: Enabled","Server: P3PWPSQL02, Database: GoDaddy, DB Role: db_datawriter, Status: Enabled",Certification Items Revoked By Rachit Tanwar,Open,Peter Fictum (100254),Rachit Tanwar (440439),,
a8HN9Xm7HY6OWEa a8HN9Xm7HY6OWEa (a8HN9Xm7HY6OWEa),Entitlement,Database Access Review,Peter Fictum (100254),a8hn9xm7hy6owea,Entitlement,"Server: P3PWDREVSQL01, Database: deferredRevenue_2017, DB Role: db_datawriter, Status: Enabled","Server: P3PWDREVSQL01, Database: deferredRevenue_2017, DB Role: db_datawriter, Status: Enabled",,Open,Peter Fictum (100254),Peter Fictum (100254),,
Jacob Brooks (403672),Entitlement,Database Access Review,Peter Fictum (100254),dc1\jbrooks2,Entitlement,"Server: A2PWFKSQL01, Database: fortKnox, DB Role: db_datawriter, Status: Enabled, Via AD Group: platapi","Server: A2PWFKSQL01, Database: fortKnox, DB Role: db_datawriter, Status: Enabled, Via AD Group: platapi",Certification Items Revoked By Rachit Tanwar,Finished,Peter Fictum (100254),Rachit Tanwar (440439),"2/23/26, 5:05 PM",
goon_01j1tq5p8ey1vw4r5v2d3wx4cr goon_01j1tq5p8ey1vw4r5v2d3wx4cr (goon_01j1tq5p8ey1vw4r5v2d3wx4cr),Entitlement,Database Access Review,Peter Fictum (100254),goon_01j1tq5p8ey1vw4r5v2d3wx4cr,Entitlement,"Server: A2PWPSQL01, Database: GoDaddy, DB Role: db_datawriter, Status: Enabled","Server: A2PWPSQL01, Database: GoDaddy, DB Role: db_datawriter, Status: Enabled",Certification Items Revoked By Rachit Tanwar,Open,Peter Fictum (100254),Rachit Tanwar (440439),,
goon_01j1fpanf692rtz7k14a73mdpr goon_01j1fpanf692rtz7k14a73mdpr (goon_01j1fpanf692rtz7k14a73mdpr),Entitlement,Database Access Review,Peter Fictum (100254),goon_01j1fpanf692rtz7k14a73mdpr,Entitlement,"Server: P3PWPSQL02, Database: merchantAccounts, DB Role: db_datawriter, Status: Enabled","Server: P3PWPSQL02, Database: merchantAccounts, DB Role: db_datawriter, Status: Enabled",Certification Items Revoked By Rachit Tanwar,Open,Peter Fictum (100254),Rachit Tanwar (440439),,
goon_01j1tr4k2av6ns00594p32xfsw goon_01j1tr4k2av6ns00594p32xfsw (goon_01j1tr4k2av6ns00594p32xfsw),Entitlement,Database Access Review,Peter Fictum (100254),goon_01j1tr4k2av6ns00594p32xfsw,Entitlement,"Server: A2PWPSQL01, Database: gdMasterPromo, DB Role: db_datawriter, Status: Enabled","Server: A2PWPSQL01, Database: gdMasterPromo, DB Role: db_datawriter, Status: Enabled",Certification Items Revoked By Rachit Tanwar,Open,Peter Fictum (100254),Rachit Tanwar (440439),,
CHba4ITBZSjR0Aw CHba4ITBZSjR0Aw (CHba4ITBZSjR0Aw),Entitlement,Database Access Review,Peter Fictum (100254),chba4itbzsjr0aw,Entitlement,"Server: A2PWDREVSQL02, Database: deferredRevenue_2007, DB Role: db_datawriter, Status: Enabled","Server: A2PWDREVSQL02, Database: deferredRevenue_2007, DB Role: db_datawriter, Status: Enabled",,Open,Peter Fictum (100254),Peter Fictum (100254),,
N2_e9C7A90E3DB8448 N2_e9C7A90E3DB8448 (N2_e9C7A90E3DB8448),Entitlement,Database Access Review,Peter Fictum (100254),n2_e9c7a90e3db8448,Entitlement,"Server: A2PWDREVSQL02, Database: deferredRevenue_2017, DB Role: db_datawriter, Status: Enabled","Server: A2PWDREVSQL02, Database: deferredRevenue_2017, DB Role: db_datawriter, Status: Enabled",,Open,Peter Fictum (100254),Peter Fictum (100254),,
r39EF07C3E73C42 r39EF07C3E73C42 (r39EF07C3E73C42),Entitlement,Database Access Review,Peter Fictum (100254),r39ef07c3e73c42,Entitlement,"Server: A2PWDREVSQL02, Database: deferredRevenue, DB Role: db_datawriter, Status: Enabled","Server: A2PWDREVSQL02, Database: deferredRevenue, DB Role: db_datawriter, Status: Enabled",,Open,Peter Fictum (100254),Peter Fictum (100254),,
N2_e9C7A90E3DB8448 N2_e9C7A90E3DB8448 (N2_e9C7A90E3DB8448),Entitlement,Database Access Review,Peter Fictum (100254),n2_e9c7a90e3db8448,Entitlement,"Server: A2PWDREVSQL02, Database: deferredRevenue_2007, DB Role: db_datawriter, Status: Enabled","Server: A2PWDREVSQL02, Database: deferredRevenue_2007, DB Role: db_datawriter, Status: Enabled",,Open,Peter Fictum (100254),Peter Fictum (100254),,
Suryansh Nikhra (440435),Entitlement,Database Access Review,Peter Fictum (100254),dc1\snikhra,Entitlement,"Server: P3PWPSQL02, Database: GoDaddy, DB Role: db_ddladmin, Status: Enabled, Via AD Group: platapi","Server: P3PWPSQL02, Database: GoDaddy, DB Role: db_ddladmin, Status: Enabled, Via AD Group: platapi",,Finished,Peter Fictum (100254),Megha Agarwal (401726),"2/23/26, 5:05 PM",
Michael Lederer (420137),Entitlement,Database Access Review,Peter Fictum (100254),dc1\mlederer1,Entitlement,"Server: P3PWBIGRPTSQL04, Database: Server Level Permission, DB Role: sysadmin, Status: Enabled","Server: P3PWBIGRPTSQL04, Database: Server Level Permission, DB Role: sysadmin, Status: Enabled",Certification Items Revoked By Rachit Tanwar,Finished,Peter Fictum (100254),Rachit Tanwar (440439),"2/27/26, 9:03 PM",
e8D61E915F63F4B e8D61E915F63F4B (e8D61E915F63F4B),Entitlement,Database Access Review,Peter Fictum (100254),e8d61e915f63f4b,Entitlement,"Server: P3PWDREVSQL01, Database: deferredRevenue_2005, DB Role: db_datawriter, Status: Enabled","Server: P3PWDREVSQL01, Database: deferredRevenue_2005, DB Role: db_datawriter, Status: Enabled",,Open,Peter Fictum (100254),Peter Fictum (100254),,
sB1F31329163696 sB1F31329163696 (sB1F31329163696),Entitlement,Database Access Review,Peter Fictum (100254),sb1f31329163696,Entitlement,"Server: A2PWHYDRASQL01, Database: Server Level Permission, DB Role: sysadmin, Status: Enabled","Server: A2PWHYDRASQL01, Database: Server Level Permission, DB Role: sysadmin, Status: Enabled",,Open,Peter Fictum (100254),Peter Fictum (100254),,
N1_q55F823628CCA4D N1_q55F823628CCA4D (N1_q55F823628CCA4D),Entitlement,Database Access Review,Peter Fictum (100254),n1_q55f823628cca4d,Entitlement,"Server: A2PWDREVSQL02, Database: deferredRevenue_2022, DB Role: db_datawriter, Status: Enabled","Server: A2PWDREVSQL02, Database: deferredRevenue_2022, DB Role: db_datawriter, Status: Enabled",,Open,Peter Fictum (100254),Peter Fictum (100254),,
N1_q55F823628CCA4D N1_q55F823628CCA4D (N1_q55F823628CCA4D),Entitlement,Database Access Review,Peter Fictum (100254),n1_q55f823628cca4d,Entitlement,"Server: A2PWDREVSQL02, Database: deferredRevenue_2024, DB Role: db_datawriter, Status: Enabled","Server: A2PWDREVSQL02, Database: deferredRevenue_2024, DB Role: db_datawriter, Status: Enabled",,Open,Peter Fictum (100254),Peter Fictum (100254),,
N1_q55F823628CCA4D N1_q55F823628CCA4D (N1_q55F823628CCA4D),Entitlement,Database Access Review,Peter Fictum (100254),n1_q55f823628cca4d,Entitlement,"Server: A2PWDREVSQL02, Database: deferredRevenue_2017, DB Role: db_datawriter, Status: Enabled","Server: A2PWDREVSQL02, Database: deferredRevenue_2017, DB Role: db_datawriter, Status: Enabled",,Open,Peter Fictum (100254),Peter Fictum (100254),,
winfas winfas (winfas),Entitlement,Database Access Review,Peter Fictum (100254),winfas,Entitlement,"Server: P3PWHYDRASQL02, Database: Server Level Permission, DB Role: sysadmin, Status: Enabled","Server: P3PWHYDRASQL02, Database: Server Level Permission, DB Role: sysadmin, Status: Enabled",,Open,Peter Fictum (100254),Peter Fictum (100254),,
dc1\msvc_q5k88m1dcb$ dc1\msvc_q5k88m1dcb$ (dc1\msvc_q5k88m1dcb$),Entitlement,Database Access Review,Peter Fictum (100254),dc1\msvc_q5k88m1dcb$,Entitlement,"Server: A2PWDREVSQL02, Database: deferredRevenue_2012, DB Role: db_datawriter, Status: Enabled","Server: A2PWDREVSQL02, Database: deferredRevenue_2012, DB Role: db_datawriter, Status: Enabled",Certification Items Revoked By Rachit Tanwar,Open,Peter Fictum (100254),Rachit Tanwar (440439),,
goon_01j1tq5p8ey1vw4r5v2d3wx4cr goon_01j1tq5p8ey1vw4r5v2d3wx4cr (goon_01j1tq5p8ey1vw4r5v2d3wx4cr),Entitlement,Database Access Review,Peter Fictum (100254),goon_01j1tq5p8ey1vw4r5v2d3wx4cr,Entitlement,"Server: P3PWPSQL02, Database: gdInterCompanyReceipt, DB Role: db_datawriter, Status: Enabled","Server: P3PWPSQL02, Database: gdInterCompanyReceipt, DB Role: db_datawriter, Status: Enabled",Certification Items Revoked By Rachit Tanwar,Open,Peter Fictum (100254),Rachit Tanwar (440439),,
FPConfig FPConfig (FPConfig),Entitlement,Database Access Review,Peter Fictum (100254),fpconfig,Entitlement,"Server: A2PWHYDRASQL01, Database: Server Level Permission, DB Role: securityadmin, Status: Enabled","Server: A2PWHYDRASQL01, Database: Server Level Permission, DB Role: securityadmin, Status: Enabled",,Open,Peter Fictum (100254),Peter Fictum (100254),,
Ex9ajxlEd2Rsx4e Ex9ajxlEd2Rsx4e (Ex9ajxlEd2Rsx4e),Entitlement,Database Access Review,Peter Fictum (100254),ex9ajxled2rsx4e,Entitlement,"Server: P3PWDREVSQL01, Database: deferredRevenue_2016, DB Role: db_datawriter, Status: Enabled","Server: P3PWDREVSQL01, Database: deferredRevenue_2016, DB Role: db_datawriter, Status: Enabled",,Open,Peter Fictum (100254),Peter Fictum (100254),,
goon_01j1trtjmdjgs87htfpp485dbs goon_01j1trtjmdjgs87htfpp485dbs (goon_01j1trtjmdjgs87htfpp485dbs),Entitlement,Database Access Review,Peter Fictum (100254),goon_01j1trtjmdjgs87htfpp485dbs,Entitlement,"Server: P3PWPSQL02, Database: SSL, DB Role: db_datawriter, Status: Enabled","Server: P3PWPSQL02, Database: SSL, DB Role: db_datawriter, Status: Enabled",Certification Items Revoked By Rachit Tanwar,Open,Peter Fictum (100254),Rachit Tanwar (440439),,
a8HN9Xm7HY6OWEa a8HN9Xm7HY6OWEa (a8HN9Xm7HY6OWEa),Entitlement,Database Access Review,Peter Fictum (100254),a8hn9xm7hy6owea,Entitlement,"Server: P3PWDREVSQL01, Database: deferredRevenue_2025, DB Role: db_datawriter, Status: Enabled","Server: P3PWDREVSQL01, Database: deferredRevenue_2025, DB Role: db_datawriter, Status: Enabled",,Open,Peter Fictum (100254),Peter Fictum (100254),,
N1_q55F823628CCA4D N1_q55F823628CCA4D (N1_q55F823628CCA4D),Entitlement,Database Access Review,Peter Fictum (100254),n1_q55f823628cca4d,Entitlement,"Server: P3PWDREVSQL01, Database: deferredRevenue_xxxx, DB Role: db_datawriter, Status: Enabled","Server: P3PWDREVSQL01, Database: deferredRevenue_xxxx, DB Role: db_datawriter, Status: Enabled",,Open,Peter Fictum (100254),Peter Fictum (100254),,
a8HN9Xm7HY6OWEa a8HN9Xm7HY6OWEa (a8HN9Xm7HY6OWEa),Entitlement,Database Access Review,Peter Fictum (100254),a8hn9xm7hy6owea,Entitlement,"Server: P3PWDREVSQL01, Database: deferredRevenue_2012, DB Role: db_datawriter, Status: Enabled","Server: P3PWDREVSQL01, Database: deferredRevenue_2012, DB Role: db_datawriter, Status: Enabled",,Open,Peter Fictum (100254),Peter Fictum (100254),,
t41E987C0443D47 t41E987C0443D47 (t41E987C0443D47),Entitlement,Database Access Review,Peter Fictum (100254),t41e987c0443d47,Entitlement,"Server: A2PWPCISQL01, Database: Server Level Permission, DB Role: sysadmin, Status: Enabled","Server: A2PWPCISQL01, Database: Server Level Permission, DB Role: sysadmin, Status: Enabled",,Open,Peter Fictum (100254),Peter Fictum (100254),,
dc1\msvc_q5k88m1dcb$ dc1\msvc_q5k88m1dcb$ (dc1\msvc_q5k88m1dcb$),Entitlement,Database Access Review,Peter Fictum (100254),dc1\msvc_q5k88m1dcb$,Entitlement,"Server: A2PWDREVSQL02, Database: deferredRevenue_2022, DB Role: db_datawriter, Status: Enabled","Server: A2PWDREVSQL02, Database: deferredRevenue_2022, DB Role: db_datawriter, Status: Enabled",Certification Items Revoked By Rachit Tanwar,Open,Peter Fictum (100254),Rachit Tanwar (440439),,
dc1\msvc_q5k88m1dcb$ dc1\msvc_q5k88m1dcb$ (dc1\msvc_q5k88m1dcb$),Entitlement,Database Access Review,Peter Fictum (100254),dc1\msvc_q5k88m1dcb$,Entitlement,"Server: A2PWDREVSQL02, Database: deferredRevenue_2006, DB Role: db_datawriter, Status: Enabled","Server: A2PWDREVSQL02, Database: deferredRevenue_2006, DB Role: db_datawriter, Status: Enabled",Certification Items Revoked By Rachit Tanwar,Open,Peter Fictum (100254),Rachit Tanwar (440439),,
r39EF07C3E73C42 r39EF07C3E73C42 (r39EF07C3E73C42),Entitlement,Database Access Review,Peter Fictum (100254),r39ef07c3e73c42,Entitlement,"Server: P3PWDREVSQL01, Database: deferredRevenue_2020, DB Role: db_datawriter, Status: Enabled","Server: P3PWDREVSQL01, Database: deferredRevenue_2020, DB Role: db_datawriter, Status: Enabled",,Open,Peter Fictum (100254),Peter Fictum (100254),,
DC1\03d051zq1y9A DC1\03d051zq1y9A (DC1\03d051zq1y9A),Entitlement,Database Access Review,Peter Fictum (100254),dc1\03d051zq1y9a,Entitlement,"Server: P3PWPCISQL02, Database: Server Level Permission, DB Role: sysadmin, Status: Enabled","Server: P3PWPCISQL02, Database: Server Level Permission, DB Role: sysadmin, Status: Enabled",,Open,Peter Fictum (100254),Peter Fictum (100254),,
goon_01j1d6ks6wbrawe1gmpcthaqg1 goon_01j1d6ks6wbrawe1gmpcthaqg1 (goon_01j1d6ks6wbrawe1gmpcthaqg1),Entitlement,Database Access Review,Peter Fictum (100254),goon_01j1d6ks6wbrawe1gmpcthaqg1,Entitlement,"Server: A2PWPSQL01, Database: merchantAccounts, DB Role: db_datawriter, Status: Enabled","Server: A2PWPSQL01, Database: merchantAccounts, DB Role: db_datawriter, Status: Enabled",,Open,Peter Fictum (100254),Peter Fictum (100254),,
CHba4ITBZSjR0Aw CHba4ITBZSjR0Aw (CHba4ITBZSjR0Aw),Entitlement,Database Access Review,Peter Fictum (100254),chba4itbzsjr0aw,Entitlement,"Server: P3PWDREVSQL01, Database: deferredRevenue_2025, DB Role: db_datawriter, Status: Enabled","Server: P3PWDREVSQL01, Database: deferredRevenue_2025, DB Role: db_datawriter, Status: Enabled",,Open,Peter Fictum (100254),Peter Fictum (100254),,
goon_01j2ey6gfd49epgn7h92nmsvrv goon_01j2ey6gfd49epgn7h92nmsvrv (goon_01j2ey6gfd49epgn7h92nmsvrv),Entitlement,Database Access Review,Peter Fictum (100254),goon_01j2ey6gfd49epgn7h92nmsvrv,Entitlement,"Server: P3PWPSQL02, Database: gdMasterPromo, DB Role: db_datawriter, Status: Enabled","Server: P3PWPSQL02, Database: gdMasterPromo, DB Role: db_datawriter, Status: Enabled",Certification Items Revoked By Rachit Tanwar,Open,Peter Fictum (100254),Rachit Tanwar (440439),,
Tianyi Guo (441705),Entitlement,Database Access Review,Peter Fictum (100254),dc1\tguo,Entitlement,"Server: A2PWFKSQL01, Database: fortKnox, DB Role: db_datawriter, Status: Enabled, Via AD Group: platapi","Server: A2PWFKSQL01, Database: fortKnox, DB Role: db_datawriter, Status: Enabled, Via AD Group: platapi",Certification Items Revoked By Rachit Tanwar,Finished,Peter Fictum (100254),Rachit Tanwar (440439),"2/23/26, 5:05 PM",
CHba4ITBZSjR0Aw CHba4ITBZSjR0Aw (CHba4ITBZSjR0Aw),Entitlement,Database Access Review,Peter Fictum (100254),chba4itbzsjr0aw,Entitlement,"Server: A2PWDREVSQL02, Database: deferredRevenue_2020, DB Role: db_datawriter, Status: Enabled","Server: A2PWDREVSQL02, Database: deferredRevenue_2020, DB Role: db_datawriter, Status: Enabled",,Open,Peter Fictum (100254),Peter Fictum (100254),,
a8HN9Xm7HY6OWEa a8HN9Xm7HY6OWEa (a8HN9Xm7HY6OWEa),Entitlement,Database Access Review,Peter Fictum (100254),a8hn9xm7hy6owea,Entitlement,"Server: P3PWDREVSQL01, Database: deferredRevenue_2010, DB Role: db_datawriter, Status: Enabled","Server: P3PWDREVSQL01, Database: deferredRevenue_2010, DB Role: db_datawriter, Status: Enabled",,Open,Peter Fictum (100254),Peter Fictum (100254),,
Ex9ajxlEd2Rsx4e Ex9ajxlEd2Rsx4e (Ex9ajxlEd2Rsx4e),Entitlement,Database Access Review,Peter Fictum (100254),ex9ajxled2rsx4e,Entitlement,"Server: P3PWDREVSQL01, Database: deferredRevenue_2018, DB Role: db_datawriter, Status: Enabled","Server: P3PWDREVSQL01, Database: deferredRevenue_2018, DB Role: db_datawriter, Status: Enabled",,Open,Peter Fictum (100254),Peter Fictum (100254),,
goon_01j1tq5p8ey1vw4r5v2d3wx4cr goon_01j1tq5p8ey1vw4r5v2d3wx4cr (goon_01j1tq5p8ey1vw4r5v2d3wx4cr),Entitlement,Database Access Review,Peter Fictum (100254),goon_01j1tq5p8ey1vw4r5v2d3wx4cr,Entitlement,"Server: P3PWPSQL02, Database: godaddyCPL, DB Role: db_datawriter, Status: Enabled","Server: P3PWPSQL02, Database: godaddyCPL, DB Role: db_datawriter, Status: Enabled",Certification Items Revoked By Rachit Tanwar,Open,Peter Fictum (100254),Rachit Tanwar (440439),,
pFCBB8D23DB1343 pFCBB8D23DB1343 (pFCBB8D23DB1343),Entitlement,Database Access Review,Peter Fictum (100254),pfcbb8d23db1343,Entitlement,"Server: P3PWPCISQL02, Database: Server Level Permission, DB Role: sysadmin, Status: Enabled","Server: P3PWPCISQL02, Database: Server Level Permission, DB Role: sysadmin, Status: Enabled",,Open,Peter Fictum (100254),Peter Fictum (100254),,
Jacob Brooks (403672),Entitlement,Database Access Review,Peter Fictum (100254),dc1\jbrooks2,Entitlement,"Server: P3PWPSQL02, Database: GoDaddy, DB Role: db_datawriter, Status: Enabled, Via AD Group: platapi","Server: P3PWPSQL02, Database: GoDaddy, DB Role: db_datawriter, Status: Enabled, Via AD Group: platapi",Certification Items Revoked By Rachit Tanwar,Finished,Peter Fictum (100254),Rachit Tanwar (440439),"2/23/26, 5:05 PM",
CEVYyvR9ZW4ZLi7 CEVYyvR9ZW4ZLi7 (CEVYyvR9ZW4ZLi7),Entitlement,Database Access Review,Peter Fictum (100254),cevyyvr9zw4zli7,Entitlement,"Server: A2PWDREVSQL02, Database: eCommAccounting, DB Role: db_datawriter, Status: Enabled","Server: A2PWDREVSQL02, Database: eCommAccounting, DB Role: db_datawriter, Status: Enabled",,Open,Peter Fictum (100254),Peter Fictum (100254),,
Ex9ajxlEd2Rsx4e Ex9ajxlEd2Rsx4e (Ex9ajxlEd2Rsx4e),Entitlement,Database Access Review,Peter Fictum (100254),ex9ajxled2rsx4e,Entitlement,"Server: A2PWDREVSQL02, Database: deferredRevenue_2012, DB Role: db_datawriter, Status: Enabled","Server: A2PWDREVSQL02, Database: deferredRevenue_2012, DB Role: db_datawriter, Status: Enabled",,Open,Peter Fictum (100254),Peter Fictum (100254),,
dc1\msvc_q5k88m1dcb$ dc1\msvc_q5k88m1dcb$ (dc1\msvc_q5k88m1dcb$),Entitlement,Database Access Review,Peter Fictum (100254),dc1\msvc_q5k88m1dcb$,Entitlement,"Server: A2PWDREVSQL02, Database: deferredRevenue_2025, DB Role: db_datawriter, Status: Enabled","Server: A2PWDREVSQL02, Database: deferredRevenue_2025, DB Role: db_datawriter, Status: Enabled",Certification Items Revoked By Rachit Tanwar,Open,Peter Fictum (100254),Rachit Tanwar (440439),,
N1_q55F823628CCA4D N1_q55F823628CCA4D (N1_q55F823628CCA4D),Entitlement,Database Access Review,Peter Fictum (100254),n1_q55f823628cca4d,Entitlement,"Server: A2PWDREVSQL02, Database: deferredRevenue_2006, DB Role: db_datawriter, Status: Enabled","Server: A2PWDREVSQL02, Database: deferredRevenue_2006, DB Role: db_datawriter, Status: Enabled",,Open,Peter Fictum (100254),Peter Fictum (100254),,
goon_01j1fpanf692rtz7k14a73mdpr goon_01j1fpanf692rtz7k14a73mdpr (goon_01j1fpanf692rtz7k14a73mdpr),Entitlement,Database Access Review,Peter Fictum (100254),goon_01j1fpanf692rtz7k14a73mdpr,Entitlement,"Server: A2PWPSQL01, Database: SSL, DB Role: db_datawriter, Status: Enabled","Server: A2PWPSQL01, Database: SSL, DB Role: db_datawriter, Status: Enabled",Certification Items Revoked By Rachit Tanwar,Open,Peter Fictum (100254),Rachit Tanwar (440439),,
a8HN9Xm7HY6OWEa a8HN9Xm7HY6OWEa (a8HN9Xm7HY6OWEa),Entitlement,Database Access Review,Peter Fictum (100254),a8hn9xm7hy6owea,Entitlement,"Server: P3PWDREVSQL01, Database: deferredRevenue_2022, DB Role: db_datawriter, Status: Enabled","Server: P3PWDREVSQL01, Database: deferredRevenue_2022, DB Role: db_datawriter, Status: Enabled",,Open,Peter Fictum (100254),Peter Fictum (100254),,
dc1\msvc_q5k88m1dcb$ dc1\msvc_q5k88m1dcb$ (dc1\msvc_q5k88m1dcb$),Entitlement,Database Access Review,Peter Fictum (100254),dc1\msvc_q5k88m1dcb$,Entitlement,"Server: P3PWDREVSQL01, Database: deferredRevenue, DB Role: db_datawriter, Status: Enabled","Server: P3PWDREVSQL01, Database: deferredRevenue, DB Role: db_datawriter, Status: Enabled",Certification Items Revoked By Rachit Tanwar,Open,Peter Fictum (100254),Rachit Tanwar (440439),,
Gregory Perschbacher (200307),Entitlement,Database Access Review,Peter Fictum (100254),dc1\gperschbacher,Entitlement,"Server: A2PWPSQL01, Database: godaddyInStoreCredit, DB Role: db_datawriter, Status: Enabled, Via AD Group: Dev-orion App","Server: A2PWPSQL01, Database: godaddyInStoreCredit, DB Role: db_datawriter, Status: Enabled, Via AD Group: Dev-orion App",,Finished,Peter Fictum (100254),Hemanth Kumar Guntupalli (419032),"2/23/26, 5:05 PM",
g499A69A4AB5441 g499A69A4AB5441 (g499A69A4AB5441),Entitlement,Database Access Review,Peter Fictum (100254),g499a69a4ab5441,Entitlement,"Server: A2PWDREVSQL02, Database: deferredRevenue_2010, DB Role: db_owner, Status: Enabled","Server: A2PWDREVSQL02, Database: deferredRevenue_2010, DB Role: db_owner, Status: Enabled",,Open,Peter Fictum (100254),Peter Fictum (100254),,
goon_01j0trmc1cdex2zn5yff2em4d7 goon_01j0trmc1cdex2zn5yff2em4d7 (goon_01j0trmc1cdex2zn5yff2em4d7),Entitlement,Database Access Review,Peter Fictum (100254),goon_01j0trmc1cdex2zn5yff2em4d7,Entitlement,"Server: P3PWPSQL02, Database: gdInterCompanyReceipt, DB Role: db_datawriter, Status: Enabled","Server: P3PWPSQL02, Database: gdInterCompanyReceipt, DB Role: db_datawriter, Status: Enabled",Certification Items Revoked By Rachit Tanwar,Open,Peter Fictum (100254),Rachit Tanwar (440439),,
goon_01j1trt98wnqskxskyq7fek4wd goon_01j1trt98wnqskxskyq7fek4wd (goon_01j1trt98wnqskxskyq7fek4wd),Entitlement,Database Access Review,Peter Fictum (100254),goon_01j1trt98wnqskxskyq7fek4wd,Entitlement,"Server: A2PWPSQL01, Database: gdInterCompanyReceipt, DB Role: db_datawriter, Status: Enabled","Server: A2PWPSQL01, Database: gdInterCompanyReceipt, DB Role: db_datawriter, Status: Enabled",Certification Items Revoked By Rachit Tanwar,Open,Peter Fictum (100254),Rachit Tanwar (440439),,
g499A69A4AB5441 g499A69A4AB5441 (g499A69A4AB5441),Entitlement,Database Access Review,Peter Fictum (100254),g499a69a4ab5441,Entitlement,"Server: P3PWDREVSQL01, Database: deferredRevenue_2022, DB Role: db_owner, Status: Enabled","Server: P3PWDREVSQL01, Database: deferredRevenue_2022, DB Role: db_owner, Status: Enabled",,Open,Peter Fictum (100254),Peter Fictum (100254),,
g499A69A4AB5441 g499A69A4AB5441 (g499A69A4AB5441),Entitlement,Database Access Review,Peter Fictum (100254),g499a69a4ab5441,Entitlement,"Server: P3PWDREVSQL01, Database: deferredRevenue_2017, DB Role: db_owner, Status: Enabled","Server: P3PWDREVSQL01, Database: deferredRevenue_2017, DB Role: db_owner, Status: Enabled",,Open,Peter Fictum (100254),Peter Fictum (100254),,
N1_q55F823628CCA4D N1_q55F823628CCA4D (N1_q55F823628CCA4D),Entitlement,Database Access Review,Peter Fictum (100254),n1_q55f823628cca4d,Entitlement,"Server: A2PWDREVSQL02, Database: deferredRevenue_2008, DB Role: db_datawriter, Status: Enabled","Server: A2PWDREVSQL02, Database: deferredRevenue_2008, DB Role: db_datawriter, Status: Enabled",,Open,Peter Fictum (100254),Peter Fictum (100254),,
dc1\msvc_q5k88m1dcb$ dc1\msvc_q5k88m1dcb$ (dc1\msvc_q5k88m1dcb$),Entitlement,Database Access Review,Peter Fictum (100254),dc1\msvc_q5k88m1dcb$,Entitlement,"Server: A2PWDREVSQL02, Database: deferredRevenue_2011, DB Role: db_datawriter, Status: Enabled","Server: A2PWDREVSQL02, Database: deferredRevenue_2011, DB Role: db_datawriter, Status: Enabled",Certification Items Revoked By Rachit Tanwar,Open,Peter Fictum (100254),Rachit Tanwar (440439),,
zUhGaLALsd8xs67a zUhGaLALsd8xs67a (zUhGaLALsd8xs67a),Entitlement,Database Access Review,Peter Fictum (100254),zuhgalalsd8xs67a,Entitlement,"Server: P3PWACTSQL03, Database: gdMasterCatalog, DB Role: db_owner, Status: Enabled","Server: P3PWACTSQL03, Database: gdMasterCatalog, DB Role: db_owner, Status: Enabled",,Finished,Peter Fictum (100254),Peter Fictum (100254),"2/27/26, 9:03 PM",
N1_q55F823628CCA4D N1_q55F823628CCA4D (N1_q55F823628CCA4D),Entitlement,Database Access Review,Peter Fictum (100254),n1_q55f823628cca4d,Entitlement,"Server: A2PWDREVSQL02, Database: deferredRevenue_2007, DB Role: db_datawriter, Status: Enabled","Server: A2PWDREVSQL02, Database: deferredRevenue_2007, DB Role: db_datawriter, Status: Enabled",,Open,Peter Fictum (100254),Peter Fictum (100254),,
CHba4ITBZSjR0Aw CHba4ITBZSjR0Aw (CHba4ITBZSjR0Aw),Entitlement,Database Access Review,Peter Fictum (100254),chba4itbzsjr0aw,Entitlement,"Server: A2PWDREVSQL02, Database: deferredRevenue_2006, DB Role: db_datawriter, Status: Enabled","Server: A2PWDREVSQL02, Database: deferredRevenue_2006, DB Role: db_datawriter, Status: Enabled",,Open,Peter Fictum (100254),Peter Fictum (100254),,
Qiong Wu (412584),Entitlement,Database Access Review,Peter Fictum (100254),dc1\qwu,Entitlement,"Server: A2PWDREVSQL02, Database: gdMasterCatalog, DB Role: db_owner, Status: Enabled","Server: A2PWDREVSQL02, Database: gdMasterCatalog, DB Role: db_owner, Status: Enabled",,Open,Peter Fictum (100254),Bryan Focht (202136),,
Ex9ajxlEd2Rsx4e Ex9ajxlEd2Rsx4e (Ex9ajxlEd2Rsx4e),Entitlement,Database Access Review,Peter Fictum (100254),ex9ajxled2rsx4e,Entitlement,"Server: A2PWDREVSQL02, Database: deferredRevenue_2005, DB Role: db_datawriter, Status: Enabled","Server: A2PWDREVSQL02, Database: deferredRevenue_2005, DB Role: db_datawriter, Status: Enabled",,Open,Peter Fictum (100254),Peter Fictum (100254),,
goon_01j2ey6gfd49epgn7h92nmsvrv goon_01j2ey6gfd49epgn7h92nmsvrv (goon_01j2ey6gfd49epgn7h92nmsvrv),Entitlement,Database Access Review,Peter Fictum (100254),goon_01j2ey6gfd49epgn7h92nmsvrv,Entitlement,"Server: A2PWPSQL01, Database: gdInterCompanyReceipt, DB Role: db_datawriter, Status: Enabled","Server: A2PWPSQL01, Database: gdInterCompanyReceipt, DB Role: db_datawriter, Status: Enabled",Certification Items Revoked By Rachit Tanwar,Open,Peter Fictum (100254),Rachit Tanwar (440439),,
Tianyi Guo (441705),Entitlement,Database Access Review,Peter Fictum (100254),dc1\tguo,Entitlement,"Server: A2PWPSQL01, Database: GoDaddy, DB Role: db_datawriter, Status: Enabled, Via AD Group: platapi","Server: A2PWPSQL01, Database: GoDaddy, DB Role: db_datawriter, Status: Enabled, Via AD Group: platapi",Certification Items Revoked By Rachit Tanwar,Finished,Peter Fictum (100254),Rachit Tanwar (440439),"2/23/26, 5:05 PM",
Vera Oshyna (427789),Entitlement,Database Access Review,Peter Fictum (100254),dc1\voshyna,Entitlement,"Server: P3PWPSQL02, Database: godaddyCPL, DB Role: db_owner, Status: Enabled","Server: P3PWPSQL02, Database: godaddyCPL, DB Role: db_owner, Status: Enabled",,Finished,Peter Fictum (100254),Hemanth Kumar Guntupalli (419032),"2/19/26, 12:06 AM",
N2_e378D42D623B049 N2_e378D42D623B049 (N2_e378D42D623B049),Entitlement,Database Access Review,Peter Fictum (100254),n2_e378d42d623b049,Entitlement,"Server: P3PWDREVSQL01, Database: eCommAccounting, DB Role: db_datawriter, Status: Enabled","Server: P3PWDREVSQL01, Database: eCommAccounting, DB Role: db_datawriter, Status: Enabled",,Open,Peter Fictum (100254),Peter Fictum (100254),,
dc1\msvc_q5k88m1dcb$ dc1\msvc_q5k88m1dcb$ (dc1\msvc_q5k88m1dcb$),Entitlement,Database Access Review,Peter Fictum (100254),dc1\msvc_q5k88m1dcb$,Entitlement,"Server: A2PWDREVSQL02, Database: deferredRevenue_2010, DB Role: db_datawriter, Status: Enabled","Server: A2PWDREVSQL02, Database: deferredRevenue_2010, DB Role: db_datawriter, Status: Enabled",Certification Items Revoked By Rachit Tanwar,Open,Peter Fictum (100254),Rachit Tanwar (440439),,
goon_01j0v4sm3snbfdmfxsqcntkpnm goon_01j0v4sm3snbfdmfxsqcntkpnm (goon_01j0v4sm3snbfdmfxsqcntkpnm),Entitlement,Database Access Review,Peter Fictum (100254),goon_01j0v4sm3snbfdmfxsqcntkpnm,Entitlement,"Server: P3PWPSQL02, Database: gdInterCompanyReceipt, DB Role: db_datawriter, Status: Enabled","Server: P3PWPSQL02, Database: gdInterCompanyReceipt, DB Role: db_datawriter, Status: Enabled",,Open,Peter Fictum (100254),Nandakumar Babu (208300),,
